Traceback (most recent call last):
  File "interactWithCSVPMTDAQ.py", line 39, in <module>
    copyCommand(oldpath, newpath) 
  File "interactWithCSVPMTDAQ.py", line 18, in copyCommand
    os.mkdir(dirpath)
FileNotFoundError: [Errno 2] No such file or directory: '/gpfs/slac/staas/fs1/supercdms/data/CDMS/Animal/R70/Raw/27190703_191757'
Traceback (most recent call last):
  File "interactWithCSVPMTDAQ.py", line 38, in <module>
    copyCommand(oldpath, newpath) 
  File "interactWithCSVPMTDAQ.py", line 18, in copyCommand
    os.mkdir(dirpath)
FileNotFoundError: [Errno 2] No such file or directory: '/gpfs/slac/staas/fs1/supercdms/data/CDMS/Animal/R70/Raw/27190703_191757'
Traceback (most recent call last):
  File "interactWithCSVPMTDAQ.py", line 38, in <module>
    copyCommand(oldpath, newpath) 
  File "interactWithCSVPMTDAQ.py", line 18, in copyCommand
    os.mkdir(dirpath)
FileNotFoundError: [Errno 2] No such file or directory: '/gpfs/slac/staas/fs1/supercdms/data/CDMS/Animal/R70/Raw/27190703_191757'
/gpfs/slac/staas/fs1/supercdms/data/CDMS/ANIMAL/R70/Raw/27190703_191757/PMT_27190703_191757_76.root copied
/gpfs/slac/staas/fs1/supercdms/data/CDMS/ANIMAL/R70/Raw/27190703_133501/PMT_27190703_133501_72.root copied
/gpfs/slac/staas/fs1/supercdms/data/CDMS/ANIMAL/R70/Raw/27190703_181714/PMT_27190703_181714_64.root copied
/gpfs/slac/staas/fs1/supercdms/data/CDMS/ANIMAL/R70/Raw/27190703_201840/PMT_27190703_201840_11.root copied
/gpfs/slac/staas/fs1/supercdms/data/CDMS/ANIMAL/R70/Raw/27190703_145242/PMT_27190703_145242_17.root copied
/gpfs/slac/staas/fs1/supercdms/data/CDMS/ANIMAL/R70/Raw/27190703_145242/PMT_27190703_145242_19.root copied
/gpfs/slac/staas/fs1/supercdms/data/CDMS/ANIMAL/R70/Raw/27190703_161356/PMT_27190703_161356_57.root copied
/gpfs/slac/staas/fs1/supercdms/data/CDMS/ANIMAL/R70/Raw/27190703_133501/PMT_27190703_133501_9.root copied
/gpfs/slac/staas/fs1/supercdms/data/CDMS/ANIMAL/R70/Raw/27190703_181714/PMT_27190703_181714_32.root copied
/gpfs/slac/staas/fs1/supercdms/data/CDMS/ANIMAL/R70/Raw/27190703_191757/PMT_27190703_191757_51.root copied
/gpfs/slac/staas/fs1/supercdms/data/CDMS/ANIMAL/R70/Raw/27190703_161356/PMT_27190703_161356_81.root copied
/gpfs/slac/staas/fs1/supercdms/data/CDMS/ANIMAL/R70/Raw/27190703_191757/PMT_27190703_191757_30.root copied
/gpfs/slac/staas/fs1/supercdms/data/CDMS/ANIMAL/R70/Raw/27190703_201840/PMT_27190703_201840_64.root copied
/gpfs/slac/staas/fs1/supercdms/data/CDMS/ANIMAL/R70/Raw/27190703_171512/PMT_27190703_171512_38.root copied
/gpfs/slac/staas/fs1/supercdms/data/CDMS/ANIMAL/R70/Raw/27190703_191757/PMT_27190703_191757_52.root copied
/gpfs/slac/staas/fs1/supercdms/data/CDMS/ANIMAL/R70/Raw/27190703_121403/PMT_27190703_121403_75.root copied
/gpfs/slac/staas/fs1/supercdms/data/CDMS/ANIMAL/R70/Raw/27190703_161356/PMT_27190703_161356_46.root copied
/gpfs/slac/staas/fs1/supercdms/data/CDMS/ANIMAL/R70/Raw/27190703_145242/PMT_27190703_145242_7.root copied
/gpfs/slac/staas/fs1/supercdms/data/CDMS/ANIMAL/R70/Raw/27190703_150930/PMT_27190703_150930_50.root copied
/gpfs/slac/staas/fs1/supercdms/data/CDMS/ANIMAL/R70/Raw/27190703_191757/PMT_27190703_191757_2.root copied
/gpfs/slac/staas/fs1/supercdms/data/CDMS/ANIMAL/R70/Raw/27190703_171512/PMT_27190703_171512_43.root copied
/gpfs/slac/staas/fs1/supercdms/data/CDMS/ANIMAL/R70/Raw/27190703_133501/PMT_27190703_133501_42.root copied
/gpfs/slac/staas/fs1/supercdms/data/CDMS/ANIMAL/R70/Raw/27190703_201840/PMT_27190703_201840_25.root copied
/gpfs/slac/staas/fs1/supercdms/data/CDMS/ANIMAL/R70/Raw/27190703_133501/PMT_27190703_133501_24.root copied
/gpfs/slac/staas/fs1/supercdms/data/CDMS/ANIMAL/R70/Raw/27190703_133501/PMT_27190703_133501_46.root copied
/gpfs/slac/staas/fs1/supercdms/data/CDMS/ANIMAL/R70/Raw/27190703_150930/PMT_27190703_150930_51.root copied
/gpfs/slac/staas/fs1/supercdms/data/CDMS/ANIMAL/R70/Raw/27190703_171512/PMT_27190703_171512_15.root copied
/gpfs/slac/staas/fs1/supercdms/data/CDMS/ANIMAL/R70/Raw/27190703_191757/PMT_27190703_191757_12.root copied
/gpfs/slac/staas/fs1/supercdms/data/CDMS/ANIMAL/R70/Raw/27190703_171512/PMT_27190703_171512_82.root copied
/gpfs/slac/staas/fs1/supercdms/data/CDMS/ANIMAL/R70/Raw/27190703_191757/PMT_27190703_191757_3.root copied
/gpfs/slac/staas/fs1/supercdms/data/CDMS/ANIMAL/R70/Raw/27190703_181714/PMT_27190703_181714_63.root copied
/gpfs/slac/staas/fs1/supercdms/data/CDMS/ANIMAL/R70/Raw/27190703_181714/PMT_27190703_181714_77.root copied
/gpfs/slac/staas/fs1/supercdms/data/CDMS/ANIMAL/R70/Raw/27190703_150930/PMT_27190703_150930_79.root copied
/gpfs/slac/staas/fs1/supercdms/data/CDMS/ANIMAL/R70/Raw/27190703_121403/PMT_27190703_121403_6.root copied
/gpfs/slac/staas/fs1/supercdms/data/CDMS/ANIMAL/R70/Raw/27190703_171512/PMT_27190703_171512_67.root copied
/gpfs/slac/staas/fs1/supercdms/data/CDMS/ANIMAL/R70/Raw/27190703_121403/PMT_27190703_121403_52.root copied
/gpfs/slac/staas/fs1/supercdms/data/CDMS/ANIMAL/R70/Raw/27190703_181714/PMT_27190703_181714_84.root copied
/gpfs/slac/staas/fs1/supercdms/data/CDMS/ANIMAL/R70/Raw/27190703_161356/PMT_27190703_161356_6.root copied
/gpfs/slac/staas/fs1/supercdms/data/CDMS/ANIMAL/R70/Raw/27190703_181714/PMT_27190703_181714_54.root copied
/gpfs/slac/staas/fs1/supercdms/data/CDMS/ANIMAL/R70/Raw/27190703_201840/PMT_27190703_201840_54.root copied
/gpfs/slac/staas/fs1/supercdms/data/CDMS/ANIMAL/R70/Raw/27190703_181714/PMT_27190703_181714_2.root copied
/gpfs/slac/staas/fs1/supercdms/data/CDMS/ANIMAL/R70/Raw/27190703_133501/PMT_27190703_133501_50.root copied
/gpfs/slac/staas/fs1/supercdms/data/CDMS/ANIMAL/R70/Raw/27190703_150930/PMT_27190703_150930_80.root copied
/gpfs/slac/staas/fs1/supercdms/data/CDMS/ANIMAL/R70/Raw/27190703_150930/PMT_27190703_150930_26.root copied
/gpfs/slac/staas/fs1/supercdms/data/CDMS/ANIMAL/R70/Raw/27190703_181714/PMT_27190703_181714-conf.root copied
/gpfs/slac/staas/fs1/supercdms/data/CDMS/ANIMAL/R70/Raw/27190703_150930/PMT_27190703_150930_10.root copied
/gpfs/slac/staas/fs1/supercdms/data/CDMS/ANIMAL/R70/Raw/27190703_201840/PMT_27190703_201840_6.root copied
/gpfs/slac/staas/fs1/supercdms/data/CDMS/ANIMAL/R70/Raw/27190703_191757/PMT_27190703_191757_16.root copied
/gpfs/slac/staas/fs1/supercdms/data/CDMS/ANIMAL/R70/Raw/27190703_201840/PMT_27190703_201840_39.root copied
/gpfs/slac/staas/fs1/supercdms/data/CDMS/ANIMAL/R70/Raw/27190703_201840/PMT_27190703_201840_43.root copied
/gpfs/slac/staas/fs1/supercdms/data/CDMS/ANIMAL/R70/Raw/27190703_133501/PMT_27190703_133501_20.root copied
/gpfs/slac/staas/fs1/supercdms/data/CDMS/ANIMAL/R70/Raw/27190703_181714/PMT_27190703_181714_65.root copied
/gpfs/slac/staas/fs1/supercdms/data/CDMS/ANIMAL/R70/Raw/27190703_181714/PMT_27190703_181714_14.root copied
/gpfs/slac/staas/fs1/supercdms/data/CDMS/ANIMAL/R70/Raw/27190703_201840/PMT_27190703_201840_46.root copied
/gpfs/slac/staas/fs1/supercdms/data/CDMS/ANIMAL/R70/Raw/27190703_161356/PMT_27190703_161356_2.root copied
/gpfs/slac/staas/fs1/supercdms/data/CDMS/ANIMAL/R70/Raw/27190703_161356/PMT_27190703_161356_67.root copied
/gpfs/slac/staas/fs1/supercdms/data/CDMS/ANIMAL/R70/Raw/27190703_201840/PMT_27190703_201840_72.root copied
/gpfs/slac/staas/fs1/supercdms/data/CDMS/ANIMAL/R70/Raw/27190703_133501/PMT_27190703_133501_48.root copied
/gpfs/slac/staas/fs1/supercdms/data/CDMS/ANIMAL/R70/Raw/27190703_145242/PMT_27190703_145242_20.root copied
/gpfs/slac/staas/fs1/supercdms/data/CDMS/ANIMAL/R70/Raw/27190703_145242/PMT_27190703_145242_15.root copied
/gpfs/slac/staas/fs1/supercdms/data/CDMS/ANIMAL/R70/Raw/27190703_150930/PMT_27190703_150930_27.root copied
/gpfs/slac/staas/fs1/supercdms/data/CDMS/ANIMAL/R70/Raw/27190703_133501/PMT_27190703_133501_82.root copied
/gpfs/slac/staas/fs1/supercdms/data/CDMS/ANIMAL/R70/Raw/27190703_201840/PMT_27190703_201840_33.root copied
/gpfs/slac/staas/fs1/supercdms/data/CDMS/ANIMAL/R70/Raw/27190703_191757/PMT_27190703_191757_78.root copied
/gpfs/slac/staas/fs1/supercdms/data/CDMS/ANIMAL/R70/Raw/27190703_150930/PMT_27190703_150930_30.root copied
/gpfs/slac/staas/fs1/supercdms/data/CDMS/ANIMAL/R70/Raw/27190703_181714/PMT_27190703_181714_16.root copied
/gpfs/slac/staas/fs1/supercdms/data/CDMS/ANIMAL/R70/Raw/27190703_191757/PMT_27190703_191757_34.root copied
/gpfs/slac/staas/fs1/supercdms/data/CDMS/ANIMAL/R70/Raw/27190703_161356/PMT_27190703_161356_3.root copied
/gpfs/slac/staas/fs1/supercdms/data/CDMS/ANIMAL/R70/Raw/27190703_121403/PMT_27190703_121403_83.root copied
/gpfs/slac/staas/fs1/supercdms/data/CDMS/ANIMAL/R70/Raw/27190703_181714/PMT_27190703_181714_21.root copied
/gpfs/slac/staas/fs1/supercdms/data/CDMS/ANIMAL/R70/Raw/27190703_181714/PMT_27190703_181714_15.root copied
/gpfs/slac/staas/fs1/supercdms/data/CDMS/ANIMAL/R70/Raw/27190703_150930/PMT_27190703_150930_33.root copied
/gpfs/slac/staas/fs1/supercdms/data/CDMS/ANIMAL/R70/Raw/27190703_133501/PMT_27190703_133501_62.root copied
/gpfs/slac/staas/fs1/supercdms/data/CDMS/ANIMAL/R70/Raw/27190703_133501/PMT_27190703_133501_40.root copied
/gpfs/slac/staas/fs1/supercdms/data/CDMS/ANIMAL/R70/Raw/27190703_145242/PMT_27190703_145242_3.root copied
/gpfs/slac/staas/fs1/supercdms/data/CDMS/ANIMAL/R70/Raw/27190703_121403/PMT_27190703_121403_31.root copied
/gpfs/slac/staas/fs1/supercdms/data/CDMS/ANIMAL/R70/Raw/27190703_161356/PMT_27190703_161356_73.root copied
/gpfs/slac/staas/fs1/supercdms/data/CDMS/ANIMAL/R70/Raw/27190703_161356/PMT_27190703_161356_75.root copied
/gpfs/slac/staas/fs1/supercdms/data/CDMS/ANIMAL/R70/Raw/27190703_150930/PMT_27190703_150930_17.root copied
/gpfs/slac/staas/fs1/supercdms/data/CDMS/ANIMAL/R70/Raw/27190703_121403/PMT_27190703_121403_24.root copied
/gpfs/slac/staas/fs1/supercdms/data/CDMS/ANIMAL/R70/Raw/27190703_191757/PMT_27190703_191757_81.root copied
/gpfs/slac/staas/fs1/supercdms/data/CDMS/ANIMAL/R70/Raw/27190703_201840/PMT_27190703_201840_60.root copied
/gpfs/slac/staas/fs1/supercdms/data/CDMS/ANIMAL/R70/Raw/27190703_201840/PMT_27190703_201840_35.root copied
/gpfs/slac/staas/fs1/supercdms/data/CDMS/ANIMAL/R70/Raw/27190703_150930/PMT_27190703_150930_76.root copied
/gpfs/slac/staas/fs1/supercdms/data/CDMS/ANIMAL/R70/Raw/27190703_171512/PMT_27190703_171512_58.root copied
/gpfs/slac/staas/fs1/supercdms/data/CDMS/ANIMAL/R70/Raw/27190703_191757/PMT_27190703_191757_79.root copied
/gpfs/slac/staas/fs1/supercdms/data/CDMS/ANIMAL/R70/Raw/27190703_121403/PMT_27190703_121403_77.root copied
/gpfs/slac/staas/fs1/supercdms/data/CDMS/ANIMAL/R70/Raw/27190703_150930/PMT_27190703_150930_72.root copied
/gpfs/slac/staas/fs1/supercdms/data/CDMS/ANIMAL/R70/Raw/27190703_181714/PMT_27190703_181714_35.root copied
/gpfs/slac/staas/fs1/supercdms/data/CDMS/ANIMAL/R70/Raw/27190703_121403/PMT_27190703_121403_70.root copied
/gpfs/slac/staas/fs1/supercdms/data/CDMS/ANIMAL/R70/Raw/27190703_201840/PMT_27190703_201840_4.root copied
/gpfs/slac/staas/fs1/supercdms/data/CDMS/ANIMAL/R70/Raw/27190703_161356/PMT_27190703_161356_50.root copied
/gpfs/slac/staas/fs1/supercdms/data/CDMS/ANIMAL/R70/Raw/27190703_201840/PMT_27190703_201840_76.root copied
/gpfs/slac/staas/fs1/supercdms/data/CDMS/ANIMAL/R70/Raw/27190703_161356/PMT_27190703_161356_36.root copied
/gpfs/slac/staas/fs1/supercdms/data/CDMS/ANIMAL/R70/Raw/27190703_161356/PMT_27190703_161356_40.root copied
/gpfs/slac/staas/fs1/supercdms/data/CDMS/ANIMAL/R70/Raw/27190703_121403/PMT_27190703_121403_85.root copied
/gpfs/slac/staas/fs1/supercdms/data/CDMS/ANIMAL/R70/Raw/27190703_171512/PMT_27190703_171512_79.root copied
/gpfs/slac/staas/fs1/supercdms/data/CDMS/ANIMAL/R70/Raw/27190703_133501/PMT_27190703_133501_17.root copied
/gpfs/slac/staas/fs1/supercdms/data/CDMS/ANIMAL/R70/Raw/27190703_121403/PMT_27190703_121403_2.root copied
/gpfs/slac/staas/fs1/supercdms/data/CDMS/ANIMAL/R70/Raw/27190703_133501/PMT_27190703_133501_23.root copied
/gpfs/slac/staas/fs1/supercdms/data/CDMS/ANIMAL/R70/Raw/27190703_201840/PMT_27190703_201840_58.root copied
/gpfs/slac/staas/fs1/supercdms/data/CDMS/ANIMAL/R70/Raw/27190703_201840/PMT_27190703_201840_67.root copied
/gpfs/slac/staas/fs1/supercdms/data/CDMS/ANIMAL/R70/Raw/27190703_181714/PMT_27190703_181714_71.root copied
/gpfs/slac/staas/fs1/supercdms/data/CDMS/ANIMAL/R70/Raw/27190703_120013/PMT_27190703_120013-conf.root copied
/gpfs/slac/staas/fs1/supercdms/data/CDMS/ANIMAL/R70/Raw/27190703_201840/PMT_27190703_201840_36.root copied
/gpfs/slac/staas/fs1/supercdms/data/CDMS/ANIMAL/R70/Raw/27190703_201840/PMT_27190703_201840_75.root copied
/gpfs/slac/staas/fs1/supercdms/data/CDMS/ANIMAL/R70/Raw/27190703_181714/PMT_27190703_181714_3.root copied
/gpfs/slac/staas/fs1/supercdms/data/CDMS/ANIMAL/R70/Raw/27190703_181714/PMT_27190703_181714_78.root copied
/gpfs/slac/staas/fs1/supercdms/data/CDMS/ANIMAL/R70/Raw/27190703_133501/PMT_27190703_133501_66.root copied
/gpfs/slac/staas/fs1/supercdms/data/CDMS/ANIMAL/R70/Raw/27190703_150930/PMT_27190703_150930_46.root copied
/gpfs/slac/staas/fs1/supercdms/data/CDMS/ANIMAL/R70/Raw/27190703_114332/PMT_27190703_114332-conf.root copied
/gpfs/slac/staas/fs1/supercdms/data/CDMS/ANIMAL/R70/Raw/27190703_133501/PMT_27190703_133501_68.root copied
/gpfs/slac/staas/fs1/supercdms/data/CDMS/ANIMAL/R70/Raw/27190703_191757/PMT_27190703_191757_39.root copied
/gpfs/slac/staas/fs1/supercdms/data/CDMS/ANIMAL/R70/Raw/27190703_191757/PMT_27190703_191757_68.root copied
/gpfs/slac/staas/fs1/supercdms/data/CDMS/ANIMAL/R70/Raw/27190703_181714/PMT_27190703_181714_74.root copied
/gpfs/slac/staas/fs1/supercdms/data/CDMS/ANIMAL/R70/Raw/27190703_201840/PMT_27190703_201840_82.root copied
/gpfs/slac/staas/fs1/supercdms/data/CDMS/ANIMAL/R70/Raw/27190703_150930/PMT_27190703_150930_36.root copied
/gpfs/slac/staas/fs1/supercdms/data/CDMS/ANIMAL/R70/Raw/27190703_171512/PMT_27190703_171512_61.root copied
/gpfs/slac/staas/fs1/supercdms/data/CDMS/ANIMAL/R70/Raw/27190703_161356/PMT_27190703_161356_16.root copied
/gpfs/slac/staas/fs1/supercdms/data/CDMS/ANIMAL/R70/Raw/27190703_161356/PMT_27190703_161356_14.root copied
/gpfs/slac/staas/fs1/supercdms/data/CDMS/ANIMAL/R70/Raw/27190703_150930/PMT_27190703_150930_63.root copied
/gpfs/slac/staas/fs1/supercdms/data/CDMS/ANIMAL/R70/Raw/27190703_181714/PMT_27190703_181714_23.root copied
/gpfs/slac/staas/fs1/supercdms/data/CDMS/ANIMAL/R70/Raw/27190703_150930/PMT_27190703_150930_47.root copied
/gpfs/slac/staas/fs1/supercdms/data/CDMS/ANIMAL/R70/Raw/27190703_133501/PMT_27190703_133501_79.root copied
/gpfs/slac/staas/fs1/supercdms/data/CDMS/ANIMAL/R70/Raw/27190703_150930/PMT_27190703_150930_77.root copied
/gpfs/slac/staas/fs1/supercdms/data/CDMS/ANIMAL/R70/Raw/27190703_133501/PMT_27190703_133501_16.root copied
/gpfs/slac/staas/fs1/supercdms/data/CDMS/ANIMAL/R70/Raw/27190703_191757/PMT_27190703_191757_22.root copied
/gpfs/slac/staas/fs1/supercdms/data/CDMS/ANIMAL/R70/Raw/27190703_201840/PMT_27190703_201840_47.root copied
/gpfs/slac/staas/fs1/supercdms/data/CDMS/ANIMAL/R70/Raw/27190703_145242/PMT_27190703_145242_13.root copied
/gpfs/slac/staas/fs1/supercdms/data/CDMS/ANIMAL/R70/Raw/27190703_201840/PMT_27190703_201840_81.root copied
/gpfs/slac/staas/fs1/supercdms/data/CDMS/ANIMAL/R70/Raw/27190703_161356/PMT_27190703_161356_22.root copied
/gpfs/slac/staas/fs1/supercdms/data/CDMS/ANIMAL/R70/Raw/27190703_121403/PMT_27190703_121403_39.root copied
/gpfs/slac/staas/fs1/supercdms/data/CDMS/ANIMAL/R70/Raw/27190703_201840/PMT_27190703_201840_13.root copied
/gpfs/slac/staas/fs1/supercdms/data/CDMS/ANIMAL/R70/Raw/27190703_171512/PMT_27190703_171512_44.root copied
/gpfs/slac/staas/fs1/supercdms/data/CDMS/ANIMAL/R70/Raw/27190703_145242/PMT_27190703_145242_8.root copied
/gpfs/slac/staas/fs1/supercdms/data/CDMS/ANIMAL/R70/Raw/27190703_150930/PMT_27190703_150930_83.root copied
/gpfs/slac/staas/fs1/supercdms/data/CDMS/ANIMAL/R70/Raw/27190703_181714/PMT_27190703_181714_73.root copied
/gpfs/slac/staas/fs1/supercdms/data/CDMS/ANIMAL/R70/Raw/27190703_181714/PMT_27190703_181714_51.root copied
/gpfs/slac/staas/fs1/supercdms/data/CDMS/ANIMAL/R70/Raw/27190703_171512/PMT_27190703_171512_4.root copied
/gpfs/slac/staas/fs1/supercdms/data/CDMS/ANIMAL/R70/Raw/27190703_181714/PMT_27190703_181714_80.root copied
/gpfs/slac/staas/fs1/supercdms/data/CDMS/ANIMAL/R70/Raw/27190703_181714/PMT_27190703_181714_7.root copied
/gpfs/slac/staas/fs1/supercdms/data/CDMS/ANIMAL/R70/Raw/27190703_201840/PMT_27190703_201840_29.root copied
/gpfs/slac/staas/fs1/supercdms/data/CDMS/ANIMAL/R70/Raw/27190703_181714/PMT_27190703_181714_58.root copied
/gpfs/slac/staas/fs1/supercdms/data/CDMS/ANIMAL/R70/Raw/27190703_181714/PMT_27190703_181714_24.root copied
/gpfs/slac/staas/fs1/supercdms/data/CDMS/ANIMAL/R70/Raw/27190703_171512/PMT_27190703_171512_8.root copied
/gpfs/slac/staas/fs1/supercdms/data/CDMS/ANIMAL/R70/Raw/27190703_181714/PMT_27190703_181714_11.root copied
/gpfs/slac/staas/fs1/supercdms/data/CDMS/ANIMAL/R70/Raw/27190703_161356/PMT_27190703_161356_28.root copied
/gpfs/slac/staas/fs1/supercdms/data/CDMS/ANIMAL/R70/Raw/27190703_150930/PMT_27190703_150930_5.root copied
/gpfs/slac/staas/fs1/supercdms/data/CDMS/ANIMAL/R70/Raw/27190703_133501/PMT_27190703_133501_44.root copied
/gpfs/slac/staas/fs1/supercdms/data/CDMS/ANIMAL/R70/Raw/27190703_150930/PMT_27190703_150930_74.root copied
/gpfs/slac/staas/fs1/supercdms/data/CDMS/ANIMAL/R70/Raw/27190703_121403/PMT_27190703_121403_44.root copied
/gpfs/slac/staas/fs1/supercdms/data/CDMS/ANIMAL/R70/Raw/27190703_181714/PMT_27190703_181714_9.root copied
/gpfs/slac/staas/fs1/supercdms/data/CDMS/ANIMAL/R70/Raw/27190703_133501/PMT_27190703_133501_30.root copied
/gpfs/slac/staas/fs1/supercdms/data/CDMS/ANIMAL/R70/Raw/27190703_171512/PMT_27190703_171512_84.root copied
/gpfs/slac/staas/fs1/supercdms/data/CDMS/ANIMAL/R70/Raw/27190703_181714/PMT_27190703_181714_5.root copied
/gpfs/slac/staas/fs1/supercdms/data/CDMS/ANIMAL/R70/Raw/27190703_121403/PMT_27190703_121403_14.root copied
/gpfs/slac/staas/fs1/supercdms/data/CDMS/ANIMAL/R70/Raw/27190703_181714/PMT_27190703_181714_33.root copied
/gpfs/slac/staas/fs1/supercdms/data/CDMS/ANIMAL/R70/Raw/27190703_171512/PMT_27190703_171512_60.root copied
/gpfs/slac/staas/fs1/supercdms/data/CDMS/ANIMAL/R70/Raw/27190703_104236/PMT_27190703_104236-conf.root copied
/gpfs/slac/staas/fs1/supercdms/data/CDMS/ANIMAL/R70/Raw/27190703_161356/PMT_27190703_161356_66.root copied
/gpfs/slac/staas/fs1/supercdms/data/CDMS/ANIMAL/R70/Raw/27190703_201840/PMT_27190703_201840_12.root copied
/gpfs/slac/staas/fs1/supercdms/data/CDMS/ANIMAL/R70/Raw/27190703_150930/PMT_27190703_150930_59.root copied
/gpfs/slac/staas/fs1/supercdms/data/CDMS/ANIMAL/R70/Raw/27190703_150930/PMT_27190703_150930_9.root copied
/gpfs/slac/staas/fs1/supercdms/data/CDMS/ANIMAL/R70/Raw/27190703_133501/PMT_27190703_133501_85.root copied
/gpfs/slac/staas/fs1/supercdms/data/CDMS/ANIMAL/R70/Raw/27190703_171512/PMT_27190703_171512_31.root copied
/gpfs/slac/staas/fs1/supercdms/data/CDMS/ANIMAL/R70/Raw/27190703_191757/PMT_27190703_191757_33.root copied
/gpfs/slac/staas/fs1/supercdms/data/CDMS/ANIMAL/R70/Raw/27190703_121403/PMT_27190703_121403_20.root copied
/gpfs/slac/staas/fs1/supercdms/data/CDMS/ANIMAL/R70/Raw/27190703_181714/PMT_27190703_181714_22.root copied
/gpfs/slac/staas/fs1/supercdms/data/CDMS/ANIMAL/R70/Raw/27190703_121403/PMT_27190703_121403_17.root copied
/gpfs/slac/staas/fs1/supercdms/data/CDMS/ANIMAL/R70/Raw/27190703_191757/PMT_27190703_191757-conf.root copied
/gpfs/slac/staas/fs1/supercdms/data/CDMS/ANIMAL/R70/Raw/27190703_181714/PMT_27190703_181714_42.root copied
/gpfs/slac/staas/fs1/supercdms/data/CDMS/ANIMAL/R70/Raw/27190703_181714/PMT_27190703_181714_55.root copied
/gpfs/slac/staas/fs1/supercdms/data/CDMS/ANIMAL/R70/Raw/27190703_191757/PMT_27190703_191757_5.root copied
/gpfs/slac/staas/fs1/supercdms/data/CDMS/ANIMAL/R70/Raw/27190703_121403/PMT_27190703_121403_4.root copied
/gpfs/slac/staas/fs1/supercdms/data/CDMS/ANIMAL/R70/Raw/27190703_171512/PMT_27190703_171512_34.root copied
/gpfs/slac/staas/fs1/supercdms/data/CDMS/ANIMAL/R70/Raw/27190703_191757/PMT_27190703_191757_29.root copied
/gpfs/slac/staas/fs1/supercdms/data/CDMS/ANIMAL/R70/Raw/27190703_121403/PMT_27190703_121403_53.root copied
/gpfs/slac/staas/fs1/supercdms/data/CDMS/ANIMAL/R70/Raw/27190703_121403/PMT_27190703_121403_32.root copied
/gpfs/slac/staas/fs1/supercdms/data/CDMS/ANIMAL/R70/Raw/27190703_171512/PMT_27190703_171512_62.root copied
/gpfs/slac/staas/fs1/supercdms/data/CDMS/ANIMAL/R70/Raw/27190703_191757/PMT_27190703_191757_17.root copied
/gpfs/slac/staas/fs1/supercdms/data/CDMS/ANIMAL/R70/Raw/27190703_133501/PMT_27190703_133501_54.root copied
/gpfs/slac/staas/fs1/supercdms/data/CDMS/ANIMAL/R70/Raw/27190703_133501/PMT_27190703_133501_86.root copied
/gpfs/slac/staas/fs1/supercdms/data/CDMS/ANIMAL/R70/Raw/27190703_121403/PMT_27190703_121403_29.root copied
/gpfs/slac/staas/fs1/supercdms/data/CDMS/ANIMAL/R70/Raw/27190703_150930/PMT_27190703_150930_3.root copied
/gpfs/slac/staas/fs1/supercdms/data/CDMS/ANIMAL/R70/Raw/27190703_133501/PMT_27190703_133501_83.root copied
/gpfs/slac/staas/fs1/supercdms/data/CDMS/ANIMAL/R70/Raw/27190703_133501/PMT_27190703_133501_61.root copied
/gpfs/slac/staas/fs1/supercdms/data/CDMS/ANIMAL/R70/Raw/27190703_191757/PMT_27190703_191757_24.root copied
/gpfs/slac/staas/fs1/supercdms/data/CDMS/ANIMAL/R70/Raw/27190703_133501/PMT_27190703_133501_31.root copied
/gpfs/slac/staas/fs1/supercdms/data/CDMS/ANIMAL/R70/Raw/27190703_191757/PMT_27190703_191757_43.root copied
/gpfs/slac/staas/fs1/supercdms/data/CDMS/ANIMAL/R70/Raw/27190703_100630/PMT_27190703_100630-conf.root copied
/gpfs/slac/staas/fs1/supercdms/data/CDMS/ANIMAL/R70/Raw/27190703_171512/PMT_27190703_171512_32.root copied
/gpfs/slac/staas/fs1/supercdms/data/CDMS/ANIMAL/R70/Raw/27190703_121403/PMT_27190703_121403_84.root copied
/gpfs/slac/staas/fs1/supercdms/data/CDMS/ANIMAL/R70/Raw/27190703_150930/PMT_27190703_150930_15.root copied
/gpfs/slac/staas/fs1/supercdms/data/CDMS/ANIMAL/R70/Raw/27190703_150930/PMT_27190703_150930_85.root copied
/gpfs/slac/staas/fs1/supercdms/data/CDMS/ANIMAL/R70/Raw/27190703_171512/PMT_27190703_171512_2.root copied
/gpfs/slac/staas/fs1/supercdms/data/CDMS/ANIMAL/R70/Raw/27190703_191757/PMT_27190703_191757_64.root copied
/gpfs/slac/staas/fs1/supercdms/data/CDMS/ANIMAL/R70/Raw/27190703_121403/PMT_27190703_121403_28.root copied
/gpfs/slac/staas/fs1/supercdms/data/CDMS/ANIMAL/R70/Raw/27190703_191757/PMT_27190703_191757_67.root copied
/gpfs/slac/staas/fs1/supercdms/data/CDMS/ANIMAL/R70/Raw/27190703_181714/PMT_27190703_181714_12.root copied
/gpfs/slac/staas/fs1/supercdms/data/CDMS/ANIMAL/R70/Raw/27190703_113222/PMT_27190703_113222-conf.root copied
/gpfs/slac/staas/fs1/supercdms/data/CDMS/ANIMAL/R70/Raw/27190703_133501/PMT_27190703_133501_56.root copied
/gpfs/slac/staas/fs1/supercdms/data/CDMS/ANIMAL/R70/Raw/27190703_150930/PMT_27190703_150930_60.root copied
/gpfs/slac/staas/fs1/supercdms/data/CDMS/ANIMAL/R70/Raw/27190703_150930/PMT_27190703_150930_7.root copied
/gpfs/slac/staas/fs1/supercdms/data/CDMS/ANIMAL/R70/Raw/27190703_201840/PMT_27190703_201840_78.root copied
/gpfs/slac/staas/fs1/supercdms/data/CDMS/ANIMAL/R70/Raw/27190703_145242/PMT_27190703_145242_12.root copied
/gpfs/slac/staas/fs1/supercdms/data/CDMS/ANIMAL/R70/Raw/27190703_121403/PMT_27190703_121403_80.root copied
/gpfs/slac/staas/fs1/supercdms/data/CDMS/ANIMAL/R70/Raw/27190703_191757/PMT_27190703_191757_57.root copied
/gpfs/slac/staas/fs1/supercdms/data/CDMS/ANIMAL/R70/Raw/27190703_121403/PMT_27190703_121403_18.root copied
/gpfs/slac/staas/fs1/supercdms/data/CDMS/ANIMAL/R70/Raw/27190703_171512/PMT_27190703_171512_33.root copied
/gpfs/slac/staas/fs1/supercdms/data/CDMS/ANIMAL/R70/Raw/27190703_201840/PMT_27190703_201840_14.root copied
/gpfs/slac/staas/fs1/supercdms/data/CDMS/ANIMAL/R70/Raw/27190703_201840/PMT_27190703_201840_9.root copied
/gpfs/slac/staas/fs1/supercdms/data/CDMS/ANIMAL/R70/Raw/27190703_133501/PMT_27190703_133501_2.root copied
/gpfs/slac/staas/fs1/supercdms/data/CDMS/ANIMAL/R70/Raw/27190703_161356/PMT_27190703_161356_39.root copied
/gpfs/slac/staas/fs1/supercdms/data/CDMS/ANIMAL/R70/Raw/27190703_201840/PMT_27190703_201840_31.root copied
/gpfs/slac/staas/fs1/supercdms/data/CDMS/ANIMAL/R70/Raw/27190703_133501/PMT_27190703_133501_4.root copied
/gpfs/slac/staas/fs1/supercdms/data/CDMS/ANIMAL/R70/Raw/27190703_171512/PMT_27190703_171512_20.root copied
/gpfs/slac/staas/fs1/supercdms/data/CDMS/ANIMAL/R70/Raw/27190703_191757/PMT_27190703_191757_55.root copied
/gpfs/slac/staas/fs1/supercdms/data/CDMS/ANIMAL/R70/Raw/27190703_150930/PMT_27190703_150930_32.root copied
/gpfs/slac/staas/fs1/supercdms/data/CDMS/ANIMAL/R70/Raw/27190703_121403/PMT_27190703_121403_71.root copied
/gpfs/slac/staas/fs1/supercdms/data/CDMS/ANIMAL/R70/Raw/27190703_150930/PMT_27190703_150930_28.root copied
/gpfs/slac/staas/fs1/supercdms/data/CDMS/ANIMAL/R70/Raw/27190703_181714/PMT_27190703_181714_13.root copied
/gpfs/slac/staas/fs1/supercdms/data/CDMS/ANIMAL/R70/Raw/27190703_171512/PMT_27190703_171512_26.root copied
/gpfs/slac/staas/fs1/supercdms/data/CDMS/ANIMAL/R70/Raw/27190703_201840/PMT_27190703_201840_74.root copied
/gpfs/slac/staas/fs1/supercdms/data/CDMS/ANIMAL/R70/Raw/27190703_171512/PMT_27190703_171512_12.root copied
/gpfs/slac/staas/fs1/supercdms/data/CDMS/ANIMAL/R70/Raw/27190703_150930/PMT_27190703_150930_68.root copied
/gpfs/slac/staas/fs1/supercdms/data/CDMS/ANIMAL/R70/Raw/27190703_161356/PMT_27190703_161356_71.root copied
/gpfs/slac/staas/fs1/supercdms/data/CDMS/ANIMAL/R70/Raw/27190703_191757/PMT_27190703_191757_41.root copied
/gpfs/slac/staas/fs1/supercdms/data/CDMS/ANIMAL/R70/Raw/27190703_201840/PMT_27190703_201840_28.root copied
/gpfs/slac/staas/fs1/supercdms/data/CDMS/ANIMAL/R70/Raw/27190703_191757/PMT_27190703_191757_36.root copied
/gpfs/slac/staas/fs1/supercdms/data/CDMS/ANIMAL/R70/Raw/27190703_133501/PMT_27190703_133501_37.root copied
/gpfs/slac/staas/fs1/supercdms/data/CDMS/ANIMAL/R70/Raw/27190703_181714/PMT_27190703_181714_37.root copied
/gpfs/slac/staas/fs1/supercdms/data/CDMS/ANIMAL/R70/Raw/27190703_171512/PMT_27190703_171512_5.root copied
/gpfs/slac/staas/fs1/supercdms/data/CDMS/ANIMAL/R70/Raw/27190703_150930/PMT_27190703_150930_70.root copied
/gpfs/slac/staas/fs1/supercdms/data/CDMS/ANIMAL/R70/Raw/27190703_161356/PMT_27190703_161356_62.root copied
/gpfs/slac/staas/fs1/supercdms/data/CDMS/ANIMAL/R70/Raw/27190703_201840/PMT_27190703_201840_23.root copied
/gpfs/slac/staas/fs1/supercdms/data/CDMS/ANIMAL/R70/Raw/27190703_201840/PMT_27190703_201840_49.root copied
/gpfs/slac/staas/fs1/supercdms/data/CDMS/ANIMAL/R70/Raw/27190703_133501/PMT_27190703_133501_10.root copied
/gpfs/slac/staas/fs1/supercdms/data/CDMS/ANIMAL/R70/Raw/27190703_150930/PMT_27190703_150930_53.root copied
/gpfs/slac/staas/fs1/supercdms/data/CDMS/ANIMAL/R70/Raw/27190703_150930/PMT_27190703_150930_43.root copied
/gpfs/slac/staas/fs1/supercdms/data/CDMS/ANIMAL/R70/Raw/27190703_191757/PMT_27190703_191757_38.root copied
/gpfs/slac/staas/fs1/supercdms/data/CDMS/ANIMAL/R70/Raw/27190703_191757/PMT_27190703_191757_23.root copied
/gpfs/slac/staas/fs1/supercdms/data/CDMS/ANIMAL/R70/Raw/27190703_121403/PMT_27190703_121403_15.root copied
/gpfs/slac/staas/fs1/supercdms/data/CDMS/ANIMAL/R70/Raw/27190703_161356/PMT_27190703_161356_17.root copied
/gpfs/slac/staas/fs1/supercdms/data/CDMS/ANIMAL/R70/Raw/27190703_161356/PMT_27190703_161356_64.root copied
/gpfs/slac/staas/fs1/supercdms/data/CDMS/ANIMAL/R70/Raw/27190703_161356/PMT_27190703_161356_26.root copied
/gpfs/slac/staas/fs1/supercdms/data/CDMS/ANIMAL/R70/Raw/27190703_201840/PMT_27190703_201840_77.root copied
/gpfs/slac/staas/fs1/supercdms/data/CDMS/ANIMAL/R70/Raw/27190703_161356/PMT_27190703_161356_63.root copied
/gpfs/slac/staas/fs1/supercdms/data/CDMS/ANIMAL/R70/Raw/27190703_171512/PMT_27190703_171512_56.root copied
/gpfs/slac/staas/fs1/supercdms/data/CDMS/ANIMAL/R70/Raw/27190703_181714/PMT_27190703_181714_1.root copied
/gpfs/slac/staas/fs1/supercdms/data/CDMS/ANIMAL/R70/Raw/27190703_150930/PMT_27190703_150930_11.root copied
/gpfs/slac/staas/fs1/supercdms/data/CDMS/ANIMAL/R70/Raw/27190703_121403/PMT_27190703_121403_51.root copied
/gpfs/slac/staas/fs1/supercdms/data/CDMS/ANIMAL/R70/Raw/27190703_133501/PMT_27190703_133501_33.root copied
/gpfs/slac/staas/fs1/supercdms/data/CDMS/ANIMAL/R70/Raw/27190703_133501/PMT_27190703_133501_32.root copied
/gpfs/slac/staas/fs1/supercdms/data/CDMS/ANIMAL/R70/Raw/27190703_191757/PMT_27190703_191757_7.root copied
/gpfs/slac/staas/fs1/supercdms/data/CDMS/ANIMAL/R70/Raw/27190703_150930/PMT_27190703_150930_55.root copied
/gpfs/slac/staas/fs1/supercdms/data/CDMS/ANIMAL/R70/Raw/27190703_150930/PMT_27190703_150930_21.root copied
/gpfs/slac/staas/fs1/supercdms/data/CDMS/ANIMAL/R70/Raw/27190703_121403/PMT_27190703_121403_19.root copied
/gpfs/slac/staas/fs1/supercdms/data/CDMS/ANIMAL/R70/Raw/27190703_161356/PMT_27190703_161356_77.root copied
/gpfs/slac/staas/fs1/supercdms/data/CDMS/ANIMAL/R70/Raw/27190703_121403/PMT_27190703_121403_36.root copied
/gpfs/slac/staas/fs1/supercdms/data/CDMS/ANIMAL/R70/Raw/27190703_150930/PMT_27190703_150930_56.root copied
/gpfs/slac/staas/fs1/supercdms/data/CDMS/ANIMAL/R70/Raw/27190703_191757/PMT_27190703_191757_61.root copied
/gpfs/slac/staas/fs1/supercdms/data/CDMS/ANIMAL/R70/Raw/27190703_181714/PMT_27190703_181714_48.root copied
/gpfs/slac/staas/fs1/supercdms/data/CDMS/ANIMAL/R70/Raw/27190703_201840/PMT_27190703_201840_62.root copied
/gpfs/slac/staas/fs1/supercdms/data/CDMS/ANIMAL/R70/Raw/27190703_145242/PMT_27190703_145242_16.root copied
/gpfs/slac/staas/fs1/supercdms/data/CDMS/ANIMAL/R70/Raw/27190703_191757/PMT_27190703_191757_75.root copied
/gpfs/slac/staas/fs1/supercdms/data/CDMS/ANIMAL/R70/Raw/27190703_133501/PMT_27190703_133501_77.root copied
/gpfs/slac/staas/fs1/supercdms/data/CDMS/ANIMAL/R70/Raw/27190703_121403/PMT_27190703_121403_3.root copied
/gpfs/slac/staas/fs1/supercdms/data/CDMS/ANIMAL/R70/Raw/27190703_201840/PMT_27190703_201840_26.root copied
/gpfs/slac/staas/fs1/supercdms/data/CDMS/ANIMAL/R70/Raw/27190703_171512/PMT_27190703_171512_76.root copied
/gpfs/slac/staas/fs1/supercdms/data/CDMS/ANIMAL/R70/Raw/27190703_121403/PMT_27190703_121403_57.root copied
/gpfs/slac/staas/fs1/supercdms/data/CDMS/ANIMAL/R70/Raw/27190703_201840/PMT_27190703_201840_45.root copied
/gpfs/slac/staas/fs1/supercdms/data/CDMS/ANIMAL/R70/Raw/27190703_145242/PMT_27190703_145242_18.root copied
/gpfs/slac/staas/fs1/supercdms/data/CDMS/ANIMAL/R70/Raw/27190703_133501/PMT_27190703_133501_34.root copied
/gpfs/slac/staas/fs1/supercdms/data/CDMS/ANIMAL/R70/Raw/27190703_191757/PMT_27190703_191757_74.root copied
/gpfs/slac/staas/fs1/supercdms/data/CDMS/ANIMAL/R70/Raw/27190703_121403/PMT_27190703_121403_22.root copied
/gpfs/slac/staas/fs1/supercdms/data/CDMS/ANIMAL/R70/Raw/27190703_150930/PMT_27190703_150930_22.root copied
/gpfs/slac/staas/fs1/supercdms/data/CDMS/ANIMAL/R70/Raw/27190703_121403/PMT_27190703_121403-conf.root copied
/gpfs/slac/staas/fs1/supercdms/data/CDMS/ANIMAL/R70/Raw/27190703_161356/PMT_27190703_161356_18.root copied
/gpfs/slac/staas/fs1/supercdms/data/CDMS/ANIMAL/R70/Raw/27190703_121403/PMT_27190703_121403_45.root copied
/gpfs/slac/staas/fs1/supercdms/data/CDMS/ANIMAL/R70/Raw/27190703_191757/PMT_27190703_191757_20.root copied
/gpfs/slac/staas/fs1/supercdms/data/CDMS/ANIMAL/R70/Raw/27190703_191757/PMT_27190703_191757_71.root copied
/gpfs/slac/staas/fs1/supercdms/data/CDMS/ANIMAL/R70/Raw/27190703_201840/PMT_27190703_201840_53.root copied
/gpfs/slac/staas/fs1/supercdms/data/CDMS/ANIMAL/R70/Raw/27190703_171512/PMT_27190703_171512_45.root copied
/gpfs/slac/staas/fs1/supercdms/data/CDMS/ANIMAL/R70/Raw/27190703_201840/PMT_27190703_201840_8.root copied
/gpfs/slac/staas/fs1/supercdms/data/CDMS/ANIMAL/R70/Raw/27190703_171512/PMT_27190703_171512_75.root copied
/gpfs/slac/staas/fs1/supercdms/data/CDMS/ANIMAL/R70/Raw/27190703_191757/PMT_27190703_191757_13.root copied
/gpfs/slac/staas/fs1/supercdms/data/CDMS/ANIMAL/R70/Raw/27190703_191757/PMT_27190703_191757_27.root copied
/gpfs/slac/staas/fs1/supercdms/data/CDMS/ANIMAL/R70/Raw/27190703_121403/PMT_27190703_121403_79.root copied
/gpfs/slac/staas/fs1/supercdms/data/CDMS/ANIMAL/R70/Raw/27190703_171512/PMT_27190703_171512-conf.root copied
/gpfs/slac/staas/fs1/supercdms/data/CDMS/ANIMAL/R70/Raw/27190703_150930/PMT_27190703_150930_73.root copied
/gpfs/slac/staas/fs1/supercdms/data/CDMS/ANIMAL/R70/Raw/27190703_133501/PMT_27190703_133501_67.root copied
/gpfs/slac/staas/fs1/supercdms/data/CDMS/ANIMAL/R70/Raw/27190703_150930/PMT_27190703_150930_78.root copied
/gpfs/slac/staas/fs1/supercdms/data/CDMS/ANIMAL/R70/Raw/27190703_201840/PMT_27190703_201840_18.root copied
/gpfs/slac/staas/fs1/supercdms/data/CDMS/ANIMAL/R70/Raw/27190703_133501/PMT_27190703_133501_76.root copied
/gpfs/slac/staas/fs1/supercdms/data/CDMS/ANIMAL/R70/Raw/27190703_150930/PMT_27190703_150930_13.root copied
/gpfs/slac/staas/fs1/supercdms/data/CDMS/ANIMAL/R70/Raw/27190703_181714/PMT_27190703_181714_30.root copied
/gpfs/slac/staas/fs1/supercdms/data/CDMS/ANIMAL/R70/Raw/27190703_171512/PMT_27190703_171512_10.root copied
/gpfs/slac/staas/fs1/supercdms/data/CDMS/ANIMAL/R70/Raw/27190703_171512/PMT_27190703_171512_59.root copied
/gpfs/slac/staas/fs1/supercdms/data/CDMS/ANIMAL/R70/Raw/27190703_171512/PMT_27190703_171512_35.root copied
/gpfs/slac/staas/fs1/supercdms/data/CDMS/ANIMAL/R70/Raw/27190703_133501/PMT_27190703_133501_73.root copied
/gpfs/slac/staas/fs1/supercdms/data/CDMS/ANIMAL/R70/Raw/27190703_181714/PMT_27190703_181714_67.root copied
/gpfs/slac/staas/fs1/supercdms/data/CDMS/ANIMAL/R70/Raw/27190703_201840/PMT_27190703_201840_79.root copied
/gpfs/slac/staas/fs1/supercdms/data/CDMS/ANIMAL/R70/Raw/27190703_133501/PMT_27190703_133501_64.root copied
/gpfs/slac/staas/fs1/supercdms/data/CDMS/ANIMAL/R70/Raw/27190703_161356/PMT_27190703_161356_83.root copied
/gpfs/slac/staas/fs1/supercdms/data/CDMS/ANIMAL/R70/Raw/27190703_171512/PMT_27190703_171512_23.root copied
/gpfs/slac/staas/fs1/supercdms/data/CDMS/ANIMAL/R70/Raw/27190703_171512/PMT_27190703_171512_7.root copied
/gpfs/slac/staas/fs1/supercdms/data/CDMS/ANIMAL/R70/Raw/27190703_191757/PMT_27190703_191757_21.root copied
/gpfs/slac/staas/fs1/supercdms/data/CDMS/ANIMAL/R70/Raw/27190703_191757/PMT_27190703_191757_49.root copied
/gpfs/slac/staas/fs1/supercdms/data/CDMS/ANIMAL/R70/Raw/27190703_201840/PMT_27190703_201840_68.root copied
/gpfs/slac/staas/fs1/supercdms/data/CDMS/ANIMAL/R70/Raw/27190703_161356/PMT_27190703_161356_5.root copied
/gpfs/slac/staas/fs1/supercdms/data/CDMS/ANIMAL/R70/Raw/27190703_171512/PMT_27190703_171512_40.root copied
/gpfs/slac/staas/fs1/supercdms/data/CDMS/ANIMAL/R70/Raw/27190703_181714/PMT_27190703_181714_69.root copied
/gpfs/slac/staas/fs1/supercdms/data/CDMS/ANIMAL/R70/Raw/27190703_161356/PMT_27190703_161356_29.root copied
/gpfs/slac/staas/fs1/supercdms/data/CDMS/ANIMAL/R70/Raw/27190703_191757/PMT_27190703_191757_11.root copied
/gpfs/slac/staas/fs1/supercdms/data/CDMS/ANIMAL/R70/Raw/27190703_121403/PMT_27190703_121403_13.root copied
/gpfs/slac/staas/fs1/supercdms/data/CDMS/ANIMAL/R70/Raw/27190703_161356/PMT_27190703_161356_56.root copied
/gpfs/slac/staas/fs1/supercdms/data/CDMS/ANIMAL/R70/Raw/27190703_133501/PMT_27190703_133501_12.root copied
/gpfs/slac/staas/fs1/supercdms/data/CDMS/ANIMAL/R70/Raw/27190703_161356/PMT_27190703_161356_8.root copied
/gpfs/slac/staas/fs1/supercdms/data/CDMS/ANIMAL/R70/Raw/27190703_191757/PMT_27190703_191757_25.root copied
/gpfs/slac/staas/fs1/supercdms/data/CDMS/ANIMAL/R70/Raw/27190703_171512/PMT_27190703_171512_70.root copied
/gpfs/slac/staas/fs1/supercdms/data/CDMS/ANIMAL/R70/Raw/27190703_161356/PMT_27190703_161356_41.root copied
/gpfs/slac/staas/fs1/supercdms/data/CDMS/ANIMAL/R70/Raw/27190703_121403/PMT_27190703_121403_58.root copied
/gpfs/slac/staas/fs1/supercdms/data/CDMS/ANIMAL/R70/Raw/27190703_171512/PMT_27190703_171512_42.root copied
/gpfs/slac/staas/fs1/supercdms/data/CDMS/ANIMAL/R70/Raw/27190703_121403/PMT_27190703_121403_8.root copied
/gpfs/slac/staas/fs1/supercdms/data/CDMS/ANIMAL/R70/Raw/27190703_161356/PMT_27190703_161356_53.root copied
/gpfs/slac/staas/fs1/supercdms/data/CDMS/ANIMAL/R70/Raw/27190703_181714/PMT_27190703_181714_70.root copied
/gpfs/slac/staas/fs1/supercdms/data/CDMS/ANIMAL/R70/Raw/27190703_150930/PMT_27190703_150930_58.root copied
/gpfs/slac/staas/fs1/supercdms/data/CDMS/ANIMAL/R70/Raw/27190703_201840/PMT_27190703_201840_16.root copied
/gpfs/slac/staas/fs1/supercdms/data/CDMS/ANIMAL/R70/Raw/27190703_150930/PMT_27190703_150930_75.root copied
/gpfs/slac/staas/fs1/supercdms/data/CDMS/ANIMAL/R70/Raw/27190703_150930/PMT_27190703_150930_1.root copied
/gpfs/slac/staas/fs1/supercdms/data/CDMS/ANIMAL/R70/Raw/27190703_150930/PMT_27190703_150930_29.root copied
/gpfs/slac/staas/fs1/supercdms/data/CDMS/ANIMAL/R70/Raw/27190703_191757/PMT_27190703_191757_37.root copied
/gpfs/slac/staas/fs1/supercdms/data/CDMS/ANIMAL/R70/Raw/27190703_181714/PMT_27190703_181714_53.root copied
/gpfs/slac/staas/fs1/supercdms/data/CDMS/ANIMAL/R70/Raw/27190703_181714/PMT_27190703_181714_66.root copied
/gpfs/slac/staas/fs1/supercdms/data/CDMS/ANIMAL/R70/Raw/27190703_121403/PMT_27190703_121403_82.root copied
/gpfs/slac/staas/fs1/supercdms/data/CDMS/ANIMAL/R70/Raw/27190703_121403/PMT_27190703_121403_74.root copied
/gpfs/slac/staas/fs1/supercdms/data/CDMS/ANIMAL/R70/Raw/27190703_150930/PMT_27190703_150930_39.root copied
/gpfs/slac/staas/fs1/supercdms/data/CDMS/ANIMAL/R70/Raw/27190703_171512/PMT_27190703_171512_6.root copied
/gpfs/slac/staas/fs1/supercdms/data/CDMS/ANIMAL/R70/Raw/27190703_150930/PMT_27190703_150930_69.root copied
/gpfs/slac/staas/fs1/supercdms/data/CDMS/ANIMAL/R70/Raw/27190703_121403/PMT_27190703_121403_26.root copied
/gpfs/slac/staas/fs1/supercdms/data/CDMS/ANIMAL/R70/Raw/27190703_113132/PMT_27190703_113132-conf.root copied
/gpfs/slac/staas/fs1/supercdms/data/CDMS/ANIMAL/R70/Raw/27190703_171512/PMT_27190703_171512_47.root copied
/gpfs/slac/staas/fs1/supercdms/data/CDMS/ANIMAL/R70/Raw/27190703_191757/PMT_27190703_191757_8.root copied
/gpfs/slac/staas/fs1/supercdms/data/CDMS/ANIMAL/R70/Raw/27190703_191757/PMT_27190703_191757_72.root copied
/gpfs/slac/staas/fs1/supercdms/data/CDMS/ANIMAL/R70/Raw/27190703_161356/PMT_27190703_161356_43.root copied
/gpfs/slac/staas/fs1/supercdms/data/CDMS/ANIMAL/R70/Raw/27190703_201840/PMT_27190703_201840_41.root copied
/gpfs/slac/staas/fs1/supercdms/data/CDMS/ANIMAL/R70/Raw/27190703_161356/PMT_27190703_161356_76.root copied
/gpfs/slac/staas/fs1/supercdms/data/CDMS/ANIMAL/R70/Raw/27190703_150930/PMT_27190703_150930_16.root copied
/gpfs/slac/staas/fs1/supercdms/data/CDMS/ANIMAL/R70/Raw/27190703_171512/PMT_27190703_171512_65.root copied
/gpfs/slac/staas/fs1/supercdms/data/CDMS/ANIMAL/R70/Raw/27190703_113512/PMT_27190703_113512-conf.root copied
/gpfs/slac/staas/fs1/supercdms/data/CDMS/ANIMAL/R70/Raw/27190703_191757/PMT_27190703_191757_70.root copied
/gpfs/slac/staas/fs1/supercdms/data/CDMS/ANIMAL/R70/Raw/27190703_145242/PMT_27190703_145242_10.root copied
/gpfs/slac/staas/fs1/supercdms/data/CDMS/ANIMAL/R70/Raw/27190703_181714/PMT_27190703_181714_6.root copied
/gpfs/slac/staas/fs1/supercdms/data/CDMS/ANIMAL/R70/Raw/27190703_171512/PMT_27190703_171512_80.root copied
/gpfs/slac/staas/fs1/supercdms/data/CDMS/ANIMAL/R70/Raw/27190703_161356/PMT_27190703_161356_13.root copied
/gpfs/slac/staas/fs1/supercdms/data/CDMS/ANIMAL/R70/Raw/27190703_161356/PMT_27190703_161356-conf.root copied
/gpfs/slac/staas/fs1/supercdms/data/CDMS/ANIMAL/R70/Raw/27190703_191757/PMT_27190703_191757_60.root copied
/gpfs/slac/staas/fs1/supercdms/data/CDMS/ANIMAL/R70/Raw/27190703_150930/PMT_27190703_150930-conf.root copied
/gpfs/slac/staas/fs1/supercdms/data/CDMS/ANIMAL/R70/Raw/27190703_201840/PMT_27190703_201840_70.root copied
/gpfs/slac/staas/fs1/supercdms/data/CDMS/ANIMAL/R70/Raw/27190703_150930/PMT_27190703_150930_6.root copied
/gpfs/slac/staas/fs1/supercdms/data/CDMS/ANIMAL/R70/Raw/27190703_191757/PMT_27190703_191757_50.root copied
/gpfs/slac/staas/fs1/supercdms/data/CDMS/ANIMAL/R70/Raw/27190703_121403/PMT_27190703_121403_55.root copied
/gpfs/slac/staas/fs1/supercdms/data/CDMS/ANIMAL/R70/Raw/27190703_150930/PMT_27190703_150930_20.root copied
/gpfs/slac/staas/fs1/supercdms/data/CDMS/ANIMAL/R70/Raw/27190703_191757/PMT_27190703_191757_32.root copied
/gpfs/slac/staas/fs1/supercdms/data/CDMS/ANIMAL/R70/Raw/27190703_121403/PMT_27190703_121403_33.root copied
/gpfs/slac/staas/fs1/supercdms/data/CDMS/ANIMAL/R70/Raw/27190703_181714/PMT_27190703_181714_83.root copied
/gpfs/slac/staas/fs1/supercdms/data/CDMS/ANIMAL/R70/Raw/27190703_161356/PMT_27190703_161356_59.root copied
/gpfs/slac/staas/fs1/supercdms/data/CDMS/ANIMAL/R70/Raw/27190703_114544/PMT_27190703_114544-conf.root copied
/gpfs/slac/staas/fs1/supercdms/data/CDMS/ANIMAL/R70/Raw/27190703_161356/PMT_27190703_161356_42.root copied
/gpfs/slac/staas/fs1/supercdms/data/CDMS/ANIMAL/R70/Raw/27190703_121403/PMT_27190703_121403_48.root copied
/gpfs/slac/staas/fs1/supercdms/data/CDMS/ANIMAL/R70/Raw/27190703_191757/PMT_27190703_191757_53.root copied
/gpfs/slac/staas/fs1/supercdms/data/CDMS/ANIMAL/R70/Raw/27190703_121403/PMT_27190703_121403_47.root copied
/gpfs/slac/staas/fs1/supercdms/data/CDMS/ANIMAL/R70/Raw/27190703_161356/PMT_27190703_161356_32.root copied
/gpfs/slac/staas/fs1/supercdms/data/CDMS/ANIMAL/R70/Raw/27190703_150930/PMT_27190703_150930_66.root copied
/gpfs/slac/staas/fs1/supercdms/data/CDMS/ANIMAL/R70/Raw/27190703_161356/PMT_27190703_161356_52.root copied
/gpfs/slac/staas/fs1/supercdms/data/CDMS/ANIMAL/R70/Raw/27190703_181714/PMT_27190703_181714_49.root copied
/gpfs/slac/staas/fs1/supercdms/data/CDMS/ANIMAL/R70/Raw/27190703_181714/PMT_27190703_181714_31.root copied
/gpfs/slac/staas/fs1/supercdms/data/CDMS/ANIMAL/R70/Raw/27190703_191757/PMT_27190703_191757_18.root copied
/gpfs/slac/staas/fs1/supercdms/data/CDMS/ANIMAL/R70/Raw/27190703_201840/PMT_27190703_201840_10.root copied
/gpfs/slac/staas/fs1/supercdms/data/CDMS/ANIMAL/R70/Raw/27190703_133501/PMT_27190703_133501_11.root copied
/gpfs/slac/staas/fs1/supercdms/data/CDMS/ANIMAL/R70/Raw/27190703_181714/PMT_27190703_181714_8.root copied
/gpfs/slac/staas/fs1/supercdms/data/CDMS/ANIMAL/R70/Raw/27190703_133501/PMT_27190703_133501_81.root copied
/gpfs/slac/staas/fs1/supercdms/data/CDMS/ANIMAL/R70/Raw/27190703_201840/PMT_27190703_201840_1.root copied
/gpfs/slac/staas/fs1/supercdms/data/CDMS/ANIMAL/R70/Raw/27190703_161356/PMT_27190703_161356_19.root copied
/gpfs/slac/staas/fs1/supercdms/data/CDMS/ANIMAL/R70/Raw/27190703_191757/PMT_27190703_191757_46.root copied
/gpfs/slac/staas/fs1/supercdms/data/CDMS/ANIMAL/R70/Raw/27190703_150930/PMT_27190703_150930_48.root copied
/gpfs/slac/staas/fs1/supercdms/data/CDMS/ANIMAL/R70/Raw/27190703_161356/PMT_27190703_161356_84.root copied
/gpfs/slac/staas/fs1/supercdms/data/CDMS/ANIMAL/R70/Raw/27190703_171512/PMT_27190703_171512_50.root copied
/gpfs/slac/staas/fs1/supercdms/data/CDMS/ANIMAL/R70/Raw/27190703_104236/PMT_27190703_104236_1.root copied
/gpfs/slac/staas/fs1/supercdms/data/CDMS/ANIMAL/R70/Raw/27190703_133501/PMT_27190703_133501_53.root copied
/gpfs/slac/staas/fs1/supercdms/data/CDMS/ANIMAL/R70/Raw/27190703_171512/PMT_27190703_171512_69.root copied
/gpfs/slac/staas/fs1/supercdms/data/CDMS/ANIMAL/R70/Raw/27190703_201840/PMT_27190703_201840_59.root copied
/gpfs/slac/staas/fs1/supercdms/data/CDMS/ANIMAL/R70/Raw/27190703_150930/PMT_27190703_150930_37.root copied
/gpfs/slac/staas/fs1/supercdms/data/CDMS/ANIMAL/R70/Raw/27190703_121403/PMT_27190703_121403_34.root copied
/gpfs/slac/staas/fs1/supercdms/data/CDMS/ANIMAL/R70/Raw/27190703_171512/PMT_27190703_171512_13.root copied
/gpfs/slac/staas/fs1/supercdms/data/CDMS/ANIMAL/R70/Raw/27190703_150930/PMT_27190703_150930_65.root copied
/gpfs/slac/staas/fs1/supercdms/data/CDMS/ANIMAL/R70/Raw/27190703_191757/PMT_27190703_191757_42.root copied
/gpfs/slac/staas/fs1/supercdms/data/CDMS/ANIMAL/R70/Raw/27190703_201840/PMT_27190703_201840_63.root copied
/gpfs/slac/staas/fs1/supercdms/data/CDMS/ANIMAL/R70/Raw/27190703_171512/PMT_27190703_171512_54.root copied
/gpfs/slac/staas/fs1/supercdms/data/CDMS/ANIMAL/R70/Raw/27190703_201840/PMT_27190703_201840_5.root copied
/gpfs/slac/staas/fs1/supercdms/data/CDMS/ANIMAL/R70/Raw/27190703_191757/PMT_27190703_191757_15.root copied
/gpfs/slac/staas/fs1/supercdms/data/CDMS/ANIMAL/R70/Raw/27190703_150930/PMT_27190703_150930_18.root copied
/gpfs/slac/staas/fs1/supercdms/data/CDMS/ANIMAL/R70/Raw/27190703_121403/PMT_27190703_121403_41.root copied
/gpfs/slac/staas/fs1/supercdms/data/CDMS/ANIMAL/R70/Raw/27190703_150930/PMT_27190703_150930_4.root copied
/gpfs/slac/staas/fs1/supercdms/data/CDMS/ANIMAL/R70/Raw/27190703_181714/PMT_27190703_181714_18.root copied
/gpfs/slac/staas/fs1/supercdms/data/CDMS/ANIMAL/R70/Raw/27190703_171512/PMT_27190703_171512_81.root copied
/gpfs/slac/staas/fs1/supercdms/data/CDMS/ANIMAL/R70/Raw/27190703_191757/PMT_27190703_191757_66.root copied
/gpfs/slac/staas/fs1/supercdms/data/CDMS/ANIMAL/R70/Raw/27190703_181714/PMT_27190703_181714_4.root copied
/gpfs/slac/staas/fs1/supercdms/data/CDMS/ANIMAL/R70/Raw/27190703_181714/PMT_27190703_181714_45.root copied
/gpfs/slac/staas/fs1/supercdms/data/CDMS/ANIMAL/R70/Raw/27190703_201840/PMT_27190703_201840_7.root copied
/gpfs/slac/staas/fs1/supercdms/data/CDMS/ANIMAL/R70/Raw/27190703_161356/PMT_27190703_161356_35.root copied
/gpfs/slac/staas/fs1/supercdms/data/CDMS/ANIMAL/R70/Raw/27190703_171512/PMT_27190703_171512_46.root copied
/gpfs/slac/staas/fs1/supercdms/data/CDMS/ANIMAL/R70/Raw/27190703_145242/PMT_27190703_145242_2.root copied
/gpfs/slac/staas/fs1/supercdms/data/CDMS/ANIMAL/R70/Raw/27190703_121403/PMT_27190703_121403_35.root copied
/gpfs/slac/staas/fs1/supercdms/data/CDMS/ANIMAL/R70/Raw/27190703_181714/PMT_27190703_181714_68.root copied
/gpfs/slac/staas/fs1/supercdms/data/CDMS/ANIMAL/R70/Raw/27190703_145242/PMT_27190703_145242_4.root copied
/gpfs/slac/staas/fs1/supercdms/data/CDMS/ANIMAL/R70/Raw/27190703_171512/PMT_27190703_171512_53.root copied
/gpfs/slac/staas/fs1/supercdms/data/CDMS/ANIMAL/R70/Raw/27190703_133501/PMT_27190703_133501_70.root copied
/gpfs/slac/staas/fs1/supercdms/data/CDMS/ANIMAL/R70/Raw/27190703_201840/PMT_27190703_201840_37.root copied
/gpfs/slac/staas/fs1/supercdms/data/CDMS/ANIMAL/R70/Raw/27190703_145242/PMT_27190703_145242_6.root copied
/gpfs/slac/staas/fs1/supercdms/data/CDMS/ANIMAL/R70/Raw/27190703_150930/PMT_27190703_150930_52.root copied
/gpfs/slac/staas/fs1/supercdms/data/CDMS/ANIMAL/R70/Raw/27190703_171512/PMT_27190703_171512_25.root copied
/gpfs/slac/staas/fs1/supercdms/data/CDMS/ANIMAL/R70/Raw/27190703_150930/PMT_27190703_150930_35.root copied
/gpfs/slac/staas/fs1/supercdms/data/CDMS/ANIMAL/R70/Raw/27190703_201840/PMT_27190703_201840_71.root copied
/gpfs/slac/staas/fs1/supercdms/data/CDMS/ANIMAL/R70/Raw/27190703_133501/PMT_27190703_133501_71.root copied
/gpfs/slac/staas/fs1/supercdms/data/CDMS/ANIMAL/R70/Raw/27190703_181714/PMT_27190703_181714_82.root copied
/gpfs/slac/staas/fs1/supercdms/data/CDMS/ANIMAL/R70/Raw/27190703_145242/PMT_27190703_145242_1.root copied
/gpfs/slac/staas/fs1/supercdms/data/CDMS/ANIMAL/R70/Raw/27190703_121403/PMT_27190703_121403_7.root copied
/gpfs/slac/staas/fs1/supercdms/data/CDMS/ANIMAL/R70/Raw/27190703_145242/PMT_27190703_145242-conf.root copied
/gpfs/slac/staas/fs1/supercdms/data/CDMS/ANIMAL/R70/Raw/27190703_133501/PMT_27190703_133501_65.root copied
/gpfs/slac/staas/fs1/supercdms/data/CDMS/ANIMAL/R70/Raw/27190703_181714/PMT_27190703_181714_62.root copied
/gpfs/slac/staas/fs1/supercdms/data/CDMS/ANIMAL/R70/Raw/27190703_133501/PMT_27190703_133501_63.root copied
/gpfs/slac/staas/fs1/supercdms/data/CDMS/ANIMAL/R70/Raw/27190703_201840/PMT_27190703_201840_24.root copied
/gpfs/slac/staas/fs1/supercdms/data/CDMS/ANIMAL/R70/Raw/27190703_161356/PMT_27190703_161356_55.root copied
/gpfs/slac/staas/fs1/supercdms/data/CDMS/ANIMAL/R70/Raw/27190703_181714/PMT_27190703_181714_44.root copied
/gpfs/slac/staas/fs1/supercdms/data/CDMS/ANIMAL/R70/Raw/27190703_171512/PMT_27190703_171512_78.root copied
/gpfs/slac/staas/fs1/supercdms/data/CDMS/ANIMAL/R70/Raw/27190703_115551/PMT_27190703_115551-conf.root copied
/gpfs/slac/staas/fs1/supercdms/data/CDMS/ANIMAL/R70/Raw/27190703_133501/PMT_27190703_133501_8.root copied
/gpfs/slac/staas/fs1/supercdms/data/CDMS/ANIMAL/R70/Raw/27190703_150930/PMT_27190703_150930_45.root copied
/gpfs/slac/staas/fs1/supercdms/data/CDMS/ANIMAL/R70/Raw/27190703_191757/PMT_27190703_191757_54.root copied
/gpfs/slac/staas/fs1/supercdms/data/CDMS/ANIMAL/R70/Raw/27190703_181714/PMT_27190703_181714_40.root copied
/gpfs/slac/staas/fs1/supercdms/data/CDMS/ANIMAL/R70/Raw/27190703_121403/PMT_27190703_121403_11.root copied
/gpfs/slac/staas/fs1/supercdms/data/CDMS/ANIMAL/R70/Raw/27190703_133501/PMT_27190703_133501_75.root copied
/gpfs/slac/staas/fs1/supercdms/data/CDMS/ANIMAL/R70/Raw/27190703_201840/PMT_27190703_201840_69.root copied
/gpfs/slac/staas/fs1/supercdms/data/CDMS/ANIMAL/R70/Raw/27190703_161356/PMT_27190703_161356_47.root copied
/gpfs/slac/staas/fs1/supercdms/data/CDMS/ANIMAL/R70/Raw/27190703_181714/PMT_27190703_181714_36.root copied
/gpfs/slac/staas/fs1/supercdms/data/CDMS/ANIMAL/R70/Raw/27190703_191757/PMT_27190703_191757_65.root copied
/gpfs/slac/staas/fs1/supercdms/data/CDMS/ANIMAL/R70/Raw/27190703_133501/PMT_27190703_133501_28.root copied
/gpfs/slac/staas/fs1/supercdms/data/CDMS/ANIMAL/R70/Raw/27190703_191757/PMT_27190703_191757_82.root copied
/gpfs/slac/staas/fs1/supercdms/data/CDMS/ANIMAL/R70/Raw/27190703_133501/PMT_27190703_133501_25.root copied
/gpfs/slac/staas/fs1/supercdms/data/CDMS/ANIMAL/R70/Raw/27190703_181714/PMT_27190703_181714_43.root copied
/gpfs/slac/staas/fs1/supercdms/data/CDMS/ANIMAL/R70/Raw/27190703_121403/PMT_27190703_121403_42.root copied
/gpfs/slac/staas/fs1/supercdms/data/CDMS/ANIMAL/R70/Raw/27190703_161356/PMT_27190703_161356_80.root copied
/gpfs/slac/staas/fs1/supercdms/data/CDMS/ANIMAL/R70/Raw/27190703_121403/PMT_27190703_121403_66.root copied
/gpfs/slac/staas/fs1/supercdms/data/CDMS/ANIMAL/R70/Raw/27190703_171512/PMT_27190703_171512_11.root copied
/gpfs/slac/staas/fs1/supercdms/data/CDMS/ANIMAL/R70/Raw/27190703_133501/PMT_27190703_133501_52.root copied
/gpfs/slac/staas/fs1/supercdms/data/CDMS/ANIMAL/R70/Raw/27190703_181714/PMT_27190703_181714_60.root copied
/gpfs/slac/staas/fs1/supercdms/data/CDMS/ANIMAL/R70/Raw/27190703_121403/PMT_27190703_121403_68.root copied
/gpfs/slac/staas/fs1/supercdms/data/CDMS/ANIMAL/R70/Raw/27190703_171512/PMT_27190703_171512_30.root copied
/gpfs/slac/staas/fs1/supercdms/data/CDMS/ANIMAL/R70/Raw/27190703_145242/PMT_27190703_145242_14.root copied
/gpfs/slac/staas/fs1/supercdms/data/CDMS/ANIMAL/R70/Raw/27190703_133501/PMT_27190703_133501_47.root copied
/gpfs/slac/staas/fs1/supercdms/data/CDMS/ANIMAL/R70/Raw/27190703_133501/PMT_27190703_133501_51.root copied
/gpfs/slac/staas/fs1/supercdms/data/CDMS/ANIMAL/R70/Raw/27190703_133501/PMT_27190703_133501_80.root copied
/gpfs/slac/staas/fs1/supercdms/data/CDMS/ANIMAL/R70/Raw/27190703_191757/PMT_27190703_191757_45.root copied
/gpfs/slac/staas/fs1/supercdms/data/CDMS/ANIMAL/R70/Raw/27190703_181714/PMT_27190703_181714_76.root copied
/gpfs/slac/staas/fs1/supercdms/data/CDMS/ANIMAL/R70/Raw/27190703_121403/PMT_27190703_121403_16.root copied
/gpfs/slac/staas/fs1/supercdms/data/CDMS/ANIMAL/R70/Raw/27190703_150930/PMT_27190703_150930_2.root copied
/gpfs/slac/staas/fs1/supercdms/data/CDMS/ANIMAL/R70/Raw/27190703_121403/PMT_27190703_121403_5.root copied
/gpfs/slac/staas/fs1/supercdms/data/CDMS/ANIMAL/R70/Raw/27190703_171512/PMT_27190703_171512_83.root copied
/gpfs/slac/staas/fs1/supercdms/data/CDMS/ANIMAL/R70/Raw/27190703_121403/PMT_27190703_121403_54.root copied
/gpfs/slac/staas/fs1/supercdms/data/CDMS/ANIMAL/R70/Raw/27190703_161356/PMT_27190703_161356_11.root copied
/gpfs/slac/staas/fs1/supercdms/data/CDMS/ANIMAL/R70/Raw/27190703_161356/PMT_27190703_161356_49.root copied
/gpfs/slac/staas/fs1/supercdms/data/CDMS/ANIMAL/R70/Raw/27190703_191757/PMT_27190703_191757_44.root copied
/gpfs/slac/staas/fs1/supercdms/data/CDMS/ANIMAL/R70/Raw/27190703_161356/PMT_27190703_161356_37.root copied
/gpfs/slac/staas/fs1/supercdms/data/CDMS/ANIMAL/R70/Raw/27190703_191757/PMT_27190703_191757_59.root copied
/gpfs/slac/staas/fs1/supercdms/data/CDMS/ANIMAL/R70/Raw/27190703_181714/PMT_27190703_181714_75.root copied
/gpfs/slac/staas/fs1/supercdms/data/CDMS/ANIMAL/R70/Raw/27190703_133501/PMT_27190703_133501_49.root copied
/gpfs/slac/staas/fs1/supercdms/data/CDMS/ANIMAL/R70/Raw/27190703_145242/PMT_27190703_145242_9.root copied
/gpfs/slac/staas/fs1/supercdms/data/CDMS/ANIMAL/R70/Raw/27190703_133501/PMT_27190703_133501_39.root copied
/gpfs/slac/staas/fs1/supercdms/data/CDMS/ANIMAL/R70/Raw/27190703_191757/PMT_27190703_191757_6.root copied
/gpfs/slac/staas/fs1/supercdms/data/CDMS/ANIMAL/R70/Raw/27190703_171512/PMT_27190703_171512_55.root copied
/gpfs/slac/staas/fs1/supercdms/data/CDMS/ANIMAL/R70/Raw/27190703_191757/PMT_27190703_191757_73.root copied
/gpfs/slac/staas/fs1/supercdms/data/CDMS/ANIMAL/R70/Raw/27190703_171512/PMT_27190703_171512_27.root copied
/gpfs/slac/staas/fs1/supercdms/data/CDMS/ANIMAL/R70/Raw/27190703_181714/PMT_27190703_181714_26.root copied
/gpfs/slac/staas/fs1/supercdms/data/CDMS/ANIMAL/R70/Raw/27190703_201840/PMT_27190703_201840_32.root copied
/gpfs/slac/staas/fs1/supercdms/data/CDMS/ANIMAL/R70/Raw/27190703_201840/PMT_27190703_201840_51.root copied
/gpfs/slac/staas/fs1/supercdms/data/CDMS/ANIMAL/R70/Raw/27190703_201840/PMT_27190703_201840_15.root copied
/gpfs/slac/staas/fs1/supercdms/data/CDMS/ANIMAL/R70/Raw/27190703_161356/PMT_27190703_161356_31.root copied
/gpfs/slac/staas/fs1/supercdms/data/CDMS/ANIMAL/R70/Raw/27190703_191757/PMT_27190703_191757_19.root copied
/gpfs/slac/staas/fs1/supercdms/data/CDMS/ANIMAL/R70/Raw/27190703_191757/PMT_27190703_191757_63.root copied
/gpfs/slac/staas/fs1/supercdms/data/CDMS/ANIMAL/R70/Raw/27190703_133501/PMT_27190703_133501-conf.root copied
/gpfs/slac/staas/fs1/supercdms/data/CDMS/ANIMAL/R70/Raw/27190703_171512/PMT_27190703_171512_73.root copied
/gpfs/slac/staas/fs1/supercdms/data/CDMS/ANIMAL/R70/Raw/27190703_150930/PMT_27190703_150930_31.root copied
/gpfs/slac/staas/fs1/supercdms/data/CDMS/ANIMAL/R70/Raw/27190703_133501/PMT_27190703_133501_1.root copied
/gpfs/slac/staas/fs1/supercdms/data/CDMS/ANIMAL/R70/Raw/27190703_171512/PMT_27190703_171512_63.root copied
/gpfs/slac/staas/fs1/supercdms/data/CDMS/ANIMAL/R70/Raw/27190703_171512/PMT_27190703_171512_48.root copied
/gpfs/slac/staas/fs1/supercdms/data/CDMS/ANIMAL/R70/Raw/27190703_133501/PMT_27190703_133501_84.root copied
/gpfs/slac/staas/fs1/supercdms/data/CDMS/ANIMAL/R70/Raw/27190703_161356/PMT_27190703_161356_12.root copied
/gpfs/slac/staas/fs1/supercdms/data/CDMS/ANIMAL/R70/Raw/27190703_133501/PMT_27190703_133501_27.root copied
/gpfs/slac/staas/fs1/supercdms/data/CDMS/ANIMAL/R70/Raw/27190703_150930/PMT_27190703_150930_81.root copied
/gpfs/slac/staas/fs1/supercdms/data/CDMS/ANIMAL/R70/Raw/27190703_161356/PMT_27190703_161356_34.root copied
/gpfs/slac/staas/fs1/supercdms/data/CDMS/ANIMAL/R70/Raw/27190703_181714/PMT_27190703_181714_20.root copied
/gpfs/slac/staas/fs1/supercdms/data/CDMS/ANIMAL/R70/Raw/27190703_171512/PMT_27190703_171512_3.root copied
/gpfs/slac/staas/fs1/supercdms/data/CDMS/ANIMAL/R70/Raw/27190703_181714/PMT_27190703_181714_27.root copied
/gpfs/slac/staas/fs1/supercdms/data/CDMS/ANIMAL/R70/Raw/27190703_191757/PMT_27190703_191757_9.root copied
/gpfs/slac/staas/fs1/supercdms/data/CDMS/ANIMAL/R70/Raw/27190703_171512/PMT_27190703_171512_39.root copied
/gpfs/slac/staas/fs1/supercdms/data/CDMS/ANIMAL/R70/Raw/27190703_121403/PMT_27190703_121403_30.root copied
/gpfs/slac/staas/fs1/supercdms/data/CDMS/ANIMAL/R70/Raw/27190703_161356/PMT_27190703_161356_10.root copied
/gpfs/slac/staas/fs1/supercdms/data/CDMS/ANIMAL/R70/Raw/27190703_161356/PMT_27190703_161356_48.root copied
/gpfs/slac/staas/fs1/supercdms/data/CDMS/ANIMAL/R70/Raw/27190703_191757/PMT_27190703_191757_4.root copied
/gpfs/slac/staas/fs1/supercdms/data/CDMS/ANIMAL/R70/Raw/27190703_121403/PMT_27190703_121403_69.root copied
/gpfs/slac/staas/fs1/supercdms/data/CDMS/ANIMAL/R70/Raw/27190703_133501/PMT_27190703_133501_60.root copied
/gpfs/slac/staas/fs1/supercdms/data/CDMS/ANIMAL/R70/Raw/27190703_171512/PMT_27190703_171512_1.root copied
/gpfs/slac/staas/fs1/supercdms/data/CDMS/ANIMAL/R70/Raw/27190703_133501/PMT_27190703_133501_38.root copied
/gpfs/slac/staas/fs1/supercdms/data/CDMS/ANIMAL/R70/Raw/27190703_161356/PMT_27190703_161356_45.root copied
/gpfs/slac/staas/fs1/supercdms/data/CDMS/ANIMAL/R70/Raw/27190703_191757/PMT_27190703_191757_58.root copied
/gpfs/slac/staas/fs1/supercdms/data/CDMS/ANIMAL/R70/Raw/27190703_191757/PMT_27190703_191757_14.root copied
/gpfs/slac/staas/fs1/supercdms/data/CDMS/ANIMAL/R70/Raw/27190703_133501/PMT_27190703_133501_69.root copied
/gpfs/slac/staas/fs1/supercdms/data/CDMS/ANIMAL/R70/Raw/27190703_201840/PMT_27190703_201840_52.root copied
/gpfs/slac/staas/fs1/supercdms/data/CDMS/ANIMAL/R70/Raw/27190703_121403/PMT_27190703_121403_27.root copied
/gpfs/slac/staas/fs1/supercdms/data/CDMS/ANIMAL/R70/Raw/27190703_150930/PMT_27190703_150930_67.root copied
/gpfs/slac/staas/fs1/supercdms/data/CDMS/ANIMAL/R70/Raw/27190703_161356/PMT_27190703_161356_79.root copied
/gpfs/slac/staas/fs1/supercdms/data/CDMS/ANIMAL/R70/Raw/27190703_191757/PMT_27190703_191757_28.root copied
/gpfs/slac/staas/fs1/supercdms/data/CDMS/ANIMAL/R70/Raw/27190703_171512/PMT_27190703_171512_24.root copied
/gpfs/slac/staas/fs1/supercdms/data/CDMS/ANIMAL/R70/Raw/27190703_171512/PMT_27190703_171512_29.root copied
/gpfs/slac/staas/fs1/supercdms/data/CDMS/ANIMAL/R70/Raw/27190703_121403/PMT_27190703_121403_43.root copied
/gpfs/slac/staas/fs1/supercdms/data/CDMS/ANIMAL/R70/Raw/27190703_171512/PMT_27190703_171512_21.root copied
/gpfs/slac/staas/fs1/supercdms/data/CDMS/ANIMAL/R70/Raw/27190703_161356/PMT_27190703_161356_65.root copied
/gpfs/slac/staas/fs1/supercdms/data/CDMS/ANIMAL/R70/Raw/27190703_191757/PMT_27190703_191757_56.root copied
/gpfs/slac/staas/fs1/supercdms/data/CDMS/ANIMAL/R70/Raw/27190703_133501/PMT_27190703_133501_78.root copied
/gpfs/slac/staas/fs1/supercdms/data/CDMS/ANIMAL/R70/Raw/27190703_121403/PMT_27190703_121403_40.root copied
/gpfs/slac/staas/fs1/supercdms/data/CDMS/ANIMAL/R70/Raw/27190703_133501/PMT_27190703_133501_58.root copied
/gpfs/slac/staas/fs1/supercdms/data/CDMS/ANIMAL/R70/Raw/27190703_121403/PMT_27190703_121403_63.root copied
/gpfs/slac/staas/fs1/supercdms/data/CDMS/ANIMAL/R70/Raw/27190703_121403/PMT_27190703_121403_12.root copied
/gpfs/slac/staas/fs1/supercdms/data/CDMS/ANIMAL/R70/Raw/27190703_121403/PMT_27190703_121403_50.root copied
/gpfs/slac/staas/fs1/supercdms/data/CDMS/ANIMAL/R70/Raw/27190703_112948/PMT_27190703_112948-conf.root copied
/gpfs/slac/staas/fs1/supercdms/data/CDMS/ANIMAL/R70/Raw/27190703_121403/PMT_27190703_121403_67.root copied
/gpfs/slac/staas/fs1/supercdms/data/CDMS/ANIMAL/R70/Raw/27190703_201840/PMT_27190703_201840_44.root copied
/gpfs/slac/staas/fs1/supercdms/data/CDMS/ANIMAL/R70/Raw/27190703_171512/PMT_27190703_171512_64.root copied
/gpfs/slac/staas/fs1/supercdms/data/CDMS/ANIMAL/R70/Raw/27190703_201840/PMT_27190703_201840_73.root copied
/gpfs/slac/staas/fs1/supercdms/data/CDMS/ANIMAL/R70/Raw/27190703_133501/PMT_27190703_133501_45.root copied
/gpfs/slac/staas/fs1/supercdms/data/CDMS/ANIMAL/R70/Raw/27190703_201840/PMT_27190703_201840_27.root copied
/gpfs/slac/staas/fs1/supercdms/data/CDMS/ANIMAL/R70/Raw/27190703_191757/PMT_27190703_191757_26.root copied
/gpfs/slac/staas/fs1/supercdms/data/CDMS/ANIMAL/R70/Raw/27190703_201840/PMT_27190703_201840_61.root copied
/gpfs/slac/staas/fs1/supercdms/data/CDMS/ANIMAL/R70/Raw/27190703_161356/PMT_27190703_161356_30.root copied
/gpfs/slac/staas/fs1/supercdms/data/CDMS/ANIMAL/R70/Raw/27190703_150930/PMT_27190703_150930_71.root copied
/gpfs/slac/staas/fs1/supercdms/data/CDMS/ANIMAL/R70/Raw/27190703_171512/PMT_27190703_171512_36.root copied
/gpfs/slac/staas/fs1/supercdms/data/CDMS/ANIMAL/R70/Raw/27190703_161356/PMT_27190703_161356_4.root copied
/gpfs/slac/staas/fs1/supercdms/data/CDMS/ANIMAL/R70/Raw/27190703_150930/PMT_27190703_150930_23.root copied
/gpfs/slac/staas/fs1/supercdms/data/CDMS/ANIMAL/R70/Raw/27190703_181714/PMT_27190703_181714_28.root copied
/gpfs/slac/staas/fs1/supercdms/data/CDMS/ANIMAL/R70/Raw/27190703_191757/PMT_27190703_191757_31.root copied
/gpfs/slac/staas/fs1/supercdms/data/CDMS/ANIMAL/R70/Raw/27190703_171512/PMT_27190703_171512_19.root copied
/gpfs/slac/staas/fs1/supercdms/data/CDMS/ANIMAL/R70/Raw/27190703_161356/PMT_27190703_161356_25.root copied
/gpfs/slac/staas/fs1/supercdms/data/CDMS/ANIMAL/R70/Raw/27190703_150930/PMT_27190703_150930_12.root copied
/gpfs/slac/staas/fs1/supercdms/data/CDMS/ANIMAL/R70/Raw/27190703_181714/PMT_27190703_181714_59.root copied
/gpfs/slac/staas/fs1/supercdms/data/CDMS/ANIMAL/R70/Raw/27190703_121403/PMT_27190703_121403_61.root copied
/gpfs/slac/staas/fs1/supercdms/data/CDMS/ANIMAL/R70/Raw/27190703_191757/PMT_27190703_191757_47.root copied
/gpfs/slac/staas/fs1/supercdms/data/CDMS/ANIMAL/R70/Raw/27190703_133501/PMT_27190703_133501_26.root copied
/gpfs/slac/staas/fs1/supercdms/data/CDMS/ANIMAL/R70/Raw/27190703_181714/PMT_27190703_181714_81.root copied
/gpfs/slac/staas/fs1/supercdms/data/CDMS/ANIMAL/R70/Raw/27190703_161356/PMT_27190703_161356_60.root copied
/gpfs/slac/staas/fs1/supercdms/data/CDMS/ANIMAL/R70/Raw/27190703_161356/PMT_27190703_161356_27.root copied
/gpfs/slac/staas/fs1/supercdms/data/CDMS/ANIMAL/R70/Raw/27190703_201840/PMT_27190703_201840_22.root copied
/gpfs/slac/staas/fs1/supercdms/data/CDMS/ANIMAL/R70/Raw/27190703_161356/PMT_27190703_161356_74.root copied
/gpfs/slac/staas/fs1/supercdms/data/CDMS/ANIMAL/R70/Raw/27190703_201840/PMT_27190703_201840_34.root copied
/gpfs/slac/staas/fs1/supercdms/data/CDMS/ANIMAL/R70/Raw/27190703_171512/PMT_27190703_171512_49.root copied
/gpfs/slac/staas/fs1/supercdms/data/CDMS/ANIMAL/R70/Raw/27190703_120013/PMT_27190703_120013_1.root copied
/gpfs/slac/staas/fs1/supercdms/data/CDMS/ANIMAL/R70/Raw/27190703_133501/PMT_27190703_133501_5.root copied
/gpfs/slac/staas/fs1/supercdms/data/CDMS/ANIMAL/R70/Raw/27190703_201840/PMT_27190703_201840_30.root copied
/gpfs/slac/staas/fs1/supercdms/data/CDMS/ANIMAL/R70/Raw/27190703_181714/PMT_27190703_181714_57.root copied
/gpfs/slac/staas/fs1/supercdms/data/CDMS/ANIMAL/R70/Raw/27190703_150930/PMT_27190703_150930_24.root copied
/gpfs/slac/staas/fs1/supercdms/data/CDMS/ANIMAL/R70/Raw/27190703_161356/PMT_27190703_161356_15.root copied
/gpfs/slac/staas/fs1/supercdms/data/CDMS/ANIMAL/R70/Raw/27190703_133501/PMT_27190703_133501_57.root copied
/gpfs/slac/staas/fs1/supercdms/data/CDMS/ANIMAL/R70/Raw/27190703_191757/PMT_27190703_191757_35.root copied
/gpfs/slac/staas/fs1/supercdms/data/CDMS/ANIMAL/R70/Raw/27190703_133501/PMT_27190703_133501_15.root copied
/gpfs/slac/staas/fs1/supercdms/data/CDMS/ANIMAL/R70/Raw/27190703_150930/PMT_27190703_150930_14.root copied
/gpfs/slac/staas/fs1/supercdms/data/CDMS/ANIMAL/R70/Raw/27190703_201840/PMT_27190703_201840_3.root copied
/gpfs/slac/staas/fs1/supercdms/data/CDMS/ANIMAL/R70/Raw/27190703_181714/PMT_27190703_181714_19.root copied
/gpfs/slac/staas/fs1/supercdms/data/CDMS/ANIMAL/R70/Raw/27190703_115551/PMT_27190703_115551_1.root copied
/gpfs/slac/staas/fs1/supercdms/data/CDMS/ANIMAL/R70/Raw/27190703_181714/PMT_27190703_181714_39.root copied
/gpfs/slac/staas/fs1/supercdms/data/CDMS/ANIMAL/R70/Raw/27190703_133501/PMT_27190703_133501_7.root copied
/gpfs/slac/staas/fs1/supercdms/data/CDMS/ANIMAL/R70/Raw/27190703_181714/PMT_27190703_181714_46.root copied
/gpfs/slac/staas/fs1/supercdms/data/CDMS/ANIMAL/R70/Raw/27190703_171512/PMT_27190703_171512_51.root copied
/gpfs/slac/staas/fs1/supercdms/data/CDMS/ANIMAL/R70/Raw/27190703_191757/PMT_27190703_191757_77.root copied
/gpfs/slac/staas/fs1/supercdms/data/CDMS/ANIMAL/R70/Raw/27190703_133501/PMT_27190703_133501_59.root copied
/gpfs/slac/staas/fs1/supercdms/data/CDMS/ANIMAL/R70/Raw/27190703_161356/PMT_27190703_161356_9.root copied
/gpfs/slac/staas/fs1/supercdms/data/CDMS/ANIMAL/R70/Raw/27190703_171512/PMT_27190703_171512_74.root copied
/gpfs/slac/staas/fs1/supercdms/data/CDMS/ANIMAL/R70/Raw/27190703_171512/PMT_27190703_171512_22.root copied
/gpfs/slac/staas/fs1/supercdms/data/CDMS/ANIMAL/R70/Raw/27190703_201840/PMT_27190703_201840_80.root copied
/gpfs/slac/staas/fs1/supercdms/data/CDMS/ANIMAL/R70/Raw/27190703_201840/PMT_27190703_201840_48.root copied
/gpfs/slac/staas/fs1/supercdms/data/CDMS/ANIMAL/R70/Raw/27190703_133501/PMT_27190703_133501_43.root copied
/gpfs/slac/staas/fs1/supercdms/data/CDMS/ANIMAL/R70/Raw/27190703_121403/PMT_27190703_121403_37.root copied
/gpfs/slac/staas/fs1/supercdms/data/CDMS/ANIMAL/R70/Raw/27190703_201840/PMT_27190703_201840_66.root copied
/gpfs/slac/staas/fs1/supercdms/data/CDMS/ANIMAL/R70/Raw/27190703_181714/PMT_27190703_181714_29.root copied
/gpfs/slac/staas/fs1/supercdms/data/CDMS/ANIMAL/R70/Raw/27190703_191757/PMT_27190703_191757_10.root copied
/gpfs/slac/staas/fs1/supercdms/data/CDMS/ANIMAL/R70/Raw/27190703_161356/PMT_27190703_161356_70.root copied
/gpfs/slac/staas/fs1/supercdms/data/CDMS/ANIMAL/R70/Raw/27190703_133501/PMT_27190703_133501_55.root copied
/gpfs/slac/staas/fs1/supercdms/data/CDMS/ANIMAL/R70/Raw/27190703_150930/PMT_27190703_150930_62.root copied
/gpfs/slac/staas/fs1/supercdms/data/CDMS/ANIMAL/R70/Raw/27190703_121403/PMT_27190703_121403_86.root copied
/gpfs/slac/staas/fs1/supercdms/data/CDMS/ANIMAL/R70/Raw/27190703_150930/PMT_27190703_150930_42.root copied
/gpfs/slac/staas/fs1/supercdms/data/CDMS/ANIMAL/R70/Raw/27190703_150930/PMT_27190703_150930_57.root copied
/gpfs/slac/staas/fs1/supercdms/data/CDMS/ANIMAL/R70/Raw/27190703_171512/PMT_27190703_171512_77.root copied
/gpfs/slac/staas/fs1/supercdms/data/CDMS/ANIMAL/R70/Raw/27190703_161356/PMT_27190703_161356_20.root copied
/gpfs/slac/staas/fs1/supercdms/data/CDMS/ANIMAL/R70/Raw/27190703_121403/PMT_27190703_121403_49.root copied
/gpfs/slac/staas/fs1/supercdms/data/CDMS/ANIMAL/R70/Raw/27190703_161356/PMT_27190703_161356_54.root copied
/gpfs/slac/staas/fs1/supercdms/data/CDMS/ANIMAL/R70/Raw/27190703_121403/PMT_27190703_121403_81.root copied
/gpfs/slac/staas/fs1/supercdms/data/CDMS/ANIMAL/R70/Raw/27190703_133501/PMT_27190703_133501_13.root copied
/gpfs/slac/staas/fs1/supercdms/data/CDMS/ANIMAL/R70/Raw/27190703_181714/PMT_27190703_181714_41.root copied
/gpfs/slac/staas/fs1/supercdms/data/CDMS/ANIMAL/R70/Raw/27190703_150930/PMT_27190703_150930_25.root copied
/gpfs/slac/staas/fs1/supercdms/data/CDMS/ANIMAL/R70/Raw/27190703_150930/PMT_27190703_150930_19.root copied
/gpfs/slac/staas/fs1/supercdms/data/CDMS/ANIMAL/R70/Raw/27190703_133501/PMT_27190703_133501_14.root copied
/gpfs/slac/staas/fs1/supercdms/data/CDMS/ANIMAL/R70/Raw/27190703_171512/PMT_27190703_171512_68.root copied
/gpfs/slac/staas/fs1/supercdms/data/CDMS/ANIMAL/R70/Raw/27190703_191757/PMT_27190703_191757_69.root copied
/gpfs/slac/staas/fs1/supercdms/data/CDMS/ANIMAL/R70/Raw/27190703_181714/PMT_27190703_181714_61.root copied
/gpfs/slac/staas/fs1/supercdms/data/CDMS/ANIMAL/R70/Raw/27190703_161356/PMT_27190703_161356_21.root copied
/gpfs/slac/staas/fs1/supercdms/data/CDMS/ANIMAL/R70/Raw/27190703_121403/PMT_27190703_121403_23.root copied
/gpfs/slac/staas/fs1/supercdms/data/CDMS/ANIMAL/R70/Raw/27190703_161356/PMT_27190703_161356_69.root copied
/gpfs/slac/staas/fs1/supercdms/data/CDMS/ANIMAL/R70/Raw/27190703_121403/PMT_27190703_121403_38.root copied
/gpfs/slac/staas/fs1/supercdms/data/CDMS/ANIMAL/R70/Raw/27190703_181714/PMT_27190703_181714_50.root copied
/gpfs/slac/staas/fs1/supercdms/data/CDMS/ANIMAL/R70/Raw/27190703_171512/PMT_27190703_171512_71.root copied
/gpfs/slac/staas/fs1/supercdms/data/CDMS/ANIMAL/R70/Raw/27190703_161356/PMT_27190703_161356_44.root copied
/gpfs/slac/staas/fs1/supercdms/data/CDMS/ANIMAL/R70/Raw/27190703_181714/PMT_27190703_181714_79.root copied
/gpfs/slac/staas/fs1/supercdms/data/CDMS/ANIMAL/R70/Raw/27190703_133501/PMT_27190703_133501_29.root copied
/gpfs/slac/staas/fs1/supercdms/data/CDMS/ANIMAL/R70/Raw/27190703_145242/PMT_27190703_145242_5.root copied
/gpfs/slac/staas/fs1/supercdms/data/CDMS/ANIMAL/R70/Raw/27190703_133501/PMT_27190703_133501_6.root copied
/gpfs/slac/staas/fs1/supercdms/data/CDMS/ANIMAL/R70/Raw/27190703_191757/PMT_27190703_191757_62.root copied
/gpfs/slac/staas/fs1/supercdms/data/CDMS/ANIMAL/R70/Raw/27190703_121403/PMT_27190703_121403_78.root copied
/gpfs/slac/staas/fs1/supercdms/data/CDMS/ANIMAL/R70/Raw/27190703_161356/PMT_27190703_161356_82.root copied
/gpfs/slac/staas/fs1/supercdms/data/CDMS/ANIMAL/R70/Raw/27190703_171512/PMT_27190703_171512_57.root copied
/gpfs/slac/staas/fs1/supercdms/data/CDMS/ANIMAL/R70/Raw/27190703_121403/PMT_27190703_121403_25.root copied
/gpfs/slac/staas/fs1/supercdms/data/CDMS/ANIMAL/R70/Raw/27190703_161356/PMT_27190703_161356_72.root copied
/gpfs/slac/staas/fs1/supercdms/data/CDMS/ANIMAL/R70/Raw/27190703_150930/PMT_27190703_150930_44.root copied
/gpfs/slac/staas/fs1/supercdms/data/CDMS/ANIMAL/R70/Raw/27190703_161356/PMT_27190703_161356_61.root copied
/gpfs/slac/staas/fs1/supercdms/data/CDMS/ANIMAL/R70/Raw/27190703_150930/PMT_27190703_150930_64.root copied
/gpfs/slac/staas/fs1/supercdms/data/CDMS/ANIMAL/R70/Raw/27190703_161356/PMT_27190703_161356_51.root copied
/gpfs/slac/staas/fs1/supercdms/data/CDMS/ANIMAL/R70/Raw/27190703_191757/PMT_27190703_191757_80.root copied
/gpfs/slac/staas/fs1/supercdms/data/CDMS/ANIMAL/R70/Raw/27190703_201840/PMT_27190703_201840_19.root copied
/gpfs/slac/staas/fs1/supercdms/data/CDMS/ANIMAL/R70/Raw/27190703_121403/PMT_27190703_121403_73.root copied
/gpfs/slac/staas/fs1/supercdms/data/CDMS/ANIMAL/R70/Raw/27190703_171512/PMT_27190703_171512_9.root copied
/gpfs/slac/staas/fs1/supercdms/data/CDMS/ANIMAL/R70/Raw/27190703_133501/PMT_27190703_133501_22.root copied
/gpfs/slac/staas/fs1/supercdms/data/CDMS/ANIMAL/R70/Raw/27190703_161356/PMT_27190703_161356_68.root copied
/gpfs/slac/staas/fs1/supercdms/data/CDMS/ANIMAL/R70/Raw/27190703_171512/PMT_27190703_171512_37.root copied
/gpfs/slac/staas/fs1/supercdms/data/CDMS/ANIMAL/R70/Raw/27190703_150930/PMT_27190703_150930_54.root copied
/gpfs/slac/staas/fs1/supercdms/data/CDMS/ANIMAL/R70/Raw/27190703_121403/PMT_27190703_121403_72.root copied
/gpfs/slac/staas/fs1/supercdms/data/CDMS/ANIMAL/R70/Raw/27190703_201840/PMT_27190703_201840-conf.root copied
/gpfs/slac/staas/fs1/supercdms/data/CDMS/ANIMAL/R70/Raw/27190703_181714/PMT_27190703_181714_10.root copied
/gpfs/slac/staas/fs1/supercdms/data/CDMS/ANIMAL/R70/Raw/27190703_145242/PMT_27190703_145242_11.root copied
/gpfs/slac/staas/fs1/supercdms/data/CDMS/ANIMAL/R70/Raw/27190703_133501/PMT_27190703_133501_19.root copied
/gpfs/slac/staas/fs1/supercdms/data/CDMS/ANIMAL/R70/Raw/27190703_121403/PMT_27190703_121403_62.root copied
/gpfs/slac/staas/fs1/supercdms/data/CDMS/ANIMAL/R70/Raw/27190703_181714/PMT_27190703_181714_17.root copied
/gpfs/slac/staas/fs1/supercdms/data/CDMS/ANIMAL/R70/Raw/27190703_191757/PMT_27190703_191757_40.root copied
/gpfs/slac/staas/fs1/supercdms/data/CDMS/ANIMAL/R70/Raw/27190703_150930/PMT_27190703_150930_38.root copied
/gpfs/slac/staas/fs1/supercdms/data/CDMS/ANIMAL/R70/Raw/27190703_171512/PMT_27190703_171512_72.root copied
/gpfs/slac/staas/fs1/supercdms/data/CDMS/ANIMAL/R70/Raw/27190703_121403/PMT_27190703_121403_59.root copied
/gpfs/slac/staas/fs1/supercdms/data/CDMS/ANIMAL/R70/Raw/27190703_171512/PMT_27190703_171512_66.root copied
/gpfs/slac/staas/fs1/supercdms/data/CDMS/ANIMAL/R70/Raw/27190703_201840/PMT_27190703_201840_21.root copied
/gpfs/slac/staas/fs1/supercdms/data/CDMS/ANIMAL/R70/Raw/27190703_133501/PMT_27190703_133501_74.root copied
/gpfs/slac/staas/fs1/supercdms/data/CDMS/ANIMAL/R70/Raw/27190703_201840/PMT_27190703_201840_40.root copied
/gpfs/slac/staas/fs1/supercdms/data/CDMS/ANIMAL/R70/Raw/27190703_171512/PMT_27190703_171512_16.root copied
/gpfs/slac/staas/fs1/supercdms/data/CDMS/ANIMAL/R70/Raw/27190703_201840/PMT_27190703_201840_2.root copied
/gpfs/slac/staas/fs1/supercdms/data/CDMS/ANIMAL/R70/Raw/27190703_150930/PMT_27190703_150930_49.root copied
/gpfs/slac/staas/fs1/supercdms/data/CDMS/ANIMAL/R70/Raw/27190703_161356/PMT_27190703_161356_33.root copied
/gpfs/slac/staas/fs1/supercdms/data/CDMS/ANIMAL/R70/Raw/27190703_161356/PMT_27190703_161356_7.root copied
/gpfs/slac/staas/fs1/supercdms/data/CDMS/ANIMAL/R70/Raw/27190703_161356/PMT_27190703_161356_1.root copied
/gpfs/slac/staas/fs1/supercdms/data/CDMS/ANIMAL/R70/Raw/27190703_181714/PMT_27190703_181714_34.root copied
/gpfs/slac/staas/fs1/supercdms/data/CDMS/ANIMAL/R70/Raw/27190703_181714/PMT_27190703_181714_38.root copied
/gpfs/slac/staas/fs1/supercdms/data/CDMS/ANIMAL/R70/Raw/27190703_161356/PMT_27190703_161356_78.root copied
/gpfs/slac/staas/fs1/supercdms/data/CDMS/ANIMAL/R70/Raw/27190703_133501/PMT_27190703_133501_3.root copied
/gpfs/slac/staas/fs1/supercdms/data/CDMS/ANIMAL/R70/Raw/27190703_161356/PMT_27190703_161356_58.root copied
/gpfs/slac/staas/fs1/supercdms/data/CDMS/ANIMAL/R70/Raw/27190703_133501/PMT_27190703_133501_21.root copied
/gpfs/slac/staas/fs1/supercdms/data/CDMS/ANIMAL/R70/Raw/27190703_121403/PMT_27190703_121403_56.root copied
/gpfs/slac/staas/fs1/supercdms/data/CDMS/ANIMAL/R70/Raw/27190703_133501/PMT_27190703_133501_36.root copied
/gpfs/slac/staas/fs1/supercdms/data/CDMS/ANIMAL/R70/Raw/27190703_201840/PMT_27190703_201840_55.root copied
/gpfs/slac/staas/fs1/supercdms/data/CDMS/ANIMAL/R70/Raw/27190703_150930/PMT_27190703_150930_82.root copied
/gpfs/slac/staas/fs1/supercdms/data/CDMS/ANIMAL/R70/Raw/27190703_121403/PMT_27190703_121403_9.root copied
/gpfs/slac/staas/fs1/supercdms/data/CDMS/ANIMAL/R70/Raw/27190703_201840/PMT_27190703_201840_20.root copied
/gpfs/slac/staas/fs1/supercdms/data/CDMS/ANIMAL/R70/Raw/27190703_121403/PMT_27190703_121403_64.root copied
/gpfs/slac/staas/fs1/supercdms/data/CDMS/ANIMAL/R70/Raw/27190703_121403/PMT_27190703_121403_46.root copied
/gpfs/slac/staas/fs1/supercdms/data/CDMS/ANIMAL/R70/Raw/27190703_121403/PMT_27190703_121403_60.root copied
/gpfs/slac/staas/fs1/supercdms/data/CDMS/ANIMAL/R70/Raw/27190703_150930/PMT_27190703_150930_61.root copied
/gpfs/slac/staas/fs1/supercdms/data/CDMS/ANIMAL/R70/Raw/27190703_201840/PMT_27190703_201840_42.root copied
/gpfs/slac/staas/fs1/supercdms/data/CDMS/ANIMAL/R70/Raw/27190703_171512/PMT_27190703_171512_28.root copied
/gpfs/slac/staas/fs1/supercdms/data/CDMS/ANIMAL/R70/Raw/27190703_161356/PMT_27190703_161356_38.root copied
/gpfs/slac/staas/fs1/supercdms/data/CDMS/ANIMAL/R70/Raw/27190703_121403/PMT_27190703_121403_76.root copied
/gpfs/slac/staas/fs1/supercdms/data/CDMS/ANIMAL/R70/Raw/27190703_121403/PMT_27190703_121403_21.root copied
/gpfs/slac/staas/fs1/supercdms/data/CDMS/ANIMAL/R70/Raw/27190703_181714/PMT_27190703_181714_72.root copied
/gpfs/slac/staas/fs1/supercdms/data/CDMS/ANIMAL/R70/Raw/27190703_201840/PMT_27190703_201840_56.root copied
/gpfs/slac/staas/fs1/supercdms/data/CDMS/ANIMAL/R70/Raw/27190703_114544/PMT_27190703_114544_1.root copied
/gpfs/slac/staas/fs1/supercdms/data/CDMS/ANIMAL/R70/Raw/27190703_201840/PMT_27190703_201840_17.root copied
/gpfs/slac/staas/fs1/supercdms/data/CDMS/ANIMAL/R70/Raw/27190703_171512/PMT_27190703_171512_14.root copied
/gpfs/slac/staas/fs1/supercdms/data/CDMS/ANIMAL/R70/Raw/27190703_201840/PMT_27190703_201840_65.root copied
/gpfs/slac/staas/fs1/supercdms/data/CDMS/ANIMAL/R70/Raw/27190703_100630/PMT_27190703_100630_1.root copied
/gpfs/slac/staas/fs1/supercdms/data/CDMS/ANIMAL/R70/Raw/27190703_201840/PMT_27190703_201840_57.root copied
/gpfs/slac/staas/fs1/supercdms/data/CDMS/ANIMAL/R70/Raw/27190703_171512/PMT_27190703_171512_52.root copied
/gpfs/slac/staas/fs1/supercdms/data/CDMS/ANIMAL/R70/Raw/27190703_201840/PMT_27190703_201840_50.root copied
/gpfs/slac/staas/fs1/supercdms/data/CDMS/ANIMAL/R70/Raw/27190703_150930/PMT_27190703_150930_84.root copied
/gpfs/slac/staas/fs1/supercdms/data/CDMS/ANIMAL/R70/Raw/27190703_161356/PMT_27190703_161356_23.root copied
/gpfs/slac/staas/fs1/supercdms/data/CDMS/ANIMAL/R70/Raw/27190703_121403/PMT_27190703_121403_10.root copied
/gpfs/slac/staas/fs1/supercdms/data/CDMS/ANIMAL/R70/Raw/27190703_181714/PMT_27190703_181714_25.root copied
/gpfs/slac/staas/fs1/supercdms/data/CDMS/ANIMAL/R70/Raw/27190703_113100/PMT_27190703_113100-conf.root copied
/gpfs/slac/staas/fs1/supercdms/data/CDMS/ANIMAL/R70/Raw/27190703_121403/PMT_27190703_121403_1.root copied
/gpfs/slac/staas/fs1/supercdms/data/CDMS/ANIMAL/R70/Raw/27190703_121403/PMT_27190703_121403_65.root copied
/gpfs/slac/staas/fs1/supercdms/data/CDMS/ANIMAL/R70/Raw/27190703_133501/PMT_27190703_133501_18.root copied
/gpfs/slac/staas/fs1/supercdms/data/CDMS/ANIMAL/R70/Raw/27190703_191757/PMT_27190703_191757_48.root copied
/gpfs/slac/staas/fs1/supercdms/data/CDMS/ANIMAL/R70/Raw/27190703_133501/PMT_27190703_133501_35.root copied
/gpfs/slac/staas/fs1/supercdms/data/CDMS/ANIMAL/R70/Raw/27190703_201840/PMT_27190703_201840_38.root copied
/gpfs/slac/staas/fs1/supercdms/data/CDMS/ANIMAL/R70/Raw/27190703_161356/PMT_27190703_161356_24.root copied
/gpfs/slac/staas/fs1/supercdms/data/CDMS/ANIMAL/R70/Raw/27190703_143512/PMT_27190703_143512-conf.root copied
/gpfs/slac/staas/fs1/supercdms/data/CDMS/ANIMAL/R70/Raw/27190703_181714/PMT_27190703_181714_56.root copied
/gpfs/slac/staas/fs1/supercdms/data/CDMS/ANIMAL/R70/Raw/27190703_171512/PMT_27190703_171512_18.root copied
/gpfs/slac/staas/fs1/supercdms/data/CDMS/ANIMAL/R70/Raw/27190703_191757/PMT_27190703_191757_1.root copied
/gpfs/slac/staas/fs1/supercdms/data/CDMS/ANIMAL/R70/Raw/27190703_181714/PMT_27190703_181714_47.root copied
/gpfs/slac/staas/fs1/supercdms/data/CDMS/ANIMAL/R70/Raw/27190703_150930/PMT_27190703_150930_8.root copied
/gpfs/slac/staas/fs1/supercdms/data/CDMS/ANIMAL/R70/Raw/27190703_150930/PMT_27190703_150930_41.root copied
/gpfs/slac/staas/fs1/supercdms/data/CDMS/ANIMAL/R70/Raw/27190703_171512/PMT_27190703_171512_41.root copied
/gpfs/slac/staas/fs1/supercdms/data/CDMS/ANIMAL/R70/Raw/27190703_150930/PMT_27190703_150930_34.root copied
/gpfs/slac/staas/fs1/supercdms/data/CDMS/ANIMAL/R70/Raw/27190703_133501/PMT_27190703_133501_41.root copied
/gpfs/slac/staas/fs1/supercdms/data/CDMS/ANIMAL/R70/Raw/27190703_181714/PMT_27190703_181714_52.root copied
/gpfs/slac/staas/fs1/supercdms/data/CDMS/ANIMAL/R70/Raw/27190703_171512/PMT_27190703_171512_17.root copied
/gpfs/slac/staas/fs1/supercdms/data/CDMS/ANIMAL/R70/Raw/27190703_150930/PMT_27190703_150930_40.root copied
/gpfs/slac/staas/fs1/supercdms/data/CDMS/ANIMAL/R70/Raw/27190721_131548/PMT_27190721_131548_38.root copied
/gpfs/slac/staas/fs1/supercdms/data/CDMS/ANIMAL/R70/Raw/27190721_111505/PMT_27190721_111505_57.root copied
/gpfs/slac/staas/fs1/supercdms/data/CDMS/ANIMAL/R70/Raw/27190721_121534/PMT_27190721_121534_62.root copied
/gpfs/slac/staas/fs1/supercdms/data/CDMS/ANIMAL/R70/Raw/27190721_202145/PMT_27190721_202145_6.root copied
/gpfs/slac/staas/fs1/supercdms/data/CDMS/ANIMAL/R70/Raw/27190721_111505/PMT_27190721_111505_2.root copied
/gpfs/slac/staas/fs1/supercdms/data/CDMS/ANIMAL/R70/Raw/27190721_131548/PMT_27190721_131548_13.root copied
/gpfs/slac/staas/fs1/supercdms/data/CDMS/ANIMAL/R70/Raw/27190721_141559/PMT_27190721_141559_41.root copied
27190721_192110 didnt exist, now it does
/gpfs/slac/staas/fs1/supercdms/data/CDMS/ANIMAL/R70/Raw/27190721_192110/PMT_27190721_192110_30.root copied
/gpfs/slac/staas/fs1/supercdms/data/CDMS/ANIMAL/R70/Raw/27190721_121534/PMT_27190721_121534_10.root copied
/gpfs/slac/staas/fs1/supercdms/data/CDMS/ANIMAL/R70/Raw/27190721_131548/PMT_27190721_131548_50.root copied
/gpfs/slac/staas/fs1/supercdms/data/CDMS/ANIMAL/R70/Raw/27190721_141559/PMT_27190721_141559_11.root copied
27190721_171736 didnt exist, now it does
/gpfs/slac/staas/fs1/supercdms/data/CDMS/ANIMAL/R70/Raw/27190721_171736/PMT_27190721_171736_10.root copied
/gpfs/slac/staas/fs1/supercdms/data/CDMS/ANIMAL/R70/Raw/27190721_192110/PMT_27190721_192110_6.root copied
/gpfs/slac/staas/fs1/supercdms/data/CDMS/ANIMAL/R70/Raw/27190721_131548/PMT_27190721_131548_43.root copied
27190721_151614 didnt exist, now it does
/gpfs/slac/staas/fs1/supercdms/data/CDMS/ANIMAL/R70/Raw/27190721_151614/PMT_27190721_151614_40.root copied
/gpfs/slac/staas/fs1/supercdms/data/CDMS/ANIMAL/R70/Raw/27190721_131548/PMT_27190721_131548_77.root copied
/gpfs/slac/staas/fs1/supercdms/data/CDMS/ANIMAL/R70/Raw/27190721_131548/PMT_27190721_131548_44.root copied
/gpfs/slac/staas/fs1/supercdms/data/CDMS/ANIMAL/R70/Raw/27190721_111505/PMT_27190721_111505_50.root copied
/gpfs/slac/staas/fs1/supercdms/data/CDMS/ANIMAL/R70/Raw/27190721_202145/PMT_27190721_202145_71.root copied
/gpfs/slac/staas/fs1/supercdms/data/CDMS/ANIMAL/R70/Raw/27190721_181805/PMT_27190721_181805_9.root copied
27190721_212539 didnt exist, now it does
/gpfs/slac/staas/fs1/supercdms/data/CDMS/ANIMAL/R70/Raw/27190721_212539/PMT_27190721_212539_47.root copied
/gpfs/slac/staas/fs1/supercdms/data/CDMS/ANIMAL/R70/Raw/27190721_131548/PMT_27190721_131548_28.root copied
/gpfs/slac/staas/fs1/supercdms/data/CDMS/ANIMAL/R70/Raw/27190721_212539/PMT_27190721_212539_56.root copied
/gpfs/slac/staas/fs1/supercdms/data/CDMS/ANIMAL/R70/Raw/27190721_212539/PMT_27190721_212539_19.root copied
27190721_161721 didnt exist, now it does
/gpfs/slac/staas/fs1/supercdms/data/CDMS/ANIMAL/R70/Raw/27190721_161721/PMT_27190721_161721_43.root copied
/gpfs/slac/staas/fs1/supercdms/data/CDMS/ANIMAL/R70/Raw/27190721_131548/PMT_27190721_131548_57.root copied
/gpfs/slac/staas/fs1/supercdms/data/CDMS/ANIMAL/R70/Raw/27190721_202145/PMT_27190721_202145_59.root copied
/gpfs/slac/staas/fs1/supercdms/data/CDMS/ANIMAL/R70/Raw/27190721_111505/PMT_27190721_111505_29.root copied
/gpfs/slac/staas/fs1/supercdms/data/CDMS/ANIMAL/R70/Raw/27190721_111505/PMT_27190721_111505-conf.root copied
/gpfs/slac/staas/fs1/supercdms/data/CDMS/ANIMAL/R70/Raw/27190721_131548/PMT_27190721_131548_15.root copied
/gpfs/slac/staas/fs1/supercdms/data/CDMS/ANIMAL/R70/Raw/27190721_151614/PMT_27190721_151614_33.root copied
/gpfs/slac/staas/fs1/supercdms/data/CDMS/ANIMAL/R70/Raw/27190721_121534/PMT_27190721_121534_78.root copied
/gpfs/slac/staas/fs1/supercdms/data/CDMS/ANIMAL/R70/Raw/27190721_161721/PMT_27190721_161721_74.root copied
/gpfs/slac/staas/fs1/supercdms/data/CDMS/ANIMAL/R70/Raw/27190721_202145/PMT_27190721_202145_37.root copied
/gpfs/slac/staas/fs1/supercdms/data/CDMS/ANIMAL/R70/Raw/27190721_202145/PMT_27190721_202145_25.root copied
/gpfs/slac/staas/fs1/supercdms/data/CDMS/ANIMAL/R70/Raw/27190721_202145/PMT_27190721_202145_23.root copied
/gpfs/slac/staas/fs1/supercdms/data/CDMS/ANIMAL/R70/Raw/27190721_202145/PMT_27190721_202145_66.root copied
/gpfs/slac/staas/fs1/supercdms/data/CDMS/ANIMAL/R70/Raw/27190721_202145/PMT_27190721_202145_57.root copied
/gpfs/slac/staas/fs1/supercdms/data/CDMS/ANIMAL/R70/Raw/27190721_212539/PMT_27190721_212539_75.root copied
/gpfs/slac/staas/fs1/supercdms/data/CDMS/ANIMAL/R70/Raw/27190721_171736/PMT_27190721_171736_51.root copied
/gpfs/slac/staas/fs1/supercdms/data/CDMS/ANIMAL/R70/Raw/27190721_171736/PMT_27190721_171736_62.root copied
/gpfs/slac/staas/fs1/supercdms/data/CDMS/ANIMAL/R70/Raw/27190721_121534/PMT_27190721_121534_52.root copied
/gpfs/slac/staas/fs1/supercdms/data/CDMS/ANIMAL/R70/Raw/27190721_171736/PMT_27190721_171736_1.root copied
/gpfs/slac/staas/fs1/supercdms/data/CDMS/ANIMAL/R70/Raw/27190721_181805/PMT_27190721_181805_2.root copied
/gpfs/slac/staas/fs1/supercdms/data/CDMS/ANIMAL/R70/Raw/27190721_151614/PMT_27190721_151614_42.root copied
/gpfs/slac/staas/fs1/supercdms/data/CDMS/ANIMAL/R70/Raw/27190721_171736/PMT_27190721_171736_48.root copied
/gpfs/slac/staas/fs1/supercdms/data/CDMS/ANIMAL/R70/Raw/27190721_121534/PMT_27190721_121534_28.root copied
/gpfs/slac/staas/fs1/supercdms/data/CDMS/ANIMAL/R70/Raw/27190721_161721/PMT_27190721_161721_79.root copied
/gpfs/slac/staas/fs1/supercdms/data/CDMS/ANIMAL/R70/Raw/27190721_111505/PMT_27190721_111505_16.root copied
/gpfs/slac/staas/fs1/supercdms/data/CDMS/ANIMAL/R70/Raw/27190721_161721/PMT_27190721_161721_69.root copied
/gpfs/slac/staas/fs1/supercdms/data/CDMS/ANIMAL/R70/Raw/27190721_161721/PMT_27190721_161721_5.root copied
/gpfs/slac/staas/fs1/supercdms/data/CDMS/ANIMAL/R70/Raw/27190721_202145/PMT_27190721_202145_58.root copied
/gpfs/slac/staas/fs1/supercdms/data/CDMS/ANIMAL/R70/Raw/27190721_171736/PMT_27190721_171736_75.root copied
/gpfs/slac/staas/fs1/supercdms/data/CDMS/ANIMAL/R70/Raw/27190721_192110/PMT_27190721_192110_25.root copied
/gpfs/slac/staas/fs1/supercdms/data/CDMS/ANIMAL/R70/Raw/27190721_161721/PMT_27190721_161721_18.root copied
/gpfs/slac/staas/fs1/supercdms/data/CDMS/ANIMAL/R70/Raw/27190721_151614/PMT_27190721_151614_58.root copied
/gpfs/slac/staas/fs1/supercdms/data/CDMS/ANIMAL/R70/Raw/27190721_121534/PMT_27190721_121534_4.root copied
/gpfs/slac/staas/fs1/supercdms/data/CDMS/ANIMAL/R70/Raw/27190721_171736/PMT_27190721_171736_59.root copied
/gpfs/slac/staas/fs1/supercdms/data/CDMS/ANIMAL/R70/Raw/27190721_141559/PMT_27190721_141559_12.root copied
/gpfs/slac/staas/fs1/supercdms/data/CDMS/ANIMAL/R70/Raw/27190721_161721/PMT_27190721_161721_60.root copied
/gpfs/slac/staas/fs1/supercdms/data/CDMS/ANIMAL/R70/Raw/27190721_202145/PMT_27190721_202145_46.root copied
/gpfs/slac/staas/fs1/supercdms/data/CDMS/ANIMAL/R70/Raw/27190721_141559/PMT_27190721_141559_15.root copied
/gpfs/slac/staas/fs1/supercdms/data/CDMS/ANIMAL/R70/Raw/27190721_202145/PMT_27190721_202145_73.root copied
/gpfs/slac/staas/fs1/supercdms/data/CDMS/ANIMAL/R70/Raw/27190721_202145/PMT_27190721_202145_32.root copied
/gpfs/slac/staas/fs1/supercdms/data/CDMS/ANIMAL/R70/Raw/27190721_202145/PMT_27190721_202145_45.root copied
/gpfs/slac/staas/fs1/supercdms/data/CDMS/ANIMAL/R70/Raw/27190721_121534/PMT_27190721_121534_6.root copied
/gpfs/slac/staas/fs1/supercdms/data/CDMS/ANIMAL/R70/Raw/27190721_192110/PMT_27190721_192110_74.root copied
/gpfs/slac/staas/fs1/supercdms/data/CDMS/ANIMAL/R70/Raw/27190721_161721/PMT_27190721_161721_45.root copied
/gpfs/slac/staas/fs1/supercdms/data/CDMS/ANIMAL/R70/Raw/27190721_151614/PMT_27190721_151614_3.root copied
/gpfs/slac/staas/fs1/supercdms/data/CDMS/ANIMAL/R70/Raw/27190721_131548/PMT_27190721_131548_32.root copied
/gpfs/slac/staas/fs1/supercdms/data/CDMS/ANIMAL/R70/Raw/27190721_202145/PMT_27190721_202145_65.root copied
/gpfs/slac/staas/fs1/supercdms/data/CDMS/ANIMAL/R70/Raw/27190721_192110/PMT_27190721_192110_5.root copied
/gpfs/slac/staas/fs1/supercdms/data/CDMS/ANIMAL/R70/Raw/27190721_192110/PMT_27190721_192110_34.root copied
/gpfs/slac/staas/fs1/supercdms/data/CDMS/ANIMAL/R70/Raw/27190721_121534/PMT_27190721_121534_76.root copied
/gpfs/slac/staas/fs1/supercdms/data/CDMS/ANIMAL/R70/Raw/27190721_131548/PMT_27190721_131548_27.root copied
/gpfs/slac/staas/fs1/supercdms/data/CDMS/ANIMAL/R70/Raw/27190721_202145/PMT_27190721_202145_11.root copied
/gpfs/slac/staas/fs1/supercdms/data/CDMS/ANIMAL/R70/Raw/27190721_161721/PMT_27190721_161721_51.root copied
/gpfs/slac/staas/fs1/supercdms/data/CDMS/ANIMAL/R70/Raw/27190721_181805/PMT_27190721_181805_51.root copied
/gpfs/slac/staas/fs1/supercdms/data/CDMS/ANIMAL/R70/Raw/27190721_141559/PMT_27190721_141559_69.root copied
/gpfs/slac/staas/fs1/supercdms/data/CDMS/ANIMAL/R70/Raw/27190721_181805/PMT_27190721_181805_30.root copied
/gpfs/slac/staas/fs1/supercdms/data/CDMS/ANIMAL/R70/Raw/27190721_171736/PMT_27190721_171736_66.root copied
/gpfs/slac/staas/fs1/supercdms/data/CDMS/ANIMAL/R70/Raw/27190721_202145/PMT_27190721_202145_53.root copied
/gpfs/slac/staas/fs1/supercdms/data/CDMS/ANIMAL/R70/Raw/27190721_131548/PMT_27190721_131548_25.root copied
/gpfs/slac/staas/fs1/supercdms/data/CDMS/ANIMAL/R70/Raw/27190721_161721/PMT_27190721_161721_32.root copied
/gpfs/slac/staas/fs1/supercdms/data/CDMS/ANIMAL/R70/Raw/27190721_121534/PMT_27190721_121534_64.root copied
/gpfs/slac/staas/fs1/supercdms/data/CDMS/ANIMAL/R70/Raw/27190721_171736/PMT_27190721_171736_12.root copied
/gpfs/slac/staas/fs1/supercdms/data/CDMS/ANIMAL/R70/Raw/27190721_121534/PMT_27190721_121534_24.root copied
/gpfs/slac/staas/fs1/supercdms/data/CDMS/ANIMAL/R70/Raw/27190721_212539/PMT_27190721_212539_6.root copied
/gpfs/slac/staas/fs1/supercdms/data/CDMS/ANIMAL/R70/Raw/27190721_131548/PMT_27190721_131548_10.root copied
/gpfs/slac/staas/fs1/supercdms/data/CDMS/ANIMAL/R70/Raw/27190721_171736/PMT_27190721_171736_63.root copied
/gpfs/slac/staas/fs1/supercdms/data/CDMS/ANIMAL/R70/Raw/27190721_171736/PMT_27190721_171736_79.root copied
/gpfs/slac/staas/fs1/supercdms/data/CDMS/ANIMAL/R70/Raw/27190721_171736/PMT_27190721_171736_57.root copied
/gpfs/slac/staas/fs1/supercdms/data/CDMS/ANIMAL/R70/Raw/27190721_202145/PMT_27190721_202145_74.root copied
/gpfs/slac/staas/fs1/supercdms/data/CDMS/ANIMAL/R70/Raw/27190721_111505/PMT_27190721_111505_25.root copied
/gpfs/slac/staas/fs1/supercdms/data/CDMS/ANIMAL/R70/Raw/27190721_141559/PMT_27190721_141559_17.root copied
/gpfs/slac/staas/fs1/supercdms/data/CDMS/ANIMAL/R70/Raw/27190721_111505/PMT_27190721_111505_28.root copied
/gpfs/slac/staas/fs1/supercdms/data/CDMS/ANIMAL/R70/Raw/27190721_181805/PMT_27190721_181805_42.root copied
/gpfs/slac/staas/fs1/supercdms/data/CDMS/ANIMAL/R70/Raw/27190721_141559/PMT_27190721_141559_4.root copied
/gpfs/slac/staas/fs1/supercdms/data/CDMS/ANIMAL/R70/Raw/27190721_111505/PMT_27190721_111505_70.root copied
/gpfs/slac/staas/fs1/supercdms/data/CDMS/ANIMAL/R70/Raw/27190721_141559/PMT_27190721_141559_16.root copied
/gpfs/slac/staas/fs1/supercdms/data/CDMS/ANIMAL/R70/Raw/27190721_121534/PMT_27190721_121534_16.root copied
/gpfs/slac/staas/fs1/supercdms/data/CDMS/ANIMAL/R70/Raw/27190721_202145/PMT_27190721_202145_39.root copied
/gpfs/slac/staas/fs1/supercdms/data/CDMS/ANIMAL/R70/Raw/27190721_151614/PMT_27190721_151614-conf.root copied
/gpfs/slac/staas/fs1/supercdms/data/CDMS/ANIMAL/R70/Raw/27190721_171736/PMT_27190721_171736_64.root copied
/gpfs/slac/staas/fs1/supercdms/data/CDMS/ANIMAL/R70/Raw/27190721_171736/PMT_27190721_171736_13.root copied
/gpfs/slac/staas/fs1/supercdms/data/CDMS/ANIMAL/R70/Raw/27190721_161721/PMT_27190721_161721_6.root copied
/gpfs/slac/staas/fs1/supercdms/data/CDMS/ANIMAL/R70/Raw/27190721_161721/PMT_27190721_161721_3.root copied
/gpfs/slac/staas/fs1/supercdms/data/CDMS/ANIMAL/R70/Raw/27190721_192110/PMT_27190721_192110_80.root copied
/gpfs/slac/staas/fs1/supercdms/data/CDMS/ANIMAL/R70/Raw/27190721_131548/PMT_27190721_131548_37.root copied
/gpfs/slac/staas/fs1/supercdms/data/CDMS/ANIMAL/R70/Raw/27190721_121534/PMT_27190721_121534_69.root copied
/gpfs/slac/staas/fs1/supercdms/data/CDMS/ANIMAL/R70/Raw/27190721_171736/PMT_27190721_171736_54.root copied
/gpfs/slac/staas/fs1/supercdms/data/CDMS/ANIMAL/R70/Raw/27190721_131548/PMT_27190721_131548_39.root copied
/gpfs/slac/staas/fs1/supercdms/data/CDMS/ANIMAL/R70/Raw/27190721_171736/PMT_27190721_171736_2.root copied
/gpfs/slac/staas/fs1/supercdms/data/CDMS/ANIMAL/R70/Raw/27190721_151614/PMT_27190721_151614_17.root copied
/gpfs/slac/staas/fs1/supercdms/data/CDMS/ANIMAL/R70/Raw/27190721_121534/PMT_27190721_121534_57.root copied
/gpfs/slac/staas/fs1/supercdms/data/CDMS/ANIMAL/R70/Raw/27190721_212539/PMT_27190721_212539_78.root copied
/gpfs/slac/staas/fs1/supercdms/data/CDMS/ANIMAL/R70/Raw/27190721_131548/PMT_27190721_131548_58.root copied
/gpfs/slac/staas/fs1/supercdms/data/CDMS/ANIMAL/R70/Raw/27190721_192110/PMT_27190721_192110_54.root copied
/gpfs/slac/staas/fs1/supercdms/data/CDMS/ANIMAL/R70/Raw/27190721_131548/PMT_27190721_131548_66.root copied
/gpfs/slac/staas/fs1/supercdms/data/CDMS/ANIMAL/R70/Raw/27190721_121534/PMT_27190721_121534_70.root copied
/gpfs/slac/staas/fs1/supercdms/data/CDMS/ANIMAL/R70/Raw/27190721_131548/PMT_27190721_131548_17.root copied
/gpfs/slac/staas/fs1/supercdms/data/CDMS/ANIMAL/R70/Raw/27190721_212539/PMT_27190721_212539_14.root copied
/gpfs/slac/staas/fs1/supercdms/data/CDMS/ANIMAL/R70/Raw/27190721_161721/PMT_27190721_161721_50.root copied
/gpfs/slac/staas/fs1/supercdms/data/CDMS/ANIMAL/R70/Raw/27190721_202145/PMT_27190721_202145_63.root copied
/gpfs/slac/staas/fs1/supercdms/data/CDMS/ANIMAL/R70/Raw/27190721_202145/PMT_27190721_202145_2.root copied
/gpfs/slac/staas/fs1/supercdms/data/CDMS/ANIMAL/R70/Raw/27190721_111505/PMT_27190721_111505_67.root copied
/gpfs/slac/staas/fs1/supercdms/data/CDMS/ANIMAL/R70/Raw/27190721_202145/PMT_27190721_202145_80.root copied
/gpfs/slac/staas/fs1/supercdms/data/CDMS/ANIMAL/R70/Raw/27190721_121534/PMT_27190721_121534_37.root copied
/gpfs/slac/staas/fs1/supercdms/data/CDMS/ANIMAL/R70/Raw/27190721_111505/PMT_27190721_111505_36.root copied
/gpfs/slac/staas/fs1/supercdms/data/CDMS/ANIMAL/R70/Raw/27190721_131548/PMT_27190721_131548_3.root copied
/gpfs/slac/staas/fs1/supercdms/data/CDMS/ANIMAL/R70/Raw/27190721_181805/PMT_27190721_181805_32.root copied
/gpfs/slac/staas/fs1/supercdms/data/CDMS/ANIMAL/R70/Raw/27190721_141559/PMT_27190721_141559-conf.root copied
/gpfs/slac/staas/fs1/supercdms/data/CDMS/ANIMAL/R70/Raw/27190721_202145/PMT_27190721_202145_13.root copied
/gpfs/slac/staas/fs1/supercdms/data/CDMS/ANIMAL/R70/Raw/27190721_151614/PMT_27190721_151614_52.root copied
/gpfs/slac/staas/fs1/supercdms/data/CDMS/ANIMAL/R70/Raw/27190721_111505/PMT_27190721_111505_10.root copied
/gpfs/slac/staas/fs1/supercdms/data/CDMS/ANIMAL/R70/Raw/27190721_171736/PMT_27190721_171736_4.root copied
/gpfs/slac/staas/fs1/supercdms/data/CDMS/ANIMAL/R70/Raw/27190721_121534/PMT_27190721_121534_46.root copied
/gpfs/slac/staas/fs1/supercdms/data/CDMS/ANIMAL/R70/Raw/27190721_171736/PMT_27190721_171736_7.root copied
/gpfs/slac/staas/fs1/supercdms/data/CDMS/ANIMAL/R70/Raw/27190721_121534/PMT_27190721_121534_60.root copied
/gpfs/slac/staas/fs1/supercdms/data/CDMS/ANIMAL/R70/Raw/27190721_141559/PMT_27190721_141559_8.root copied
/gpfs/slac/staas/fs1/supercdms/data/CDMS/ANIMAL/R70/Raw/27190721_181805/PMT_27190721_181805_52.root copied
/gpfs/slac/staas/fs1/supercdms/data/CDMS/ANIMAL/R70/Raw/27190721_111505/PMT_27190721_111505_40.root copied
/gpfs/slac/staas/fs1/supercdms/data/CDMS/ANIMAL/R70/Raw/27190721_171736/PMT_27190721_171736_14.root copied
/gpfs/slac/staas/fs1/supercdms/data/CDMS/ANIMAL/R70/Raw/27190721_151614/PMT_27190721_151614_5.root copied
/gpfs/slac/staas/fs1/supercdms/data/CDMS/ANIMAL/R70/Raw/27190721_192110/PMT_27190721_192110_68.root copied
/gpfs/slac/staas/fs1/supercdms/data/CDMS/ANIMAL/R70/Raw/27190721_161721/PMT_27190721_161721_48.root copied
/gpfs/slac/staas/fs1/supercdms/data/CDMS/ANIMAL/R70/Raw/27190721_131548/PMT_27190721_131548_40.root copied
/gpfs/slac/staas/fs1/supercdms/data/CDMS/ANIMAL/R70/Raw/27190721_192110/PMT_27190721_192110_3.root copied
/gpfs/slac/staas/fs1/supercdms/data/CDMS/ANIMAL/R70/Raw/27190721_192110/PMT_27190721_192110_22.root copied
/gpfs/slac/staas/fs1/supercdms/data/CDMS/ANIMAL/R70/Raw/27190721_212539/PMT_27190721_212539_9.root copied
/gpfs/slac/staas/fs1/supercdms/data/CDMS/ANIMAL/R70/Raw/27190721_131548/PMT_27190721_131548_55.root copied
/gpfs/slac/staas/fs1/supercdms/data/CDMS/ANIMAL/R70/Raw/27190721_192110/PMT_27190721_192110_16.root copied
/gpfs/slac/staas/fs1/supercdms/data/CDMS/ANIMAL/R70/Raw/27190721_192110/PMT_27190721_192110_77.root copied
/gpfs/slac/staas/fs1/supercdms/data/CDMS/ANIMAL/R70/Raw/27190721_161721/PMT_27190721_161721_46.root copied
/gpfs/slac/staas/fs1/supercdms/data/CDMS/ANIMAL/R70/Raw/27190721_131548/PMT_27190721_131548_45.root copied
/gpfs/slac/staas/fs1/supercdms/data/CDMS/ANIMAL/R70/Raw/27190721_181805/PMT_27190721_181805_46.root copied
/gpfs/slac/staas/fs1/supercdms/data/CDMS/ANIMAL/R70/Raw/27190721_181805/PMT_27190721_181805_21.root copied
/gpfs/slac/staas/fs1/supercdms/data/CDMS/ANIMAL/R70/Raw/27190721_121534/PMT_27190721_121534_49.root copied
/gpfs/slac/staas/fs1/supercdms/data/CDMS/ANIMAL/R70/Raw/27190721_141559/PMT_27190721_141559_23.root copied
/gpfs/slac/staas/fs1/supercdms/data/CDMS/ANIMAL/R70/Raw/27190721_111505/PMT_27190721_111505_1.root copied
/gpfs/slac/staas/fs1/supercdms/data/CDMS/ANIMAL/R70/Raw/27190721_121534/PMT_27190721_121534_51.root copied
/gpfs/slac/staas/fs1/supercdms/data/CDMS/ANIMAL/R70/Raw/27190721_151614/PMT_27190721_151614_74.root copied
/gpfs/slac/staas/fs1/supercdms/data/CDMS/ANIMAL/R70/Raw/27190721_202145/PMT_27190721_202145_36.root copied
/gpfs/slac/staas/fs1/supercdms/data/CDMS/ANIMAL/R70/Raw/27190721_151614/PMT_27190721_151614_1.root copied
/gpfs/slac/staas/fs1/supercdms/data/CDMS/ANIMAL/R70/Raw/27190721_161721/PMT_27190721_161721_20.root copied
/gpfs/slac/staas/fs1/supercdms/data/CDMS/ANIMAL/R70/Raw/27190721_141559/PMT_27190721_141559_19.root copied
/gpfs/slac/staas/fs1/supercdms/data/CDMS/ANIMAL/R70/Raw/27190721_151614/PMT_27190721_151614_28.root copied
/gpfs/slac/staas/fs1/supercdms/data/CDMS/ANIMAL/R70/Raw/27190721_141559/PMT_27190721_141559_38.root copied
/gpfs/slac/staas/fs1/supercdms/data/CDMS/ANIMAL/R70/Raw/27190721_111505/PMT_27190721_111505_12.root copied
/gpfs/slac/staas/fs1/supercdms/data/CDMS/ANIMAL/R70/Raw/27190721_212539/PMT_27190721_212539_26.root copied
/gpfs/slac/staas/fs1/supercdms/data/CDMS/ANIMAL/R70/Raw/27190721_161721/PMT_27190721_161721_77.root copied
/gpfs/slac/staas/fs1/supercdms/data/CDMS/ANIMAL/R70/Raw/27190721_161721/PMT_27190721_161721_59.root copied
/gpfs/slac/staas/fs1/supercdms/data/CDMS/ANIMAL/R70/Raw/27190721_141559/PMT_27190721_141559_61.root copied
/gpfs/slac/staas/fs1/supercdms/data/CDMS/ANIMAL/R70/Raw/27190721_212539/PMT_27190721_212539_25.root copied
/gpfs/slac/staas/fs1/supercdms/data/CDMS/ANIMAL/R70/Raw/27190721_212539/PMT_27190721_212539_72.root copied
/gpfs/slac/staas/fs1/supercdms/data/CDMS/ANIMAL/R70/Raw/27190721_202145/PMT_27190721_202145_4.root copied
/gpfs/slac/staas/fs1/supercdms/data/CDMS/ANIMAL/R70/Raw/27190721_131548/PMT_27190721_131548_14.root copied
/gpfs/slac/staas/fs1/supercdms/data/CDMS/ANIMAL/R70/Raw/27190721_212539/PMT_27190721_212539_15.root copied
/gpfs/slac/staas/fs1/supercdms/data/CDMS/ANIMAL/R70/Raw/27190721_212539/PMT_27190721_212539_34.root copied
/gpfs/slac/staas/fs1/supercdms/data/CDMS/ANIMAL/R70/Raw/27190721_151614/PMT_27190721_151614_80.root copied
/gpfs/slac/staas/fs1/supercdms/data/CDMS/ANIMAL/R70/Raw/27190721_151614/PMT_27190721_151614_21.root copied
/gpfs/slac/staas/fs1/supercdms/data/CDMS/ANIMAL/R70/Raw/27190721_151614/PMT_27190721_151614_71.root copied
/gpfs/slac/staas/fs1/supercdms/data/CDMS/ANIMAL/R70/Raw/27190721_121534/PMT_27190721_121534_54.root copied
/gpfs/slac/staas/fs1/supercdms/data/CDMS/ANIMAL/R70/Raw/27190721_161721/PMT_27190721_161721_1.root copied
/gpfs/slac/staas/fs1/supercdms/data/CDMS/ANIMAL/R70/Raw/27190721_121534/PMT_27190721_121534_15.root copied
/gpfs/slac/staas/fs1/supercdms/data/CDMS/ANIMAL/R70/Raw/27190721_111505/PMT_27190721_111505_8.root copied
/gpfs/slac/staas/fs1/supercdms/data/CDMS/ANIMAL/R70/Raw/27190721_212539/PMT_27190721_212539_62.root copied
/gpfs/slac/staas/fs1/supercdms/data/CDMS/ANIMAL/R70/Raw/27190721_141559/PMT_27190721_141559_60.root copied
/gpfs/slac/staas/fs1/supercdms/data/CDMS/ANIMAL/R70/Raw/27190721_161721/PMT_27190721_161721_61.root copied
/gpfs/slac/staas/fs1/supercdms/data/CDMS/ANIMAL/R70/Raw/27190721_151614/PMT_27190721_151614_43.root copied
/gpfs/slac/staas/fs1/supercdms/data/CDMS/ANIMAL/R70/Raw/27190721_192110/PMT_27190721_192110_59.root copied
/gpfs/slac/staas/fs1/supercdms/data/CDMS/ANIMAL/R70/Raw/27190721_131548/PMT_27190721_131548_59.root copied
/gpfs/slac/staas/fs1/supercdms/data/CDMS/ANIMAL/R70/Raw/27190721_212539/PMT_27190721_212539_32.root copied
/gpfs/slac/staas/fs1/supercdms/data/CDMS/ANIMAL/R70/Raw/27190721_171736/PMT_27190721_171736_15.root copied
/gpfs/slac/staas/fs1/supercdms/data/CDMS/ANIMAL/R70/Raw/27190721_161721/PMT_27190721_161721_13.root copied
27190721_101442 didnt exist, now it does
/gpfs/slac/staas/fs1/supercdms/data/CDMS/ANIMAL/R70/Raw/27190721_101442/PMT_27190721_101442_1.root copied
/gpfs/slac/staas/fs1/supercdms/data/CDMS/ANIMAL/R70/Raw/27190721_151614/PMT_27190721_151614_47.root copied
/gpfs/slac/staas/fs1/supercdms/data/CDMS/ANIMAL/R70/Raw/27190721_212539/PMT_27190721_212539_46.root copied
/gpfs/slac/staas/fs1/supercdms/data/CDMS/ANIMAL/R70/Raw/27190721_121534/PMT_27190721_121534_25.root copied
/gpfs/slac/staas/fs1/supercdms/data/CDMS/ANIMAL/R70/Raw/27190721_121534/PMT_27190721_121534_71.root copied
/gpfs/slac/staas/fs1/supercdms/data/CDMS/ANIMAL/R70/Raw/27190721_161721/PMT_27190721_161721_38.root copied
/gpfs/slac/staas/fs1/supercdms/data/CDMS/ANIMAL/R70/Raw/27190721_212539/PMT_27190721_212539_58.root copied
/gpfs/slac/staas/fs1/supercdms/data/CDMS/ANIMAL/R70/Raw/27190721_192110/PMT_27190721_192110_8.root copied
/gpfs/slac/staas/fs1/supercdms/data/CDMS/ANIMAL/R70/Raw/27190721_212539/PMT_27190721_212539-conf.root copied
/gpfs/slac/staas/fs1/supercdms/data/CDMS/ANIMAL/R70/Raw/27190721_121534/PMT_27190721_121534_39.root copied
/gpfs/slac/staas/fs1/supercdms/data/CDMS/ANIMAL/R70/Raw/27190721_131548/PMT_27190721_131548_76.root copied
/gpfs/slac/staas/fs1/supercdms/data/CDMS/ANIMAL/R70/Raw/27190721_121534/PMT_27190721_121534_33.root copied
/gpfs/slac/staas/fs1/supercdms/data/CDMS/ANIMAL/R70/Raw/27190721_161721/PMT_27190721_161721_23.root copied
/gpfs/slac/staas/fs1/supercdms/data/CDMS/ANIMAL/R70/Raw/27190721_141559/PMT_27190721_141559_59.root copied
/gpfs/slac/staas/fs1/supercdms/data/CDMS/ANIMAL/R70/Raw/27190721_171736/PMT_27190721_171736_5.root copied
/gpfs/slac/staas/fs1/supercdms/data/CDMS/ANIMAL/R70/Raw/27190721_131548/PMT_27190721_131548_78.root copied
/gpfs/slac/staas/fs1/supercdms/data/CDMS/ANIMAL/R70/Raw/27190721_212539/PMT_27190721_212539_80.root copied
/gpfs/slac/staas/fs1/supercdms/data/CDMS/ANIMAL/R70/Raw/27190721_121534/PMT_27190721_121534_53.root copied
/gpfs/slac/staas/fs1/supercdms/data/CDMS/ANIMAL/R70/Raw/27190721_171736/PMT_27190721_171736_77.root copied
/gpfs/slac/staas/fs1/supercdms/data/CDMS/ANIMAL/R70/Raw/27190721_111505/PMT_27190721_111505_27.root copied
/gpfs/slac/staas/fs1/supercdms/data/CDMS/ANIMAL/R70/Raw/27190721_121534/PMT_27190721_121534_50.root copied
/gpfs/slac/staas/fs1/supercdms/data/CDMS/ANIMAL/R70/Raw/27190721_171736/PMT_27190721_171736_70.root copied
/gpfs/slac/staas/fs1/supercdms/data/CDMS/ANIMAL/R70/Raw/27190721_192110/PMT_27190721_192110_19.root copied
/gpfs/slac/staas/fs1/supercdms/data/CDMS/ANIMAL/R70/Raw/27190721_161721/PMT_27190721_161721_54.root copied
/gpfs/slac/staas/fs1/supercdms/data/CDMS/ANIMAL/R70/Raw/27190721_151614/PMT_27190721_151614_38.root copied
/gpfs/slac/staas/fs1/supercdms/data/CDMS/ANIMAL/R70/Raw/27190721_181805/PMT_27190721_181805_56.root copied
/gpfs/slac/staas/fs1/supercdms/data/CDMS/ANIMAL/R70/Raw/27190721_141559/PMT_27190721_141559_33.root copied
/gpfs/slac/staas/fs1/supercdms/data/CDMS/ANIMAL/R70/Raw/27190721_202145/PMT_27190721_202145_8.root copied
/gpfs/slac/staas/fs1/supercdms/data/CDMS/ANIMAL/R70/Raw/27190721_212539/PMT_27190721_212539_1.root copied
/gpfs/slac/staas/fs1/supercdms/data/CDMS/ANIMAL/R70/Raw/27190721_151614/PMT_27190721_151614_64.root copied
/gpfs/slac/staas/fs1/supercdms/data/CDMS/ANIMAL/R70/Raw/27190721_192110/PMT_27190721_192110_2.root copied
/gpfs/slac/staas/fs1/supercdms/data/CDMS/ANIMAL/R70/Raw/27190721_212539/PMT_27190721_212539_55.root copied
/gpfs/slac/staas/fs1/supercdms/data/CDMS/ANIMAL/R70/Raw/27190721_192110/PMT_27190721_192110_23.root copied
/gpfs/slac/staas/fs1/supercdms/data/CDMS/ANIMAL/R70/Raw/27190721_131548/PMT_27190721_131548_16.root copied
/gpfs/slac/staas/fs1/supercdms/data/CDMS/ANIMAL/R70/Raw/27190721_131548/PMT_27190721_131548_41.root copied
/gpfs/slac/staas/fs1/supercdms/data/CDMS/ANIMAL/R70/Raw/27190721_111505/PMT_27190721_111505_4.root copied
/gpfs/slac/staas/fs1/supercdms/data/CDMS/ANIMAL/R70/Raw/27190721_192110/PMT_27190721_192110_32.root copied
/gpfs/slac/staas/fs1/supercdms/data/CDMS/ANIMAL/R70/Raw/27190721_131548/PMT_27190721_131548_33.root copied
/gpfs/slac/staas/fs1/supercdms/data/CDMS/ANIMAL/R70/Raw/27190721_161721/PMT_27190721_161721_67.root copied
/gpfs/slac/staas/fs1/supercdms/data/CDMS/ANIMAL/R70/Raw/27190721_141559/PMT_27190721_141559_31.root copied
/gpfs/slac/staas/fs1/supercdms/data/CDMS/ANIMAL/R70/Raw/27190721_192110/PMT_27190721_192110_66.root copied
/gpfs/slac/staas/fs1/supercdms/data/CDMS/ANIMAL/R70/Raw/27190721_212539/PMT_27190721_212539_28.root copied
/gpfs/slac/staas/fs1/supercdms/data/CDMS/ANIMAL/R70/Raw/27190721_171736/PMT_27190721_171736_38.root copied
/gpfs/slac/staas/fs1/supercdms/data/CDMS/ANIMAL/R70/Raw/27190721_111505/PMT_27190721_111505_15.root copied
/gpfs/slac/staas/fs1/supercdms/data/CDMS/ANIMAL/R70/Raw/27190721_141559/PMT_27190721_141559_65.root copied
/gpfs/slac/staas/fs1/supercdms/data/CDMS/ANIMAL/R70/Raw/27190721_131548/PMT_27190721_131548_6.root copied
/gpfs/slac/staas/fs1/supercdms/data/CDMS/ANIMAL/R70/Raw/27190721_171736/PMT_27190721_171736_74.root copied
/gpfs/slac/staas/fs1/supercdms/data/CDMS/ANIMAL/R70/Raw/27190721_121534/PMT_27190721_121534_38.root copied
/gpfs/slac/staas/fs1/supercdms/data/CDMS/ANIMAL/R70/Raw/27190721_171736/PMT_27190721_171736_56.root copied
/gpfs/slac/staas/fs1/supercdms/data/CDMS/ANIMAL/R70/Raw/27190721_202145/PMT_27190721_202145_50.root copied
/gpfs/slac/staas/fs1/supercdms/data/CDMS/ANIMAL/R70/Raw/27190721_212539/PMT_27190721_212539_36.root copied
/gpfs/slac/staas/fs1/supercdms/data/CDMS/ANIMAL/R70/Raw/27190721_192110/PMT_27190721_192110_52.root copied
/gpfs/slac/staas/fs1/supercdms/data/CDMS/ANIMAL/R70/Raw/27190721_141559/PMT_27190721_141559_51.root copied
/gpfs/slac/staas/fs1/supercdms/data/CDMS/ANIMAL/R70/Raw/27190721_181805/PMT_27190721_181805_31.root copied
/gpfs/slac/staas/fs1/supercdms/data/CDMS/ANIMAL/R70/Raw/27190721_192110/PMT_27190721_192110_79.root copied
/gpfs/slac/staas/fs1/supercdms/data/CDMS/ANIMAL/R70/Raw/27190721_192110/PMT_27190721_192110_14.root copied
/gpfs/slac/staas/fs1/supercdms/data/CDMS/ANIMAL/R70/Raw/27190721_202145/PMT_27190721_202145_64.root copied
/gpfs/slac/staas/fs1/supercdms/data/CDMS/ANIMAL/R70/Raw/27190721_212539/PMT_27190721_212539_43.root copied
/gpfs/slac/staas/fs1/supercdms/data/CDMS/ANIMAL/R70/Raw/27190721_151614/PMT_27190721_151614_70.root copied
/gpfs/slac/staas/fs1/supercdms/data/CDMS/ANIMAL/R70/Raw/27190721_212539/PMT_27190721_212539_30.root copied
/gpfs/slac/staas/fs1/supercdms/data/CDMS/ANIMAL/R70/Raw/27190721_121534/PMT_27190721_121534_1.root copied
/gpfs/slac/staas/fs1/supercdms/data/CDMS/ANIMAL/R70/Raw/27190721_111505/PMT_27190721_111505_22.root copied
/gpfs/slac/staas/fs1/supercdms/data/CDMS/ANIMAL/R70/Raw/27190721_192110/PMT_27190721_192110_50.root copied
/gpfs/slac/staas/fs1/supercdms/data/CDMS/ANIMAL/R70/Raw/27190721_181805/PMT_27190721_181805_41.root copied
/gpfs/slac/staas/fs1/supercdms/data/CDMS/ANIMAL/R70/Raw/27190721_111505/PMT_27190721_111505_69.root copied
/gpfs/slac/staas/fs1/supercdms/data/CDMS/ANIMAL/R70/Raw/27190721_202145/PMT_27190721_202145_19.root copied
/gpfs/slac/staas/fs1/supercdms/data/CDMS/ANIMAL/R70/Raw/27190721_151614/PMT_27190721_151614_51.root copied
/gpfs/slac/staas/fs1/supercdms/data/CDMS/ANIMAL/R70/Raw/27190721_202145/PMT_27190721_202145_60.root copied
/gpfs/slac/staas/fs1/supercdms/data/CDMS/ANIMAL/R70/Raw/27190721_212539/PMT_27190721_212539_27.root copied
/gpfs/slac/staas/fs1/supercdms/data/CDMS/ANIMAL/R70/Raw/27190721_171736/PMT_27190721_171736_3.root copied
/gpfs/slac/staas/fs1/supercdms/data/CDMS/ANIMAL/R70/Raw/27190721_181805/PMT_27190721_181805_5.root copied
/gpfs/slac/staas/fs1/supercdms/data/CDMS/ANIMAL/R70/Raw/27190721_212539/PMT_27190721_212539_77.root copied
/gpfs/slac/staas/fs1/supercdms/data/CDMS/ANIMAL/R70/Raw/27190721_111505/PMT_27190721_111505_41.root copied
/gpfs/slac/staas/fs1/supercdms/data/CDMS/ANIMAL/R70/Raw/27190721_171736/PMT_27190721_171736_11.root copied
/gpfs/slac/staas/fs1/supercdms/data/CDMS/ANIMAL/R70/Raw/27190721_121534/PMT_27190721_121534_77.root copied
/gpfs/slac/staas/fs1/supercdms/data/CDMS/ANIMAL/R70/Raw/27190721_161721/PMT_27190721_161721_34.root copied
/gpfs/slac/staas/fs1/supercdms/data/CDMS/ANIMAL/R70/Raw/27190721_181805/PMT_27190721_181805_47.root copied
/gpfs/slac/staas/fs1/supercdms/data/CDMS/ANIMAL/R70/Raw/27190721_212539/PMT_27190721_212539_24.root copied
/gpfs/slac/staas/fs1/supercdms/data/CDMS/ANIMAL/R70/Raw/27190721_131548/PMT_27190721_131548_64.root copied
/gpfs/slac/staas/fs1/supercdms/data/CDMS/ANIMAL/R70/Raw/27190721_111505/PMT_27190721_111505_53.root copied
/gpfs/slac/staas/fs1/supercdms/data/CDMS/ANIMAL/R70/Raw/27190721_111505/PMT_27190721_111505_73.root copied
/gpfs/slac/staas/fs1/supercdms/data/CDMS/ANIMAL/R70/Raw/27190721_202145/PMT_27190721_202145_35.root copied
/gpfs/slac/staas/fs1/supercdms/data/CDMS/ANIMAL/R70/Raw/27190721_141559/PMT_27190721_141559_52.root copied
/gpfs/slac/staas/fs1/supercdms/data/CDMS/ANIMAL/R70/Raw/27190721_121534/PMT_27190721_121534_34.root copied
/gpfs/slac/staas/fs1/supercdms/data/CDMS/ANIMAL/R70/Raw/27190721_151614/PMT_27190721_151614_60.root copied
/gpfs/slac/staas/fs1/supercdms/data/CDMS/ANIMAL/R70/Raw/27190721_121534/PMT_27190721_121534_58.root copied
/gpfs/slac/staas/fs1/supercdms/data/CDMS/ANIMAL/R70/Raw/27190721_131548/PMT_27190721_131548_24.root copied
/gpfs/slac/staas/fs1/supercdms/data/CDMS/ANIMAL/R70/Raw/27190721_212539/PMT_27190721_212539_8.root copied
/gpfs/slac/staas/fs1/supercdms/data/CDMS/ANIMAL/R70/Raw/27190721_192110/PMT_27190721_192110_46.root copied
/gpfs/slac/staas/fs1/supercdms/data/CDMS/ANIMAL/R70/Raw/27190721_111505/PMT_27190721_111505_49.root copied
/gpfs/slac/staas/fs1/supercdms/data/CDMS/ANIMAL/R70/Raw/27190721_171736/PMT_27190721_171736_24.root copied
/gpfs/slac/staas/fs1/supercdms/data/CDMS/ANIMAL/R70/Raw/27190721_212539/PMT_27190721_212539_11.root copied
/gpfs/slac/staas/fs1/supercdms/data/CDMS/ANIMAL/R70/Raw/27190721_171736/PMT_27190721_171736-conf.root copied
/gpfs/slac/staas/fs1/supercdms/data/CDMS/ANIMAL/R70/Raw/27190721_111505/PMT_27190721_111505_19.root copied
/gpfs/slac/staas/fs1/supercdms/data/CDMS/ANIMAL/R70/Raw/27190721_111505/PMT_27190721_111505_76.root copied
/gpfs/slac/staas/fs1/supercdms/data/CDMS/ANIMAL/R70/Raw/27190721_161721/PMT_27190721_161721_9.root copied
/gpfs/slac/staas/fs1/supercdms/data/CDMS/ANIMAL/R70/Raw/27190721_121534/PMT_27190721_121534_5.root copied
/gpfs/slac/staas/fs1/supercdms/data/CDMS/ANIMAL/R70/Raw/27190721_192110/PMT_27190721_192110_53.root copied
/gpfs/slac/staas/fs1/supercdms/data/CDMS/ANIMAL/R70/Raw/27190721_141559/PMT_27190721_141559_62.root copied
/gpfs/slac/staas/fs1/supercdms/data/CDMS/ANIMAL/R70/Raw/27190721_121534/PMT_27190721_121534_23.root copied
/gpfs/slac/staas/fs1/supercdms/data/CDMS/ANIMAL/R70/Raw/27190721_151614/PMT_27190721_151614_34.root copied
/gpfs/slac/staas/fs1/supercdms/data/CDMS/ANIMAL/R70/Raw/27190721_181805/PMT_27190721_181805_6.root copied
/gpfs/slac/staas/fs1/supercdms/data/CDMS/ANIMAL/R70/Raw/27190721_121534/PMT_27190721_121534_43.root copied
/gpfs/slac/staas/fs1/supercdms/data/CDMS/ANIMAL/R70/Raw/27190721_141559/PMT_27190721_141559_27.root copied
/gpfs/slac/staas/fs1/supercdms/data/CDMS/ANIMAL/R70/Raw/27190721_181805/PMT_27190721_181805_16.root copied
/gpfs/slac/staas/fs1/supercdms/data/CDMS/ANIMAL/R70/Raw/27190721_171736/PMT_27190721_171736_69.root copied
/gpfs/slac/staas/fs1/supercdms/data/CDMS/ANIMAL/R70/Raw/27190721_111505/PMT_27190721_111505_20.root copied
/gpfs/slac/staas/fs1/supercdms/data/CDMS/ANIMAL/R70/Raw/27190721_131548/PMT_27190721_131548_12.root copied
/gpfs/slac/staas/fs1/supercdms/data/CDMS/ANIMAL/R70/Raw/27190721_151614/PMT_27190721_151614_22.root copied
/gpfs/slac/staas/fs1/supercdms/data/CDMS/ANIMAL/R70/Raw/27190721_151614/PMT_27190721_151614_8.root copied
/gpfs/slac/staas/fs1/supercdms/data/CDMS/ANIMAL/R70/Raw/27190721_212539/PMT_27190721_212539_4.root copied
/gpfs/slac/staas/fs1/supercdms/data/CDMS/ANIMAL/R70/Raw/27190721_181805/PMT_27190721_181805-conf.root copied
/gpfs/slac/staas/fs1/supercdms/data/CDMS/ANIMAL/R70/Raw/27190721_111505/PMT_27190721_111505_39.root copied
/gpfs/slac/staas/fs1/supercdms/data/CDMS/ANIMAL/R70/Raw/27190721_161721/PMT_27190721_161721_42.root copied
/gpfs/slac/staas/fs1/supercdms/data/CDMS/ANIMAL/R70/Raw/27190721_212539/PMT_27190721_212539_22.root copied
/gpfs/slac/staas/fs1/supercdms/data/CDMS/ANIMAL/R70/Raw/27190721_111505/PMT_27190721_111505_7.root copied
/gpfs/slac/staas/fs1/supercdms/data/CDMS/ANIMAL/R70/Raw/27190721_151614/PMT_27190721_151614_48.root copied
/gpfs/slac/staas/fs1/supercdms/data/CDMS/ANIMAL/R70/Raw/27190721_131548/PMT_27190721_131548_79.root copied
/gpfs/slac/staas/fs1/supercdms/data/CDMS/ANIMAL/R70/Raw/27190721_192110/PMT_27190721_192110_17.root copied
/gpfs/slac/staas/fs1/supercdms/data/CDMS/ANIMAL/R70/Raw/27190721_151614/PMT_27190721_151614_30.root copied
/gpfs/slac/staas/fs1/supercdms/data/CDMS/ANIMAL/R70/Raw/27190721_192110/PMT_27190721_192110_38.root copied
/gpfs/slac/staas/fs1/supercdms/data/CDMS/ANIMAL/R70/Raw/27190721_161721/PMT_27190721_161721_75.root copied
/gpfs/slac/staas/fs1/supercdms/data/CDMS/ANIMAL/R70/Raw/27190721_121534/PMT_27190721_121534_26.root copied
/gpfs/slac/staas/fs1/supercdms/data/CDMS/ANIMAL/R70/Raw/27190721_151614/PMT_27190721_151614_14.root copied
/gpfs/slac/staas/fs1/supercdms/data/CDMS/ANIMAL/R70/Raw/27190721_141559/PMT_27190721_141559_21.root copied
/gpfs/slac/staas/fs1/supercdms/data/CDMS/ANIMAL/R70/Raw/27190721_131548/PMT_27190721_131548_5.root copied
/gpfs/slac/staas/fs1/supercdms/data/CDMS/ANIMAL/R70/Raw/27190721_161721/PMT_27190721_161721_64.root copied
/gpfs/slac/staas/fs1/supercdms/data/CDMS/ANIMAL/R70/Raw/27190721_192110/PMT_27190721_192110_27.root copied
/gpfs/slac/staas/fs1/supercdms/data/CDMS/ANIMAL/R70/Raw/27190721_111505/PMT_27190721_111505_30.root copied
/gpfs/slac/staas/fs1/supercdms/data/CDMS/ANIMAL/R70/Raw/27190721_161721/PMT_27190721_161721_44.root copied
/gpfs/slac/staas/fs1/supercdms/data/CDMS/ANIMAL/R70/Raw/27190721_181805/PMT_27190721_181805_50.root copied
/gpfs/slac/staas/fs1/supercdms/data/CDMS/ANIMAL/R70/Raw/27190721_212539/PMT_27190721_212539_59.root copied
/gpfs/slac/staas/fs1/supercdms/data/CDMS/ANIMAL/R70/Raw/27190721_151614/PMT_27190721_151614_72.root copied
/gpfs/slac/staas/fs1/supercdms/data/CDMS/ANIMAL/R70/Raw/27190721_212539/PMT_27190721_212539_73.root copied
/gpfs/slac/staas/fs1/supercdms/data/CDMS/ANIMAL/R70/Raw/27190721_171736/PMT_27190721_171736_26.root copied
/gpfs/slac/staas/fs1/supercdms/data/CDMS/ANIMAL/R70/Raw/27190721_202145/PMT_27190721_202145_72.root copied
/gpfs/slac/staas/fs1/supercdms/data/CDMS/ANIMAL/R70/Raw/27190721_171736/PMT_27190721_171736_65.root copied
/gpfs/slac/staas/fs1/supercdms/data/CDMS/ANIMAL/R70/Raw/27190721_131548/PMT_27190721_131548_51.root copied
/gpfs/slac/staas/fs1/supercdms/data/CDMS/ANIMAL/R70/Raw/27190721_171736/PMT_27190721_171736_43.root copied
/gpfs/slac/staas/fs1/supercdms/data/CDMS/ANIMAL/R70/Raw/27190721_111505/PMT_27190721_111505_71.root copied
/gpfs/slac/staas/fs1/supercdms/data/CDMS/ANIMAL/R70/Raw/27190721_161721/PMT_27190721_161721_72.root copied
/gpfs/slac/staas/fs1/supercdms/data/CDMS/ANIMAL/R70/Raw/27190721_212539/PMT_27190721_212539_60.root copied
/gpfs/slac/staas/fs1/supercdms/data/CDMS/ANIMAL/R70/Raw/27190721_131548/PMT_27190721_131548_18.root copied
/gpfs/slac/staas/fs1/supercdms/data/CDMS/ANIMAL/R70/Raw/27190721_121534/PMT_27190721_121534_18.root copied
/gpfs/slac/staas/fs1/supercdms/data/CDMS/ANIMAL/R70/Raw/27190721_161721/PMT_27190721_161721_4.root copied
/gpfs/slac/staas/fs1/supercdms/data/CDMS/ANIMAL/R70/Raw/27190721_212539/PMT_27190721_212539_53.root copied
/gpfs/slac/staas/fs1/supercdms/data/CDMS/ANIMAL/R70/Raw/27190721_171736/PMT_27190721_171736_30.root copied
/gpfs/slac/staas/fs1/supercdms/data/CDMS/ANIMAL/R70/Raw/27190721_131548/PMT_27190721_131548_42.root copied
/gpfs/slac/staas/fs1/supercdms/data/CDMS/ANIMAL/R70/Raw/27190721_141559/PMT_27190721_141559_45.root copied
/gpfs/slac/staas/fs1/supercdms/data/CDMS/ANIMAL/R70/Raw/27190721_181805/PMT_27190721_181805_25.root copied
/gpfs/slac/staas/fs1/supercdms/data/CDMS/ANIMAL/R70/Raw/27190721_151614/PMT_27190721_151614_66.root copied
/gpfs/slac/staas/fs1/supercdms/data/CDMS/ANIMAL/R70/Raw/27190721_151614/PMT_27190721_151614_62.root copied
/gpfs/slac/staas/fs1/supercdms/data/CDMS/ANIMAL/R70/Raw/27190721_202145/PMT_27190721_202145_48.root copied
/gpfs/slac/staas/fs1/supercdms/data/CDMS/ANIMAL/R70/Raw/27190721_212539/PMT_27190721_212539_48.root copied
/gpfs/slac/staas/fs1/supercdms/data/CDMS/ANIMAL/R70/Raw/27190721_121534/PMT_27190721_121534_55.root copied
/gpfs/slac/staas/fs1/supercdms/data/CDMS/ANIMAL/R70/Raw/27190721_161721/PMT_27190721_161721_33.root copied
/gpfs/slac/staas/fs1/supercdms/data/CDMS/ANIMAL/R70/Raw/27190721_171736/PMT_27190721_171736_41.root copied
/gpfs/slac/staas/fs1/supercdms/data/CDMS/ANIMAL/R70/Raw/27190721_121534/PMT_27190721_121534_63.root copied
/gpfs/slac/staas/fs1/supercdms/data/CDMS/ANIMAL/R70/Raw/27190721_202145/PMT_27190721_202145_75.root copied
/gpfs/slac/staas/fs1/supercdms/data/CDMS/ANIMAL/R70/Raw/27190721_202145/PMT_27190721_202145_27.root copied
/gpfs/slac/staas/fs1/supercdms/data/CDMS/ANIMAL/R70/Raw/27190721_151614/PMT_27190721_151614_59.root copied
/gpfs/slac/staas/fs1/supercdms/data/CDMS/ANIMAL/R70/Raw/27190721_111505/PMT_27190721_111505_17.root copied
/gpfs/slac/staas/fs1/supercdms/data/CDMS/ANIMAL/R70/Raw/27190721_151614/PMT_27190721_151614_13.root copied
/gpfs/slac/staas/fs1/supercdms/data/CDMS/ANIMAL/R70/Raw/27190721_131548/PMT_27190721_131548_80.root copied
/gpfs/slac/staas/fs1/supercdms/data/CDMS/ANIMAL/R70/Raw/27190721_141559/PMT_27190721_141559_70.root copied
/gpfs/slac/staas/fs1/supercdms/data/CDMS/ANIMAL/R70/Raw/27190721_171736/PMT_27190721_171736_19.root copied
/gpfs/slac/staas/fs1/supercdms/data/CDMS/ANIMAL/R70/Raw/27190721_131548/PMT_27190721_131548_1.root copied
/gpfs/slac/staas/fs1/supercdms/data/CDMS/ANIMAL/R70/Raw/27190721_192110/PMT_27190721_192110_33.root copied
/gpfs/slac/staas/fs1/supercdms/data/CDMS/ANIMAL/R70/Raw/27190721_212539/PMT_27190721_212539_7.root copied
/gpfs/slac/staas/fs1/supercdms/data/CDMS/ANIMAL/R70/Raw/27190721_121534/PMT_27190721_121534_14.root copied
/gpfs/slac/staas/fs1/supercdms/data/CDMS/ANIMAL/R70/Raw/27190721_121534/PMT_27190721_121534_47.root copied
/gpfs/slac/staas/fs1/supercdms/data/CDMS/ANIMAL/R70/Raw/27190721_202145/PMT_27190721_202145_15.root copied
/gpfs/slac/staas/fs1/supercdms/data/CDMS/ANIMAL/R70/Raw/27190721_121534/PMT_27190721_121534_67.root copied
/gpfs/slac/staas/fs1/supercdms/data/CDMS/ANIMAL/R70/Raw/27190721_202145/PMT_27190721_202145_54.root copied
/gpfs/slac/staas/fs1/supercdms/data/CDMS/ANIMAL/R70/Raw/27190721_141559/PMT_27190721_141559_76.root copied
/gpfs/slac/staas/fs1/supercdms/data/CDMS/ANIMAL/R70/Raw/27190721_151614/PMT_27190721_151614_77.root copied
/gpfs/slac/staas/fs1/supercdms/data/CDMS/ANIMAL/R70/Raw/27190721_141559/PMT_27190721_141559_40.root copied
/gpfs/slac/staas/fs1/supercdms/data/CDMS/ANIMAL/R70/Raw/27190721_192110/PMT_27190721_192110_7.root copied
/gpfs/slac/staas/fs1/supercdms/data/CDMS/ANIMAL/R70/Raw/27190721_181805/PMT_27190721_181805_14.root copied
/gpfs/slac/staas/fs1/supercdms/data/CDMS/ANIMAL/R70/Raw/27190721_171736/PMT_27190721_171736_31.root copied
/gpfs/slac/staas/fs1/supercdms/data/CDMS/ANIMAL/R70/Raw/27190721_141559/PMT_27190721_141559_25.root copied
/gpfs/slac/staas/fs1/supercdms/data/CDMS/ANIMAL/R70/Raw/27190721_161721/PMT_27190721_161721_8.root copied
/gpfs/slac/staas/fs1/supercdms/data/CDMS/ANIMAL/R70/Raw/27190721_141559/PMT_27190721_141559_30.root copied
/gpfs/slac/staas/fs1/supercdms/data/CDMS/ANIMAL/R70/Raw/27190721_202145/PMT_27190721_202145_21.root copied
/gpfs/slac/staas/fs1/supercdms/data/CDMS/ANIMAL/R70/Raw/27190721_202145/PMT_27190721_202145_12.root copied
/gpfs/slac/staas/fs1/supercdms/data/CDMS/ANIMAL/R70/Raw/27190721_192110/PMT_27190721_192110_64.root copied
/gpfs/slac/staas/fs1/supercdms/data/CDMS/ANIMAL/R70/Raw/27190721_181805/PMT_27190721_181805_34.root copied
/gpfs/slac/staas/fs1/supercdms/data/CDMS/ANIMAL/R70/Raw/27190721_121534/PMT_27190721_121534_22.root copied
/gpfs/slac/staas/fs1/supercdms/data/CDMS/ANIMAL/R70/Raw/27190721_121534/PMT_27190721_121534_30.root copied
/gpfs/slac/staas/fs1/supercdms/data/CDMS/ANIMAL/R70/Raw/27190721_121534/PMT_27190721_121534_48.root copied
/gpfs/slac/staas/fs1/supercdms/data/CDMS/ANIMAL/R70/Raw/27190721_121534/PMT_27190721_121534_31.root copied
/gpfs/slac/staas/fs1/supercdms/data/CDMS/ANIMAL/R70/Raw/27190721_141559/PMT_27190721_141559_44.root copied
/gpfs/slac/staas/fs1/supercdms/data/CDMS/ANIMAL/R70/Raw/27190721_202145/PMT_27190721_202145_52.root copied
/gpfs/slac/staas/fs1/supercdms/data/CDMS/ANIMAL/R70/Raw/27190721_202145/PMT_27190721_202145_24.root copied
/gpfs/slac/staas/fs1/supercdms/data/CDMS/ANIMAL/R70/Raw/27190721_111505/PMT_27190721_111505_51.root copied
/gpfs/slac/staas/fs1/supercdms/data/CDMS/ANIMAL/R70/Raw/27190721_202145/PMT_27190721_202145_70.root copied
/gpfs/slac/staas/fs1/supercdms/data/CDMS/ANIMAL/R70/Raw/27190721_131548/PMT_27190721_131548_35.root copied
/gpfs/slac/staas/fs1/supercdms/data/CDMS/ANIMAL/R70/Raw/27190721_181805/PMT_27190721_181805_35.root copied
/gpfs/slac/staas/fs1/supercdms/data/CDMS/ANIMAL/R70/Raw/27190721_192110/PMT_27190721_192110_49.root copied
/gpfs/slac/staas/fs1/supercdms/data/CDMS/ANIMAL/R70/Raw/27190721_202145/PMT_27190721_202145_33.root copied
/gpfs/slac/staas/fs1/supercdms/data/CDMS/ANIMAL/R70/Raw/27190721_141559/PMT_27190721_141559_22.root copied
/gpfs/slac/staas/fs1/supercdms/data/CDMS/ANIMAL/R70/Raw/27190721_141559/PMT_27190721_141559_5.root copied
/gpfs/slac/staas/fs1/supercdms/data/CDMS/ANIMAL/R70/Raw/27190721_111505/PMT_27190721_111505_23.root copied
/gpfs/slac/staas/fs1/supercdms/data/CDMS/ANIMAL/R70/Raw/27190721_151614/PMT_27190721_151614_16.root copied
/gpfs/slac/staas/fs1/supercdms/data/CDMS/ANIMAL/R70/Raw/27190721_202145/PMT_27190721_202145_51.root copied
/gpfs/slac/staas/fs1/supercdms/data/CDMS/ANIMAL/R70/Raw/27190721_111505/PMT_27190721_111505_56.root copied
/gpfs/slac/staas/fs1/supercdms/data/CDMS/ANIMAL/R70/Raw/27190721_121534/PMT_27190721_121534_27.root copied
/gpfs/slac/staas/fs1/supercdms/data/CDMS/ANIMAL/R70/Raw/27190721_151614/PMT_27190721_151614_75.root copied
/gpfs/slac/staas/fs1/supercdms/data/CDMS/ANIMAL/R70/Raw/27190721_202145/PMT_27190721_202145_29.root copied
/gpfs/slac/staas/fs1/supercdms/data/CDMS/ANIMAL/R70/Raw/27190721_151614/PMT_27190721_151614_26.root copied
/gpfs/slac/staas/fs1/supercdms/data/CDMS/ANIMAL/R70/Raw/27190721_212539/PMT_27190721_212539_52.root copied
/gpfs/slac/staas/fs1/supercdms/data/CDMS/ANIMAL/R70/Raw/27190721_111505/PMT_27190721_111505_38.root copied
/gpfs/slac/staas/fs1/supercdms/data/CDMS/ANIMAL/R70/Raw/27190721_111505/PMT_27190721_111505_32.root copied
/gpfs/slac/staas/fs1/supercdms/data/CDMS/ANIMAL/R70/Raw/27190721_141559/PMT_27190721_141559_18.root copied
/gpfs/slac/staas/fs1/supercdms/data/CDMS/ANIMAL/R70/Raw/27190721_121534/PMT_27190721_121534_19.root copied
/gpfs/slac/staas/fs1/supercdms/data/CDMS/ANIMAL/R70/Raw/27190721_121534/PMT_27190721_121534_7.root copied
/gpfs/slac/staas/fs1/supercdms/data/CDMS/ANIMAL/R70/Raw/27190721_202145/PMT_27190721_202145_16.root copied
/gpfs/slac/staas/fs1/supercdms/data/CDMS/ANIMAL/R70/Raw/27190721_101442/PMT_27190721_101442-conf.root copied
/gpfs/slac/staas/fs1/supercdms/data/CDMS/ANIMAL/R70/Raw/27190721_171736/PMT_27190721_171736_17.root copied
/gpfs/slac/staas/fs1/supercdms/data/CDMS/ANIMAL/R70/Raw/27190721_202145/PMT_27190721_202145_79.root copied
/gpfs/slac/staas/fs1/supercdms/data/CDMS/ANIMAL/R70/Raw/27190721_161721/PMT_27190721_161721_49.root copied
/gpfs/slac/staas/fs1/supercdms/data/CDMS/ANIMAL/R70/Raw/27190721_111505/PMT_27190721_111505_45.root copied
/gpfs/slac/staas/fs1/supercdms/data/CDMS/ANIMAL/R70/Raw/27190721_111505/PMT_27190721_111505_26.root copied
/gpfs/slac/staas/fs1/supercdms/data/CDMS/ANIMAL/R70/Raw/27190721_131548/PMT_27190721_131548_60.root copied
/gpfs/slac/staas/fs1/supercdms/data/CDMS/ANIMAL/R70/Raw/27190721_171736/PMT_27190721_171736_37.root copied
/gpfs/slac/staas/fs1/supercdms/data/CDMS/ANIMAL/R70/Raw/27190721_171736/PMT_27190721_171736_42.root copied
/gpfs/slac/staas/fs1/supercdms/data/CDMS/ANIMAL/R70/Raw/27190721_181805/PMT_27190721_181805_7.root copied
/gpfs/slac/staas/fs1/supercdms/data/CDMS/ANIMAL/R70/Raw/27190721_131548/PMT_27190721_131548_71.root copied
/gpfs/slac/staas/fs1/supercdms/data/CDMS/ANIMAL/R70/Raw/27190721_161721/PMT_27190721_161721_2.root copied
/gpfs/slac/staas/fs1/supercdms/data/CDMS/ANIMAL/R70/Raw/27190721_181805/PMT_27190721_181805_8.root copied
/gpfs/slac/staas/fs1/supercdms/data/CDMS/ANIMAL/R70/Raw/27190721_171736/PMT_27190721_171736_67.root copied
/gpfs/slac/staas/fs1/supercdms/data/CDMS/ANIMAL/R70/Raw/27190721_131548/PMT_27190721_131548_2.root copied
/gpfs/slac/staas/fs1/supercdms/data/CDMS/ANIMAL/R70/Raw/27190721_131548/PMT_27190721_131548_30.root copied
/gpfs/slac/staas/fs1/supercdms/data/CDMS/ANIMAL/R70/Raw/27190721_151614/PMT_27190721_151614_6.root copied
/gpfs/slac/staas/fs1/supercdms/data/CDMS/ANIMAL/R70/Raw/27190721_202145/PMT_27190721_202145_38.root copied
/gpfs/slac/staas/fs1/supercdms/data/CDMS/ANIMAL/R70/Raw/27190721_161721/PMT_27190721_161721_16.root copied
/gpfs/slac/staas/fs1/supercdms/data/CDMS/ANIMAL/R70/Raw/27190721_161721/PMT_27190721_161721_78.root copied
/gpfs/slac/staas/fs1/supercdms/data/CDMS/ANIMAL/R70/Raw/27190721_171736/PMT_27190721_171736_71.root copied
/gpfs/slac/staas/fs1/supercdms/data/CDMS/ANIMAL/R70/Raw/27190721_161721/PMT_27190721_161721_30.root copied
/gpfs/slac/staas/fs1/supercdms/data/CDMS/ANIMAL/R70/Raw/27190721_121534/PMT_27190721_121534_42.root copied
/gpfs/slac/staas/fs1/supercdms/data/CDMS/ANIMAL/R70/Raw/27190721_121534/PMT_27190721_121534_12.root copied
/gpfs/slac/staas/fs1/supercdms/data/CDMS/ANIMAL/R70/Raw/27190721_131548/PMT_27190721_131548_62.root copied
/gpfs/slac/staas/fs1/supercdms/data/CDMS/ANIMAL/R70/Raw/27190721_212539/PMT_27190721_212539_44.root copied
/gpfs/slac/staas/fs1/supercdms/data/CDMS/ANIMAL/R70/Raw/27190721_161721/PMT_27190721_161721_53.root copied
/gpfs/slac/staas/fs1/supercdms/data/CDMS/ANIMAL/R70/Raw/27190721_111505/PMT_27190721_111505_62.root copied
/gpfs/slac/staas/fs1/supercdms/data/CDMS/ANIMAL/R70/Raw/27190721_121534/PMT_27190721_121534_29.root copied
/gpfs/slac/staas/fs1/supercdms/data/CDMS/ANIMAL/R70/Raw/27190721_151614/PMT_27190721_151614_24.root copied
/gpfs/slac/staas/fs1/supercdms/data/CDMS/ANIMAL/R70/Raw/27190721_212539/PMT_27190721_212539_70.root copied
/gpfs/slac/staas/fs1/supercdms/data/CDMS/ANIMAL/R70/Raw/27190721_111505/PMT_27190721_111505_31.root copied
/gpfs/slac/staas/fs1/supercdms/data/CDMS/ANIMAL/R70/Raw/27190721_151614/PMT_27190721_151614_50.root copied
/gpfs/slac/staas/fs1/supercdms/data/CDMS/ANIMAL/R70/Raw/27190721_192110/PMT_27190721_192110_65.root copied
/gpfs/slac/staas/fs1/supercdms/data/CDMS/ANIMAL/R70/Raw/27190721_151614/PMT_27190721_151614_79.root copied
/gpfs/slac/staas/fs1/supercdms/data/CDMS/ANIMAL/R70/Raw/27190721_192110/PMT_27190721_192110_44.root copied
/gpfs/slac/staas/fs1/supercdms/data/CDMS/ANIMAL/R70/Raw/27190721_111505/PMT_27190721_111505_65.root copied
/gpfs/slac/staas/fs1/supercdms/data/CDMS/ANIMAL/R70/Raw/27190721_212539/PMT_27190721_212539_16.root copied
/gpfs/slac/staas/fs1/supercdms/data/CDMS/ANIMAL/R70/Raw/27190721_151614/PMT_27190721_151614_46.root copied
/gpfs/slac/staas/fs1/supercdms/data/CDMS/ANIMAL/R70/Raw/27190721_131548/PMT_27190721_131548_23.root copied
/gpfs/slac/staas/fs1/supercdms/data/CDMS/ANIMAL/R70/Raw/27190721_151614/PMT_27190721_151614_37.root copied
/gpfs/slac/staas/fs1/supercdms/data/CDMS/ANIMAL/R70/Raw/27190721_192110/PMT_27190721_192110_47.root copied
/gpfs/slac/staas/fs1/supercdms/data/CDMS/ANIMAL/R70/Raw/27190721_171736/PMT_27190721_171736_72.root copied
/gpfs/slac/staas/fs1/supercdms/data/CDMS/ANIMAL/R70/Raw/27190721_141559/PMT_27190721_141559_2.root copied
/gpfs/slac/staas/fs1/supercdms/data/CDMS/ANIMAL/R70/Raw/27190721_181805/PMT_27190721_181805_54.root copied
/gpfs/slac/staas/fs1/supercdms/data/CDMS/ANIMAL/R70/Raw/27190721_141559/PMT_27190721_141559_37.root copied
/gpfs/slac/staas/fs1/supercdms/data/CDMS/ANIMAL/R70/Raw/27190721_202145/PMT_27190721_202145_1.root copied
/gpfs/slac/staas/fs1/supercdms/data/CDMS/ANIMAL/R70/Raw/27190721_202145/PMT_27190721_202145_41.root copied
/gpfs/slac/staas/fs1/supercdms/data/CDMS/ANIMAL/R70/Raw/27190721_212539/PMT_27190721_212539_66.root copied
/gpfs/slac/staas/fs1/supercdms/data/CDMS/ANIMAL/R70/Raw/27190721_181805/PMT_27190721_181805_19.root copied
/gpfs/slac/staas/fs1/supercdms/data/CDMS/ANIMAL/R70/Raw/27190721_192110/PMT_27190721_192110_20.root copied
/gpfs/slac/staas/fs1/supercdms/data/CDMS/ANIMAL/R70/Raw/27190721_192110/PMT_27190721_192110_45.root copied
/gpfs/slac/staas/fs1/supercdms/data/CDMS/ANIMAL/R70/Raw/27190721_151614/PMT_27190721_151614_67.root copied
/gpfs/slac/staas/fs1/supercdms/data/CDMS/ANIMAL/R70/Raw/27190721_151614/PMT_27190721_151614_41.root copied
/gpfs/slac/staas/fs1/supercdms/data/CDMS/ANIMAL/R70/Raw/27190721_141559/PMT_27190721_141559_50.root copied
/gpfs/slac/staas/fs1/supercdms/data/CDMS/ANIMAL/R70/Raw/27190721_141559/PMT_27190721_141559_10.root copied
/gpfs/slac/staas/fs1/supercdms/data/CDMS/ANIMAL/R70/Raw/27190721_111505/PMT_27190721_111505_63.root copied
/gpfs/slac/staas/fs1/supercdms/data/CDMS/ANIMAL/R70/Raw/27190721_141559/PMT_27190721_141559_24.root copied
/gpfs/slac/staas/fs1/supercdms/data/CDMS/ANIMAL/R70/Raw/27190721_171736/PMT_27190721_171736_9.root copied
/gpfs/slac/staas/fs1/supercdms/data/CDMS/ANIMAL/R70/Raw/27190721_131548/PMT_27190721_131548_61.root copied
/gpfs/slac/staas/fs1/supercdms/data/CDMS/ANIMAL/R70/Raw/27190721_121534/PMT_27190721_121534_2.root copied
/gpfs/slac/staas/fs1/supercdms/data/CDMS/ANIMAL/R70/Raw/27190721_141559/PMT_27190721_141559_20.root copied
/gpfs/slac/staas/fs1/supercdms/data/CDMS/ANIMAL/R70/Raw/27190721_161721/PMT_27190721_161721_39.root copied
/gpfs/slac/staas/fs1/supercdms/data/CDMS/ANIMAL/R70/Raw/27190721_141559/PMT_27190721_141559_39.root copied
/gpfs/slac/staas/fs1/supercdms/data/CDMS/ANIMAL/R70/Raw/27190721_141559/PMT_27190721_141559_64.root copied
/gpfs/slac/staas/fs1/supercdms/data/CDMS/ANIMAL/R70/Raw/27190721_171736/PMT_27190721_171736_44.root copied
/gpfs/slac/staas/fs1/supercdms/data/CDMS/ANIMAL/R70/Raw/27190721_141559/PMT_27190721_141559_28.root copied
/gpfs/slac/staas/fs1/supercdms/data/CDMS/ANIMAL/R70/Raw/27190721_192110/PMT_27190721_192110_36.root copied
/gpfs/slac/staas/fs1/supercdms/data/CDMS/ANIMAL/R70/Raw/27190721_151614/PMT_27190721_151614_78.root copied
/gpfs/slac/staas/fs1/supercdms/data/CDMS/ANIMAL/R70/Raw/27190721_171736/PMT_27190721_171736_46.root copied
/gpfs/slac/staas/fs1/supercdms/data/CDMS/ANIMAL/R70/Raw/27190721_121534/PMT_27190721_121534_80.root copied
/gpfs/slac/staas/fs1/supercdms/data/CDMS/ANIMAL/R70/Raw/27190721_121534/PMT_27190721_121534_72.root copied
/gpfs/slac/staas/fs1/supercdms/data/CDMS/ANIMAL/R70/Raw/27190721_141559/PMT_27190721_141559_71.root copied
/gpfs/slac/staas/fs1/supercdms/data/CDMS/ANIMAL/R70/Raw/27190721_121534/PMT_27190721_121534_17.root copied
/gpfs/slac/staas/fs1/supercdms/data/CDMS/ANIMAL/R70/Raw/27190721_111505/PMT_27190721_111505_59.root copied
/gpfs/slac/staas/fs1/supercdms/data/CDMS/ANIMAL/R70/Raw/27190721_161721/PMT_27190721_161721-conf.root copied
/gpfs/slac/staas/fs1/supercdms/data/CDMS/ANIMAL/R70/Raw/27190721_161721/PMT_27190721_161721_68.root copied
/gpfs/slac/staas/fs1/supercdms/data/CDMS/ANIMAL/R70/Raw/27190721_181805/PMT_27190721_181805_20.root copied
/gpfs/slac/staas/fs1/supercdms/data/CDMS/ANIMAL/R70/Raw/27190721_111505/PMT_27190721_111505_9.root copied
/gpfs/slac/staas/fs1/supercdms/data/CDMS/ANIMAL/R70/Raw/27190721_141559/PMT_27190721_141559_53.root copied
/gpfs/slac/staas/fs1/supercdms/data/CDMS/ANIMAL/R70/Raw/27190721_202145/PMT_27190721_202145_67.root copied
/gpfs/slac/staas/fs1/supercdms/data/CDMS/ANIMAL/R70/Raw/27190721_181805/PMT_27190721_181805_4.root copied
/gpfs/slac/staas/fs1/supercdms/data/CDMS/ANIMAL/R70/Raw/27190721_181805/PMT_27190721_181805_13.root copied
/gpfs/slac/staas/fs1/supercdms/data/CDMS/ANIMAL/R70/Raw/27190721_181805/PMT_27190721_181805_3.root copied
/gpfs/slac/staas/fs1/supercdms/data/CDMS/ANIMAL/R70/Raw/27190721_111505/PMT_27190721_111505_34.root copied
/gpfs/slac/staas/fs1/supercdms/data/CDMS/ANIMAL/R70/Raw/27190721_151614/PMT_27190721_151614_20.root copied
/gpfs/slac/staas/fs1/supercdms/data/CDMS/ANIMAL/R70/Raw/27190721_192110/PMT_27190721_192110_78.root copied
/gpfs/slac/staas/fs1/supercdms/data/CDMS/ANIMAL/R70/Raw/27190721_161721/PMT_27190721_161721_28.root copied
/gpfs/slac/staas/fs1/supercdms/data/CDMS/ANIMAL/R70/Raw/27190721_171736/PMT_27190721_171736_32.root copied
/gpfs/slac/staas/fs1/supercdms/data/CDMS/ANIMAL/R70/Raw/27190721_171736/PMT_27190721_171736_22.root copied
/gpfs/slac/staas/fs1/supercdms/data/CDMS/ANIMAL/R70/Raw/27190721_192110/PMT_27190721_192110_40.root copied
/gpfs/slac/staas/fs1/supercdms/data/CDMS/ANIMAL/R70/Raw/27190721_202145/PMT_27190721_202145_26.root copied
/gpfs/slac/staas/fs1/supercdms/data/CDMS/ANIMAL/R70/Raw/27190721_161721/PMT_27190721_161721_65.root copied
/gpfs/slac/staas/fs1/supercdms/data/CDMS/ANIMAL/R70/Raw/27190721_141559/PMT_27190721_141559_7.root copied
/gpfs/slac/staas/fs1/supercdms/data/CDMS/ANIMAL/R70/Raw/27190721_111505/PMT_27190721_111505_77.root copied
/gpfs/slac/staas/fs1/supercdms/data/CDMS/ANIMAL/R70/Raw/27190721_121534/PMT_27190721_121534_40.root copied
/gpfs/slac/staas/fs1/supercdms/data/CDMS/ANIMAL/R70/Raw/27190721_181805/PMT_27190721_181805_11.root copied
/gpfs/slac/staas/fs1/supercdms/data/CDMS/ANIMAL/R70/Raw/27190721_202145/PMT_27190721_202145_30.root copied
/gpfs/slac/staas/fs1/supercdms/data/CDMS/ANIMAL/R70/Raw/27190721_192110/PMT_27190721_192110_15.root copied
/gpfs/slac/staas/fs1/supercdms/data/CDMS/ANIMAL/R70/Raw/27190721_161721/PMT_27190721_161721_73.root copied
/gpfs/slac/staas/fs1/supercdms/data/CDMS/ANIMAL/R70/Raw/27190721_141559/PMT_27190721_141559_63.root copied
/gpfs/slac/staas/fs1/supercdms/data/CDMS/ANIMAL/R70/Raw/27190721_141559/PMT_27190721_141559_58.root copied
/gpfs/slac/staas/fs1/supercdms/data/CDMS/ANIMAL/R70/Raw/27190721_192110/PMT_27190721_192110_24.root copied
/gpfs/slac/staas/fs1/supercdms/data/CDMS/ANIMAL/R70/Raw/27190721_151614/PMT_27190721_151614_36.root copied
/gpfs/slac/staas/fs1/supercdms/data/CDMS/ANIMAL/R70/Raw/27190721_141559/PMT_27190721_141559_78.root copied
/gpfs/slac/staas/fs1/supercdms/data/CDMS/ANIMAL/R70/Raw/27190721_121534/PMT_27190721_121534_35.root copied
/gpfs/slac/staas/fs1/supercdms/data/CDMS/ANIMAL/R70/Raw/27190721_111505/PMT_27190721_111505_6.root copied
/gpfs/slac/staas/fs1/supercdms/data/CDMS/ANIMAL/R70/Raw/27190721_131548/PMT_27190721_131548_63.root copied
/gpfs/slac/staas/fs1/supercdms/data/CDMS/ANIMAL/R70/Raw/27190721_151614/PMT_27190721_151614_69.root copied
/gpfs/slac/staas/fs1/supercdms/data/CDMS/ANIMAL/R70/Raw/27190721_111505/PMT_27190721_111505_52.root copied
/gpfs/slac/staas/fs1/supercdms/data/CDMS/ANIMAL/R70/Raw/27190721_141559/PMT_27190721_141559_55.root copied
/gpfs/slac/staas/fs1/supercdms/data/CDMS/ANIMAL/R70/Raw/27190721_151614/PMT_27190721_151614_49.root copied
/gpfs/slac/staas/fs1/supercdms/data/CDMS/ANIMAL/R70/Raw/27190721_151614/PMT_27190721_151614_73.root copied
/gpfs/slac/staas/fs1/supercdms/data/CDMS/ANIMAL/R70/Raw/27190721_212539/PMT_27190721_212539_40.root copied
/gpfs/slac/staas/fs1/supercdms/data/CDMS/ANIMAL/R70/Raw/27190721_141559/PMT_27190721_141559_75.root copied
/gpfs/slac/staas/fs1/supercdms/data/CDMS/ANIMAL/R70/Raw/27190721_121534/PMT_27190721_121534_74.root copied
/gpfs/slac/staas/fs1/supercdms/data/CDMS/ANIMAL/R70/Raw/27190721_212539/PMT_27190721_212539_12.root copied
/gpfs/slac/staas/fs1/supercdms/data/CDMS/ANIMAL/R70/Raw/27190721_212539/PMT_27190721_212539_79.root copied
/gpfs/slac/staas/fs1/supercdms/data/CDMS/ANIMAL/R70/Raw/27190721_121534/PMT_27190721_121534_41.root copied
/gpfs/slac/staas/fs1/supercdms/data/CDMS/ANIMAL/R70/Raw/27190721_131548/PMT_27190721_131548_21.root copied
/gpfs/slac/staas/fs1/supercdms/data/CDMS/ANIMAL/R70/Raw/27190721_151614/PMT_27190721_151614_35.root copied
/gpfs/slac/staas/fs1/supercdms/data/CDMS/ANIMAL/R70/Raw/27190721_192110/PMT_27190721_192110_11.root copied
/gpfs/slac/staas/fs1/supercdms/data/CDMS/ANIMAL/R70/Raw/27190721_111505/PMT_27190721_111505_66.root copied
/gpfs/slac/staas/fs1/supercdms/data/CDMS/ANIMAL/R70/Raw/27190721_171736/PMT_27190721_171736_45.root copied
/gpfs/slac/staas/fs1/supercdms/data/CDMS/ANIMAL/R70/Raw/27190721_192110/PMT_27190721_192110_18.root copied
/gpfs/slac/staas/fs1/supercdms/data/CDMS/ANIMAL/R70/Raw/27190721_202145/PMT_27190721_202145_76.root copied
/gpfs/slac/staas/fs1/supercdms/data/CDMS/ANIMAL/R70/Raw/27190721_212539/PMT_27190721_212539_2.root copied
/gpfs/slac/staas/fs1/supercdms/data/CDMS/ANIMAL/R70/Raw/27190721_161721/PMT_27190721_161721_47.root copied
/gpfs/slac/staas/fs1/supercdms/data/CDMS/ANIMAL/R70/Raw/27190721_151614/PMT_27190721_151614_11.root copied
/gpfs/slac/staas/fs1/supercdms/data/CDMS/ANIMAL/R70/Raw/27190721_192110/PMT_27190721_192110_13.root copied
/gpfs/slac/staas/fs1/supercdms/data/CDMS/ANIMAL/R70/Raw/27190721_141559/PMT_27190721_141559_29.root copied
/gpfs/slac/staas/fs1/supercdms/data/CDMS/ANIMAL/R70/Raw/27190721_161721/PMT_27190721_161721_25.root copied
/gpfs/slac/staas/fs1/supercdms/data/CDMS/ANIMAL/R70/Raw/27190721_131548/PMT_27190721_131548_9.root copied
/gpfs/slac/staas/fs1/supercdms/data/CDMS/ANIMAL/R70/Raw/27190721_212539/PMT_27190721_212539_39.root copied
/gpfs/slac/staas/fs1/supercdms/data/CDMS/ANIMAL/R70/Raw/27190721_131548/PMT_27190721_131548_8.root copied
/gpfs/slac/staas/fs1/supercdms/data/CDMS/ANIMAL/R70/Raw/27190721_171736/PMT_27190721_171736_50.root copied
/gpfs/slac/staas/fs1/supercdms/data/CDMS/ANIMAL/R70/Raw/27190721_192110/PMT_27190721_192110_31.root copied
/gpfs/slac/staas/fs1/supercdms/data/CDMS/ANIMAL/R70/Raw/27190721_171736/PMT_27190721_171736_40.root copied
/gpfs/slac/staas/fs1/supercdms/data/CDMS/ANIMAL/R70/Raw/27190721_151614/PMT_27190721_151614_27.root copied
/gpfs/slac/staas/fs1/supercdms/data/CDMS/ANIMAL/R70/Raw/27190721_151614/PMT_27190721_151614_12.root copied
/gpfs/slac/staas/fs1/supercdms/data/CDMS/ANIMAL/R70/Raw/27190721_161721/PMT_27190721_161721_40.root copied
/gpfs/slac/staas/fs1/supercdms/data/CDMS/ANIMAL/R70/Raw/27190721_181805/PMT_27190721_181805_15.root copied
/gpfs/slac/staas/fs1/supercdms/data/CDMS/ANIMAL/R70/Raw/27190721_141559/PMT_27190721_141559_42.root copied
/gpfs/slac/staas/fs1/supercdms/data/CDMS/ANIMAL/R70/Raw/27190721_171736/PMT_27190721_171736_25.root copied
/gpfs/slac/staas/fs1/supercdms/data/CDMS/ANIMAL/R70/Raw/27190721_141559/PMT_27190721_141559_9.root copied
/gpfs/slac/staas/fs1/supercdms/data/CDMS/ANIMAL/R70/Raw/27190721_121534/PMT_27190721_121534_11.root copied
/gpfs/slac/staas/fs1/supercdms/data/CDMS/ANIMAL/R70/Raw/27190721_161721/PMT_27190721_161721_12.root copied
/gpfs/slac/staas/fs1/supercdms/data/CDMS/ANIMAL/R70/Raw/27190721_171736/PMT_27190721_171736_61.root copied
/gpfs/slac/staas/fs1/supercdms/data/CDMS/ANIMAL/R70/Raw/27190721_212539/PMT_27190721_212539_63.root copied
/gpfs/slac/staas/fs1/supercdms/data/CDMS/ANIMAL/R70/Raw/27190721_161721/PMT_27190721_161721_35.root copied
/gpfs/slac/staas/fs1/supercdms/data/CDMS/ANIMAL/R70/Raw/27190721_141559/PMT_27190721_141559_1.root copied
/gpfs/slac/staas/fs1/supercdms/data/CDMS/ANIMAL/R70/Raw/27190721_202145/PMT_27190721_202145_18.root copied
/gpfs/slac/staas/fs1/supercdms/data/CDMS/ANIMAL/R70/Raw/27190721_202145/PMT_27190721_202145_47.root copied
/gpfs/slac/staas/fs1/supercdms/data/CDMS/ANIMAL/R70/Raw/27190721_161721/PMT_27190721_161721_26.root copied
/gpfs/slac/staas/fs1/supercdms/data/CDMS/ANIMAL/R70/Raw/27190721_111505/PMT_27190721_111505_18.root copied
/gpfs/slac/staas/fs1/supercdms/data/CDMS/ANIMAL/R70/Raw/27190721_161721/PMT_27190721_161721_58.root copied
/gpfs/slac/staas/fs1/supercdms/data/CDMS/ANIMAL/R70/Raw/27190721_141559/PMT_27190721_141559_36.root copied
/gpfs/slac/staas/fs1/supercdms/data/CDMS/ANIMAL/R70/Raw/27190721_111505/PMT_27190721_111505_43.root copied
/gpfs/slac/staas/fs1/supercdms/data/CDMS/ANIMAL/R70/Raw/27190721_181805/PMT_27190721_181805_39.root copied
/gpfs/slac/staas/fs1/supercdms/data/CDMS/ANIMAL/R70/Raw/27190721_121534/PMT_27190721_121534_45.root copied
/gpfs/slac/staas/fs1/supercdms/data/CDMS/ANIMAL/R70/Raw/27190721_212539/PMT_27190721_212539_71.root copied
/gpfs/slac/staas/fs1/supercdms/data/CDMS/ANIMAL/R70/Raw/27190721_151614/PMT_27190721_151614_4.root copied
/gpfs/slac/staas/fs1/supercdms/data/CDMS/ANIMAL/R70/Raw/27190721_212539/PMT_27190721_212539_23.root copied
/gpfs/slac/staas/fs1/supercdms/data/CDMS/ANIMAL/R70/Raw/27190721_181805/PMT_27190721_181805_45.root copied
/gpfs/slac/staas/fs1/supercdms/data/CDMS/ANIMAL/R70/Raw/27190721_181805/PMT_27190721_181805_24.root copied
/gpfs/slac/staas/fs1/supercdms/data/CDMS/ANIMAL/R70/Raw/27190721_121534/PMT_27190721_121534_65.root copied
/gpfs/slac/staas/fs1/supercdms/data/CDMS/ANIMAL/R70/Raw/27190721_121534/PMT_27190721_121534_36.root copied
/gpfs/slac/staas/fs1/supercdms/data/CDMS/ANIMAL/R70/Raw/27190721_181805/PMT_27190721_181805_29.root copied
/gpfs/slac/staas/fs1/supercdms/data/CDMS/ANIMAL/R70/Raw/27190721_212539/PMT_27190721_212539_21.root copied
/gpfs/slac/staas/fs1/supercdms/data/CDMS/ANIMAL/R70/Raw/27190721_141559/PMT_27190721_141559_56.root copied
/gpfs/slac/staas/fs1/supercdms/data/CDMS/ANIMAL/R70/Raw/27190721_161721/PMT_27190721_161721_11.root copied
/gpfs/slac/staas/fs1/supercdms/data/CDMS/ANIMAL/R70/Raw/27190721_192110/PMT_27190721_192110_43.root copied
/gpfs/slac/staas/fs1/supercdms/data/CDMS/ANIMAL/R70/Raw/27190721_111505/PMT_27190721_111505_72.root copied
/gpfs/slac/staas/fs1/supercdms/data/CDMS/ANIMAL/R70/Raw/27190721_111505/PMT_27190721_111505_14.root copied
/gpfs/slac/staas/fs1/supercdms/data/CDMS/ANIMAL/R70/Raw/27190721_161721/PMT_27190721_161721_66.root copied
/gpfs/slac/staas/fs1/supercdms/data/CDMS/ANIMAL/R70/Raw/27190721_141559/PMT_27190721_141559_49.root copied
/gpfs/slac/staas/fs1/supercdms/data/CDMS/ANIMAL/R70/Raw/27190721_131548/PMT_27190721_131548_36.root copied
/gpfs/slac/staas/fs1/supercdms/data/CDMS/ANIMAL/R70/Raw/27190721_141559/PMT_27190721_141559_74.root copied
/gpfs/slac/staas/fs1/supercdms/data/CDMS/ANIMAL/R70/Raw/27190721_171736/PMT_27190721_171736_55.root copied
/gpfs/slac/staas/fs1/supercdms/data/CDMS/ANIMAL/R70/Raw/27190721_202145/PMT_27190721_202145_55.root copied
/gpfs/slac/staas/fs1/supercdms/data/CDMS/ANIMAL/R70/Raw/27190721_151614/PMT_27190721_151614_9.root copied
/gpfs/slac/staas/fs1/supercdms/data/CDMS/ANIMAL/R70/Raw/27190721_141559/PMT_27190721_141559_66.root copied
/gpfs/slac/staas/fs1/supercdms/data/CDMS/ANIMAL/R70/Raw/27190721_111505/PMT_27190721_111505_11.root copied
/gpfs/slac/staas/fs1/supercdms/data/CDMS/ANIMAL/R70/Raw/27190721_192110/PMT_27190721_192110_56.root copied
/gpfs/slac/staas/fs1/supercdms/data/CDMS/ANIMAL/R70/Raw/27190721_202145/PMT_27190721_202145_68.root copied
/gpfs/slac/staas/fs1/supercdms/data/CDMS/ANIMAL/R70/Raw/27190721_141559/PMT_27190721_141559_35.root copied
/gpfs/slac/staas/fs1/supercdms/data/CDMS/ANIMAL/R70/Raw/27190721_171736/PMT_27190721_171736_68.root copied
/gpfs/slac/staas/fs1/supercdms/data/CDMS/ANIMAL/R70/Raw/27190721_111505/PMT_27190721_111505_47.root copied
/gpfs/slac/staas/fs1/supercdms/data/CDMS/ANIMAL/R70/Raw/27190721_121534/PMT_27190721_121534_68.root copied
/gpfs/slac/staas/fs1/supercdms/data/CDMS/ANIMAL/R70/Raw/27190721_202145/PMT_27190721_202145_10.root copied
/gpfs/slac/staas/fs1/supercdms/data/CDMS/ANIMAL/R70/Raw/27190721_131548/PMT_27190721_131548_19.root copied
/gpfs/slac/staas/fs1/supercdms/data/CDMS/ANIMAL/R70/Raw/27190721_212539/PMT_27190721_212539_45.root copied
/gpfs/slac/staas/fs1/supercdms/data/CDMS/ANIMAL/R70/Raw/27190721_202145/PMT_27190721_202145_14.root copied
/gpfs/slac/staas/fs1/supercdms/data/CDMS/ANIMAL/R70/Raw/27190721_181805/PMT_27190721_181805_43.root copied
/gpfs/slac/staas/fs1/supercdms/data/CDMS/ANIMAL/R70/Raw/27190721_212539/PMT_27190721_212539_17.root copied
/gpfs/slac/staas/fs1/supercdms/data/CDMS/ANIMAL/R70/Raw/27190721_111505/PMT_27190721_111505_5.root copied
/gpfs/slac/staas/fs1/supercdms/data/CDMS/ANIMAL/R70/Raw/27190721_151614/PMT_27190721_151614_44.root copied
/gpfs/slac/staas/fs1/supercdms/data/CDMS/ANIMAL/R70/Raw/27190721_192110/PMT_27190721_192110_9.root copied
/gpfs/slac/staas/fs1/supercdms/data/CDMS/ANIMAL/R70/Raw/27190721_131548/PMT_27190721_131548_69.root copied
/gpfs/slac/staas/fs1/supercdms/data/CDMS/ANIMAL/R70/Raw/27190721_131548/PMT_27190721_131548_56.root copied
/gpfs/slac/staas/fs1/supercdms/data/CDMS/ANIMAL/R70/Raw/27190721_131548/PMT_27190721_131548_67.root copied
/gpfs/slac/staas/fs1/supercdms/data/CDMS/ANIMAL/R70/Raw/27190721_181805/PMT_27190721_181805_18.root copied
/gpfs/slac/staas/fs1/supercdms/data/CDMS/ANIMAL/R70/Raw/27190721_202145/PMT_27190721_202145_40.root copied
/gpfs/slac/staas/fs1/supercdms/data/CDMS/ANIMAL/R70/Raw/27190721_202145/PMT_27190721_202145_31.root copied
/gpfs/slac/staas/fs1/supercdms/data/CDMS/ANIMAL/R70/Raw/27190721_111505/PMT_27190721_111505_44.root copied
/gpfs/slac/staas/fs1/supercdms/data/CDMS/ANIMAL/R70/Raw/27190721_141559/PMT_27190721_141559_79.root copied
/gpfs/slac/staas/fs1/supercdms/data/CDMS/ANIMAL/R70/Raw/27190721_192110/PMT_27190721_192110_75.root copied
/gpfs/slac/staas/fs1/supercdms/data/CDMS/ANIMAL/R70/Raw/27190721_161721/PMT_27190721_161721_36.root copied
/gpfs/slac/staas/fs1/supercdms/data/CDMS/ANIMAL/R70/Raw/27190721_111505/PMT_27190721_111505_48.root copied
/gpfs/slac/staas/fs1/supercdms/data/CDMS/ANIMAL/R70/Raw/27190721_192110/PMT_27190721_192110_12.root copied
/gpfs/slac/staas/fs1/supercdms/data/CDMS/ANIMAL/R70/Raw/27190721_161721/PMT_27190721_161721_31.root copied
/gpfs/slac/staas/fs1/supercdms/data/CDMS/ANIMAL/R70/Raw/27190721_161721/PMT_27190721_161721_57.root copied
/gpfs/slac/staas/fs1/supercdms/data/CDMS/ANIMAL/R70/Raw/27190721_141559/PMT_27190721_141559_46.root copied
/gpfs/slac/staas/fs1/supercdms/data/CDMS/ANIMAL/R70/Raw/27190721_171736/PMT_27190721_171736_49.root copied
/gpfs/slac/staas/fs1/supercdms/data/CDMS/ANIMAL/R70/Raw/27190721_202145/PMT_27190721_202145_7.root copied
/gpfs/slac/staas/fs1/supercdms/data/CDMS/ANIMAL/R70/Raw/27190721_121534/PMT_27190721_121534_3.root copied
/gpfs/slac/staas/fs1/supercdms/data/CDMS/ANIMAL/R70/Raw/27190721_212539/PMT_27190721_212539_69.root copied
/gpfs/slac/staas/fs1/supercdms/data/CDMS/ANIMAL/R70/Raw/27190721_121534/PMT_27190721_121534_61.root copied
/gpfs/slac/staas/fs1/supercdms/data/CDMS/ANIMAL/R70/Raw/27190721_131548/PMT_27190721_131548_73.root copied
/gpfs/slac/staas/fs1/supercdms/data/CDMS/ANIMAL/R70/Raw/27190721_111505/PMT_27190721_111505_60.root copied
/gpfs/slac/staas/fs1/supercdms/data/CDMS/ANIMAL/R70/Raw/27190721_171736/PMT_27190721_171736_16.root copied
/gpfs/slac/staas/fs1/supercdms/data/CDMS/ANIMAL/R70/Raw/27190721_192110/PMT_27190721_192110_61.root copied
/gpfs/slac/staas/fs1/supercdms/data/CDMS/ANIMAL/R70/Raw/27190721_171736/PMT_27190721_171736_78.root copied
/gpfs/slac/staas/fs1/supercdms/data/CDMS/ANIMAL/R70/Raw/27190721_192110/PMT_27190721_192110_4.root copied
/gpfs/slac/staas/fs1/supercdms/data/CDMS/ANIMAL/R70/Raw/27190721_141559/PMT_27190721_141559_34.root copied
/gpfs/slac/staas/fs1/supercdms/data/CDMS/ANIMAL/R70/Raw/27190721_212539/PMT_27190721_212539_37.root copied
/gpfs/slac/staas/fs1/supercdms/data/CDMS/ANIMAL/R70/Raw/27190721_111505/PMT_27190721_111505_54.root copied
/gpfs/slac/staas/fs1/supercdms/data/CDMS/ANIMAL/R70/Raw/27190721_192110/PMT_27190721_192110_58.root copied
/gpfs/slac/staas/fs1/supercdms/data/CDMS/ANIMAL/R70/Raw/27190721_131548/PMT_27190721_131548_26.root copied
/gpfs/slac/staas/fs1/supercdms/data/CDMS/ANIMAL/R70/Raw/27190721_131548/PMT_27190721_131548_47.root copied
/gpfs/slac/staas/fs1/supercdms/data/CDMS/ANIMAL/R70/Raw/27190721_212539/PMT_27190721_212539_13.root copied
/gpfs/slac/staas/fs1/supercdms/data/CDMS/ANIMAL/R70/Raw/27190721_202145/PMT_27190721_202145_62.root copied
/gpfs/slac/staas/fs1/supercdms/data/CDMS/ANIMAL/R70/Raw/27190721_141559/PMT_27190721_141559_14.root copied
/gpfs/slac/staas/fs1/supercdms/data/CDMS/ANIMAL/R70/Raw/27190721_192110/PMT_27190721_192110_57.root copied
/gpfs/slac/staas/fs1/supercdms/data/CDMS/ANIMAL/R70/Raw/27190721_141559/PMT_27190721_141559_73.root copied
/gpfs/slac/staas/fs1/supercdms/data/CDMS/ANIMAL/R70/Raw/27190721_131548/PMT_27190721_131548_20.root copied
/gpfs/slac/staas/fs1/supercdms/data/CDMS/ANIMAL/R70/Raw/27190721_171736/PMT_27190721_171736_28.root copied
/gpfs/slac/staas/fs1/supercdms/data/CDMS/ANIMAL/R70/Raw/27190721_121534/PMT_27190721_121534_8.root copied
/gpfs/slac/staas/fs1/supercdms/data/CDMS/ANIMAL/R70/Raw/27190721_181805/PMT_27190721_181805_23.root copied
/gpfs/slac/staas/fs1/supercdms/data/CDMS/ANIMAL/R70/Raw/27190721_202145/PMT_27190721_202145_56.root copied
/gpfs/slac/staas/fs1/supercdms/data/CDMS/ANIMAL/R70/Raw/27190721_202145/PMT_27190721_202145_9.root copied
/gpfs/slac/staas/fs1/supercdms/data/CDMS/ANIMAL/R70/Raw/27190721_192110/PMT_27190721_192110_21.root copied
/gpfs/slac/staas/fs1/supercdms/data/CDMS/ANIMAL/R70/Raw/27190721_121534/PMT_27190721_121534_73.root copied
/gpfs/slac/staas/fs1/supercdms/data/CDMS/ANIMAL/R70/Raw/27190721_111505/PMT_27190721_111505_24.root copied
/gpfs/slac/staas/fs1/supercdms/data/CDMS/ANIMAL/R70/Raw/27190721_181805/PMT_27190721_181805_36.root copied
/gpfs/slac/staas/fs1/supercdms/data/CDMS/ANIMAL/R70/Raw/27190721_141559/PMT_27190721_141559_67.root copied
/gpfs/slac/staas/fs1/supercdms/data/CDMS/ANIMAL/R70/Raw/27190721_171736/PMT_27190721_171736_18.root copied
/gpfs/slac/staas/fs1/supercdms/data/CDMS/ANIMAL/R70/Raw/27190721_212539/PMT_27190721_212539_51.root copied
/gpfs/slac/staas/fs1/supercdms/data/CDMS/ANIMAL/R70/Raw/27190721_131548/PMT_27190721_131548_75.root copied
/gpfs/slac/staas/fs1/supercdms/data/CDMS/ANIMAL/R70/Raw/27190721_111505/PMT_27190721_111505_33.root copied
/gpfs/slac/staas/fs1/supercdms/data/CDMS/ANIMAL/R70/Raw/27190721_141559/PMT_27190721_141559_13.root copied
/gpfs/slac/staas/fs1/supercdms/data/CDMS/ANIMAL/R70/Raw/27190721_192110/PMT_27190721_192110_63.root copied
/gpfs/slac/staas/fs1/supercdms/data/CDMS/ANIMAL/R70/Raw/27190721_181805/PMT_27190721_181805_1.root copied
/gpfs/slac/staas/fs1/supercdms/data/CDMS/ANIMAL/R70/Raw/27190721_171736/PMT_27190721_171736_29.root copied
/gpfs/slac/staas/fs1/supercdms/data/CDMS/ANIMAL/R70/Raw/27190721_171736/PMT_27190721_171736_47.root copied
/gpfs/slac/staas/fs1/supercdms/data/CDMS/ANIMAL/R70/Raw/27190721_192110/PMT_27190721_192110_1.root copied
/gpfs/slac/staas/fs1/supercdms/data/CDMS/ANIMAL/R70/Raw/27190721_111505/PMT_27190721_111505_79.root copied
/gpfs/slac/staas/fs1/supercdms/data/CDMS/ANIMAL/R70/Raw/27190721_131548/PMT_27190721_131548_34.root copied
/gpfs/slac/staas/fs1/supercdms/data/CDMS/ANIMAL/R70/Raw/27190721_131548/PMT_27190721_131548_48.root copied
/gpfs/slac/staas/fs1/supercdms/data/CDMS/ANIMAL/R70/Raw/27190721_141559/PMT_27190721_141559_57.root copied
/gpfs/slac/staas/fs1/supercdms/data/CDMS/ANIMAL/R70/Raw/27190721_151614/PMT_27190721_151614_15.root copied
/gpfs/slac/staas/fs1/supercdms/data/CDMS/ANIMAL/R70/Raw/27190721_161721/PMT_27190721_161721_71.root copied
/gpfs/slac/staas/fs1/supercdms/data/CDMS/ANIMAL/R70/Raw/27190721_121534/PMT_27190721_121534_20.root copied
/gpfs/slac/staas/fs1/supercdms/data/CDMS/ANIMAL/R70/Raw/27190721_212539/PMT_27190721_212539_54.root copied
/gpfs/slac/staas/fs1/supercdms/data/CDMS/ANIMAL/R70/Raw/27190721_192110/PMT_27190721_192110_29.root copied
/gpfs/slac/staas/fs1/supercdms/data/CDMS/ANIMAL/R70/Raw/27190721_111505/PMT_27190721_111505_21.root copied
/gpfs/slac/staas/fs1/supercdms/data/CDMS/ANIMAL/R70/Raw/27190721_151614/PMT_27190721_151614_25.root copied
/gpfs/slac/staas/fs1/supercdms/data/CDMS/ANIMAL/R70/Raw/27190721_192110/PMT_27190721_192110_70.root copied
/gpfs/slac/staas/fs1/supercdms/data/CDMS/ANIMAL/R70/Raw/27190721_212539/PMT_27190721_212539_29.root copied
/gpfs/slac/staas/fs1/supercdms/data/CDMS/ANIMAL/R70/Raw/27190721_131548/PMT_27190721_131548_68.root copied
/gpfs/slac/staas/fs1/supercdms/data/CDMS/ANIMAL/R70/Raw/27190721_111505/PMT_27190721_111505_74.root copied
/gpfs/slac/staas/fs1/supercdms/data/CDMS/ANIMAL/R70/Raw/27190721_161721/PMT_27190721_161721_15.root copied
/gpfs/slac/staas/fs1/supercdms/data/CDMS/ANIMAL/R70/Raw/27190721_181805/PMT_27190721_181805_57.root copied
/gpfs/slac/staas/fs1/supercdms/data/CDMS/ANIMAL/R70/Raw/27190721_151614/PMT_27190721_151614_63.root copied
/gpfs/slac/staas/fs1/supercdms/data/CDMS/ANIMAL/R70/Raw/27190721_192110/PMT_27190721_192110_10.root copied
/gpfs/slac/staas/fs1/supercdms/data/CDMS/ANIMAL/R70/Raw/27190721_212539/PMT_27190721_212539_38.root copied
/gpfs/slac/staas/fs1/supercdms/data/CDMS/ANIMAL/R70/Raw/27190721_151614/PMT_27190721_151614_68.root copied
/gpfs/slac/staas/fs1/supercdms/data/CDMS/ANIMAL/R70/Raw/27190721_212539/PMT_27190721_212539_64.root copied
/gpfs/slac/staas/fs1/supercdms/data/CDMS/ANIMAL/R70/Raw/27190721_202145/PMT_27190721_202145_77.root copied
/gpfs/slac/staas/fs1/supercdms/data/CDMS/ANIMAL/R70/Raw/27190721_111505/PMT_27190721_111505_78.root copied
/gpfs/slac/staas/fs1/supercdms/data/CDMS/ANIMAL/R70/Raw/27190721_151614/PMT_27190721_151614_57.root copied
/gpfs/slac/staas/fs1/supercdms/data/CDMS/ANIMAL/R70/Raw/27190721_151614/PMT_27190721_151614_29.root copied
/gpfs/slac/staas/fs1/supercdms/data/CDMS/ANIMAL/R70/Raw/27190721_121534/PMT_27190721_121534_13.root copied
/gpfs/slac/staas/fs1/supercdms/data/CDMS/ANIMAL/R70/Raw/27190721_151614/PMT_27190721_151614_61.root copied
/gpfs/slac/staas/fs1/supercdms/data/CDMS/ANIMAL/R70/Raw/27190721_121534/PMT_27190721_121534_44.root copied
/gpfs/slac/staas/fs1/supercdms/data/CDMS/ANIMAL/R70/Raw/27190721_171736/PMT_27190721_171736_6.root copied
/gpfs/slac/staas/fs1/supercdms/data/CDMS/ANIMAL/R70/Raw/27190721_111505/PMT_27190721_111505_35.root copied
/gpfs/slac/staas/fs1/supercdms/data/CDMS/ANIMAL/R70/Raw/27190721_161721/PMT_27190721_161721_76.root copied
/gpfs/slac/staas/fs1/supercdms/data/CDMS/ANIMAL/R70/Raw/27190721_151614/PMT_27190721_151614_65.root copied
/gpfs/slac/staas/fs1/supercdms/data/CDMS/ANIMAL/R70/Raw/27190721_181805/PMT_27190721_181805_49.root copied
/gpfs/slac/staas/fs1/supercdms/data/CDMS/ANIMAL/R70/Raw/27190721_202145/PMT_27190721_202145_5.root copied
/gpfs/slac/staas/fs1/supercdms/data/CDMS/ANIMAL/R70/Raw/27190721_131548/PMT_27190721_131548_4.root copied
/gpfs/slac/staas/fs1/supercdms/data/CDMS/ANIMAL/R70/Raw/27190721_161721/PMT_27190721_161721_80.root copied
/gpfs/slac/staas/fs1/supercdms/data/CDMS/ANIMAL/R70/Raw/27190721_161721/PMT_27190721_161721_21.root copied
/gpfs/slac/staas/fs1/supercdms/data/CDMS/ANIMAL/R70/Raw/27190721_151614/PMT_27190721_151614_19.root copied
/gpfs/slac/staas/fs1/supercdms/data/CDMS/ANIMAL/R70/Raw/27190721_131548/PMT_27190721_131548-conf.root copied
/gpfs/slac/staas/fs1/supercdms/data/CDMS/ANIMAL/R70/Raw/27190721_212539/PMT_27190721_212539_35.root copied
/gpfs/slac/staas/fs1/supercdms/data/CDMS/ANIMAL/R70/Raw/27190721_161721/PMT_27190721_161721_17.root copied
/gpfs/slac/staas/fs1/supercdms/data/CDMS/ANIMAL/R70/Raw/27190721_202145/PMT_27190721_202145_44.root copied
/gpfs/slac/staas/fs1/supercdms/data/CDMS/ANIMAL/R70/Raw/27190721_212539/PMT_27190721_212539_67.root copied
/gpfs/slac/staas/fs1/supercdms/data/CDMS/ANIMAL/R70/Raw/27190721_202145/PMT_27190721_202145_78.root copied
/gpfs/slac/staas/fs1/supercdms/data/CDMS/ANIMAL/R70/Raw/27190721_121534/PMT_27190721_121534_79.root copied
/gpfs/slac/staas/fs1/supercdms/data/CDMS/ANIMAL/R70/Raw/27190721_171736/PMT_27190721_171736_36.root copied
/gpfs/slac/staas/fs1/supercdms/data/CDMS/ANIMAL/R70/Raw/27190721_212539/PMT_27190721_212539_76.root copied
/gpfs/slac/staas/fs1/supercdms/data/CDMS/ANIMAL/R70/Raw/27190721_192110/PMT_27190721_192110_72.root copied
/gpfs/slac/staas/fs1/supercdms/data/CDMS/ANIMAL/R70/Raw/27190721_212539/PMT_27190721_212539_33.root copied
/gpfs/slac/staas/fs1/supercdms/data/CDMS/ANIMAL/R70/Raw/27190721_171736/PMT_27190721_171736_80.root copied
/gpfs/slac/staas/fs1/supercdms/data/CDMS/ANIMAL/R70/Raw/27190721_202145/PMT_27190721_202145_42.root copied
/gpfs/slac/staas/fs1/supercdms/data/CDMS/ANIMAL/R70/Raw/27190721_111505/PMT_27190721_111505_68.root copied
/gpfs/slac/staas/fs1/supercdms/data/CDMS/ANIMAL/R70/Raw/27190721_212539/PMT_27190721_212539_41.root copied
/gpfs/slac/staas/fs1/supercdms/data/CDMS/ANIMAL/R70/Raw/27190721_121534/PMT_27190721_121534_21.root copied
/gpfs/slac/staas/fs1/supercdms/data/CDMS/ANIMAL/R70/Raw/27190721_141559/PMT_27190721_141559_68.root copied
/gpfs/slac/staas/fs1/supercdms/data/CDMS/ANIMAL/R70/Raw/27190721_212539/PMT_27190721_212539_20.root copied
/gpfs/slac/staas/fs1/supercdms/data/CDMS/ANIMAL/R70/Raw/27190721_212539/PMT_27190721_212539_65.root copied
/gpfs/slac/staas/fs1/supercdms/data/CDMS/ANIMAL/R70/Raw/27190721_151614/PMT_27190721_151614_45.root copied
/gpfs/slac/staas/fs1/supercdms/data/CDMS/ANIMAL/R70/Raw/27190721_181805/PMT_27190721_181805_28.root copied
/gpfs/slac/staas/fs1/supercdms/data/CDMS/ANIMAL/R70/Raw/27190721_111505/PMT_27190721_111505_37.root copied
/gpfs/slac/staas/fs1/supercdms/data/CDMS/ANIMAL/R70/Raw/27190721_212539/PMT_27190721_212539_18.root copied
/gpfs/slac/staas/fs1/supercdms/data/CDMS/ANIMAL/R70/Raw/27190721_192110/PMT_27190721_192110_35.root copied
/gpfs/slac/staas/fs1/supercdms/data/CDMS/ANIMAL/R70/Raw/27190721_131548/PMT_27190721_131548_46.root copied
/gpfs/slac/staas/fs1/supercdms/data/CDMS/ANIMAL/R70/Raw/27190721_171736/PMT_27190721_171736_39.root copied
/gpfs/slac/staas/fs1/supercdms/data/CDMS/ANIMAL/R70/Raw/27190721_192110/PMT_27190721_192110_48.root copied
/gpfs/slac/staas/fs1/supercdms/data/CDMS/ANIMAL/R70/Raw/27190721_161721/PMT_27190721_161721_63.root copied
/gpfs/slac/staas/fs1/supercdms/data/CDMS/ANIMAL/R70/Raw/27190721_131548/PMT_27190721_131548_7.root copied
/gpfs/slac/staas/fs1/supercdms/data/CDMS/ANIMAL/R70/Raw/27190721_181805/PMT_27190721_181805_27.root copied
/gpfs/slac/staas/fs1/supercdms/data/CDMS/ANIMAL/R70/Raw/27190721_151614/PMT_27190721_151614_10.root copied
/gpfs/slac/staas/fs1/supercdms/data/CDMS/ANIMAL/R70/Raw/27190721_121534/PMT_27190721_121534_66.root copied
/gpfs/slac/staas/fs1/supercdms/data/CDMS/ANIMAL/R70/Raw/27190721_171736/PMT_27190721_171736_27.root copied
/gpfs/slac/staas/fs1/supercdms/data/CDMS/ANIMAL/R70/Raw/27190721_202145/PMT_27190721_202145_17.root copied
/gpfs/slac/staas/fs1/supercdms/data/CDMS/ANIMAL/R70/Raw/27190721_111505/PMT_27190721_111505_42.root copied
/gpfs/slac/staas/fs1/supercdms/data/CDMS/ANIMAL/R70/Raw/27190721_161721/PMT_27190721_161721_24.root copied
/gpfs/slac/staas/fs1/supercdms/data/CDMS/ANIMAL/R70/Raw/27190721_141559/PMT_27190721_141559_3.root copied
/gpfs/slac/staas/fs1/supercdms/data/CDMS/ANIMAL/R70/Raw/27190721_131548/PMT_27190721_131548_11.root copied
/gpfs/slac/staas/fs1/supercdms/data/CDMS/ANIMAL/R70/Raw/27190721_141559/PMT_27190721_141559_54.root copied
/gpfs/slac/staas/fs1/supercdms/data/CDMS/ANIMAL/R70/Raw/27190721_111505/PMT_27190721_111505_64.root copied
/gpfs/slac/staas/fs1/supercdms/data/CDMS/ANIMAL/R70/Raw/27190721_111505/PMT_27190721_111505_75.root copied
/gpfs/slac/staas/fs1/supercdms/data/CDMS/ANIMAL/R70/Raw/27190721_131548/PMT_27190721_131548_70.root copied
/gpfs/slac/staas/fs1/supercdms/data/CDMS/ANIMAL/R70/Raw/27190721_161721/PMT_27190721_161721_29.root copied
/gpfs/slac/staas/fs1/supercdms/data/CDMS/ANIMAL/R70/Raw/27190721_202145/PMT_27190721_202145_3.root copied
/gpfs/slac/staas/fs1/supercdms/data/CDMS/ANIMAL/R70/Raw/27190721_161721/PMT_27190721_161721_10.root copied
/gpfs/slac/staas/fs1/supercdms/data/CDMS/ANIMAL/R70/Raw/27190721_192110/PMT_27190721_192110_62.root copied
/gpfs/slac/staas/fs1/supercdms/data/CDMS/ANIMAL/R70/Raw/27190721_121534/PMT_27190721_121534_59.root copied
/gpfs/slac/staas/fs1/supercdms/data/CDMS/ANIMAL/R70/Raw/27190721_161721/PMT_27190721_161721_56.root copied
/gpfs/slac/staas/fs1/supercdms/data/CDMS/ANIMAL/R70/Raw/27190721_171736/PMT_27190721_171736_73.root copied
/gpfs/slac/staas/fs1/supercdms/data/CDMS/ANIMAL/R70/Raw/27190721_181805/PMT_27190721_181805_17.root copied
/gpfs/slac/staas/fs1/supercdms/data/CDMS/ANIMAL/R70/Raw/27190721_111505/PMT_27190721_111505_3.root copied
/gpfs/slac/staas/fs1/supercdms/data/CDMS/ANIMAL/R70/Raw/27190721_131548/PMT_27190721_131548_49.root copied
/gpfs/slac/staas/fs1/supercdms/data/CDMS/ANIMAL/R70/Raw/27190721_171736/PMT_27190721_171736_52.root copied
/gpfs/slac/staas/fs1/supercdms/data/CDMS/ANIMAL/R70/Raw/27190721_212539/PMT_27190721_212539_42.root copied
/gpfs/slac/staas/fs1/supercdms/data/CDMS/ANIMAL/R70/Raw/27190721_171736/PMT_27190721_171736_53.root copied
/gpfs/slac/staas/fs1/supercdms/data/CDMS/ANIMAL/R70/Raw/27190721_192110/PMT_27190721_192110_39.root copied
/gpfs/slac/staas/fs1/supercdms/data/CDMS/ANIMAL/R70/Raw/27190721_161721/PMT_27190721_161721_52.root copied
/gpfs/slac/staas/fs1/supercdms/data/CDMS/ANIMAL/R70/Raw/27190721_192110/PMT_27190721_192110_67.root copied
/gpfs/slac/staas/fs1/supercdms/data/CDMS/ANIMAL/R70/Raw/27190721_161721/PMT_27190721_161721_62.root copied
/gpfs/slac/staas/fs1/supercdms/data/CDMS/ANIMAL/R70/Raw/27190721_202145/PMT_27190721_202145_69.root copied
/gpfs/slac/staas/fs1/supercdms/data/CDMS/ANIMAL/R70/Raw/27190721_192110/PMT_27190721_192110_41.root copied
/gpfs/slac/staas/fs1/supercdms/data/CDMS/ANIMAL/R70/Raw/27190721_121534/PMT_27190721_121534_9.root copied
/gpfs/slac/staas/fs1/supercdms/data/CDMS/ANIMAL/R70/Raw/27190721_212539/PMT_27190721_212539_68.root copied
/gpfs/slac/staas/fs1/supercdms/data/CDMS/ANIMAL/R70/Raw/27190721_181805/PMT_27190721_181805_44.root copied
/gpfs/slac/staas/fs1/supercdms/data/CDMS/ANIMAL/R70/Raw/27190721_131548/PMT_27190721_131548_54.root copied
/gpfs/slac/staas/fs1/supercdms/data/CDMS/ANIMAL/R70/Raw/27190721_192110/PMT_27190721_192110-conf.root copied
/gpfs/slac/staas/fs1/supercdms/data/CDMS/ANIMAL/R70/Raw/27190721_192110/PMT_27190721_192110_69.root copied
/gpfs/slac/staas/fs1/supercdms/data/CDMS/ANIMAL/R70/Raw/27190721_212539/PMT_27190721_212539_10.root copied
/gpfs/slac/staas/fs1/supercdms/data/CDMS/ANIMAL/R70/Raw/27190721_212539/PMT_27190721_212539_49.root copied
/gpfs/slac/staas/fs1/supercdms/data/CDMS/ANIMAL/R70/Raw/27190721_141559/PMT_27190721_141559_80.root copied
/gpfs/slac/staas/fs1/supercdms/data/CDMS/ANIMAL/R70/Raw/27190721_171736/PMT_27190721_171736_8.root copied
/gpfs/slac/staas/fs1/supercdms/data/CDMS/ANIMAL/R70/Raw/27190721_212539/PMT_27190721_212539_5.root copied
/gpfs/slac/staas/fs1/supercdms/data/CDMS/ANIMAL/R70/Raw/27190721_171736/PMT_27190721_171736_35.root copied
/gpfs/slac/staas/fs1/supercdms/data/CDMS/ANIMAL/R70/Raw/27190721_121534/PMT_27190721_121534_56.root copied
/gpfs/slac/staas/fs1/supercdms/data/CDMS/ANIMAL/R70/Raw/27190721_161721/PMT_27190721_161721_7.root copied
/gpfs/slac/staas/fs1/supercdms/data/CDMS/ANIMAL/R70/Raw/27190721_131548/PMT_27190721_131548_52.root copied
/gpfs/slac/staas/fs1/supercdms/data/CDMS/ANIMAL/R70/Raw/27190721_181805/PMT_27190721_181805_22.root copied
/gpfs/slac/staas/fs1/supercdms/data/CDMS/ANIMAL/R70/Raw/27190721_181805/PMT_27190721_181805_26.root copied
/gpfs/slac/staas/fs1/supercdms/data/CDMS/ANIMAL/R70/Raw/27190721_192110/PMT_27190721_192110_42.root copied
/gpfs/slac/staas/fs1/supercdms/data/CDMS/ANIMAL/R70/Raw/27190721_111505/PMT_27190721_111505_80.root copied
/gpfs/slac/staas/fs1/supercdms/data/CDMS/ANIMAL/R70/Raw/27190721_202145/PMT_27190721_202145-conf.root copied
/gpfs/slac/staas/fs1/supercdms/data/CDMS/ANIMAL/R70/Raw/27190721_141559/PMT_27190721_141559_43.root copied
/gpfs/slac/staas/fs1/supercdms/data/CDMS/ANIMAL/R70/Raw/27190721_192110/PMT_27190721_192110_51.root copied
/gpfs/slac/staas/fs1/supercdms/data/CDMS/ANIMAL/R70/Raw/27190721_192110/PMT_27190721_192110_28.root copied
/gpfs/slac/staas/fs1/supercdms/data/CDMS/ANIMAL/R70/Raw/27190721_151614/PMT_27190721_151614_32.root copied
/gpfs/slac/staas/fs1/supercdms/data/CDMS/ANIMAL/R70/Raw/27190721_212539/PMT_27190721_212539_3.root copied
/gpfs/slac/staas/fs1/supercdms/data/CDMS/ANIMAL/R70/Raw/27190721_151614/PMT_27190721_151614_18.root copied
/gpfs/slac/staas/fs1/supercdms/data/CDMS/ANIMAL/R70/Raw/27190721_181805/PMT_27190721_181805_12.root copied
/gpfs/slac/staas/fs1/supercdms/data/CDMS/ANIMAL/R70/Raw/27190721_161721/PMT_27190721_161721_55.root copied
/gpfs/slac/staas/fs1/supercdms/data/CDMS/ANIMAL/R70/Raw/27190721_171736/PMT_27190721_171736_34.root copied
/gpfs/slac/staas/fs1/supercdms/data/CDMS/ANIMAL/R70/Raw/27190721_212539/PMT_27190721_212539_50.root copied
/gpfs/slac/staas/fs1/supercdms/data/CDMS/ANIMAL/R70/Raw/27190721_141559/PMT_27190721_141559_32.root copied
/gpfs/slac/staas/fs1/supercdms/data/CDMS/ANIMAL/R70/Raw/27190721_141559/PMT_27190721_141559_48.root copied
/gpfs/slac/staas/fs1/supercdms/data/CDMS/ANIMAL/R70/Raw/27190721_151614/PMT_27190721_151614_2.root copied
/gpfs/slac/staas/fs1/supercdms/data/CDMS/ANIMAL/R70/Raw/27190721_202145/PMT_27190721_202145_28.root copied
/gpfs/slac/staas/fs1/supercdms/data/CDMS/ANIMAL/R70/Raw/27190721_151614/PMT_27190721_151614_54.root copied
/gpfs/slac/staas/fs1/supercdms/data/CDMS/ANIMAL/R70/Raw/27190721_141559/PMT_27190721_141559_77.root copied
/gpfs/slac/staas/fs1/supercdms/data/CDMS/ANIMAL/R70/Raw/27190721_131548/PMT_27190721_131548_53.root copied
/gpfs/slac/staas/fs1/supercdms/data/CDMS/ANIMAL/R70/Raw/27190721_192110/PMT_27190721_192110_76.root copied
/gpfs/slac/staas/fs1/supercdms/data/CDMS/ANIMAL/R70/Raw/27190721_161721/PMT_27190721_161721_27.root copied
/gpfs/slac/staas/fs1/supercdms/data/CDMS/ANIMAL/R70/Raw/27190721_192110/PMT_27190721_192110_73.root copied
/gpfs/slac/staas/fs1/supercdms/data/CDMS/ANIMAL/R70/Raw/27190721_202145/PMT_27190721_202145_22.root copied
/gpfs/slac/staas/fs1/supercdms/data/CDMS/ANIMAL/R70/Raw/27190721_161721/PMT_27190721_161721_19.root copied
/gpfs/slac/staas/fs1/supercdms/data/CDMS/ANIMAL/R70/Raw/27190721_212539/PMT_27190721_212539_57.root copied
/gpfs/slac/staas/fs1/supercdms/data/CDMS/ANIMAL/R70/Raw/27190721_131548/PMT_27190721_131548_31.root copied
/gpfs/slac/staas/fs1/supercdms/data/CDMS/ANIMAL/R70/Raw/27190721_111505/PMT_27190721_111505_58.root copied
/gpfs/slac/staas/fs1/supercdms/data/CDMS/ANIMAL/R70/Raw/27190721_131548/PMT_27190721_131548_29.root copied
/gpfs/slac/staas/fs1/supercdms/data/CDMS/ANIMAL/R70/Raw/27190721_151614/PMT_27190721_151614_55.root copied
/gpfs/slac/staas/fs1/supercdms/data/CDMS/ANIMAL/R70/Raw/27190721_141559/PMT_27190721_141559_47.root copied
/gpfs/slac/staas/fs1/supercdms/data/CDMS/ANIMAL/R70/Raw/27190721_202145/PMT_27190721_202145_49.root copied
/gpfs/slac/staas/fs1/supercdms/data/CDMS/ANIMAL/R70/Raw/27190721_192110/PMT_27190721_192110_37.root copied
/gpfs/slac/staas/fs1/supercdms/data/CDMS/ANIMAL/R70/Raw/27190721_151614/PMT_27190721_151614_7.root copied
/gpfs/slac/staas/fs1/supercdms/data/CDMS/ANIMAL/R70/Raw/27190721_141559/PMT_27190721_141559_72.root copied
/gpfs/slac/staas/fs1/supercdms/data/CDMS/ANIMAL/R70/Raw/27190721_161721/PMT_27190721_161721_70.root copied
/gpfs/slac/staas/fs1/supercdms/data/CDMS/ANIMAL/R70/Raw/27190721_171736/PMT_27190721_171736_60.root copied
/gpfs/slac/staas/fs1/supercdms/data/CDMS/ANIMAL/R70/Raw/27190721_192110/PMT_27190721_192110_60.root copied
/gpfs/slac/staas/fs1/supercdms/data/CDMS/ANIMAL/R70/Raw/27190721_151614/PMT_27190721_151614_23.root copied
/gpfs/slac/staas/fs1/supercdms/data/CDMS/ANIMAL/R70/Raw/27190721_181805/PMT_27190721_181805_33.root copied
/gpfs/slac/staas/fs1/supercdms/data/CDMS/ANIMAL/R70/Raw/27190721_202145/PMT_27190721_202145_43.root copied
/gpfs/slac/staas/fs1/supercdms/data/CDMS/ANIMAL/R70/Raw/27190721_131548/PMT_27190721_131548_65.root copied
/gpfs/slac/staas/fs1/supercdms/data/CDMS/ANIMAL/R70/Raw/27190721_202145/PMT_27190721_202145_34.root copied
/gpfs/slac/staas/fs1/supercdms/data/CDMS/ANIMAL/R70/Raw/27190721_111505/PMT_27190721_111505_13.root copied
/gpfs/slac/staas/fs1/supercdms/data/CDMS/ANIMAL/R70/Raw/27190721_161721/PMT_27190721_161721_14.root copied
/gpfs/slac/staas/fs1/supercdms/data/CDMS/ANIMAL/R70/Raw/27190721_212539/PMT_27190721_212539_61.root copied
/gpfs/slac/staas/fs1/supercdms/data/CDMS/ANIMAL/R70/Raw/27190721_181805/PMT_27190721_181805_38.root copied
/gpfs/slac/staas/fs1/supercdms/data/CDMS/ANIMAL/R70/Raw/27190721_181805/PMT_27190721_181805_48.root copied
/gpfs/slac/staas/fs1/supercdms/data/CDMS/ANIMAL/R70/Raw/27190721_181805/PMT_27190721_181805_40.root copied
/gpfs/slac/staas/fs1/supercdms/data/CDMS/ANIMAL/R70/Raw/27190721_111505/PMT_27190721_111505_46.root copied
/gpfs/slac/staas/fs1/supercdms/data/CDMS/ANIMAL/R70/Raw/27190721_171736/PMT_27190721_171736_76.root copied
/gpfs/slac/staas/fs1/supercdms/data/CDMS/ANIMAL/R70/Raw/27190721_192110/PMT_27190721_192110_71.root copied
/gpfs/slac/staas/fs1/supercdms/data/CDMS/ANIMAL/R70/Raw/27190721_171736/PMT_27190721_171736_33.root copied
/gpfs/slac/staas/fs1/supercdms/data/CDMS/ANIMAL/R70/Raw/27190721_151614/PMT_27190721_151614_39.root copied
/gpfs/slac/staas/fs1/supercdms/data/CDMS/ANIMAL/R70/Raw/27190721_121534/PMT_27190721_121534-conf.root copied
/gpfs/slac/staas/fs1/supercdms/data/CDMS/ANIMAL/R70/Raw/27190721_171736/PMT_27190721_171736_21.root copied
/gpfs/slac/staas/fs1/supercdms/data/CDMS/ANIMAL/R70/Raw/27190721_161721/PMT_27190721_161721_22.root copied
/gpfs/slac/staas/fs1/supercdms/data/CDMS/ANIMAL/R70/Raw/27190721_181805/PMT_27190721_181805_53.root copied
/gpfs/slac/staas/fs1/supercdms/data/CDMS/ANIMAL/R70/Raw/27190721_192110/PMT_27190721_192110_26.root copied
/gpfs/slac/staas/fs1/supercdms/data/CDMS/ANIMAL/R70/Raw/27190721_131548/PMT_27190721_131548_22.root copied
/gpfs/slac/staas/fs1/supercdms/data/CDMS/ANIMAL/R70/Raw/27190721_202145/PMT_27190721_202145_20.root copied
/gpfs/slac/staas/fs1/supercdms/data/CDMS/ANIMAL/R70/Raw/27190721_151614/PMT_27190721_151614_76.root copied
/gpfs/slac/staas/fs1/supercdms/data/CDMS/ANIMAL/R70/Raw/27190721_111505/PMT_27190721_111505_55.root copied
/gpfs/slac/staas/fs1/supercdms/data/CDMS/ANIMAL/R70/Raw/27190721_192110/PMT_27190721_192110_55.root copied
/gpfs/slac/staas/fs1/supercdms/data/CDMS/ANIMAL/R70/Raw/27190721_161721/PMT_27190721_161721_41.root copied
/gpfs/slac/staas/fs1/supercdms/data/CDMS/ANIMAL/R70/Raw/27190721_121534/PMT_27190721_121534_75.root copied
/gpfs/slac/staas/fs1/supercdms/data/CDMS/ANIMAL/R70/Raw/27190721_141559/PMT_27190721_141559_6.root copied
/gpfs/slac/staas/fs1/supercdms/data/CDMS/ANIMAL/R70/Raw/27190721_111505/PMT_27190721_111505_61.root copied
/gpfs/slac/staas/fs1/supercdms/data/CDMS/ANIMAL/R70/Raw/27190721_131548/PMT_27190721_131548_72.root copied
/gpfs/slac/staas/fs1/supercdms/data/CDMS/ANIMAL/R70/Raw/27190721_171736/PMT_27190721_171736_20.root copied
/gpfs/slac/staas/fs1/supercdms/data/CDMS/ANIMAL/R70/Raw/27190721_131548/PMT_27190721_131548_74.root copied
/gpfs/slac/staas/fs1/supercdms/data/CDMS/ANIMAL/R70/Raw/27190721_161721/PMT_27190721_161721_37.root copied
/gpfs/slac/staas/fs1/supercdms/data/CDMS/ANIMAL/R70/Raw/27190721_151614/PMT_27190721_151614_56.root copied
/gpfs/slac/staas/fs1/supercdms/data/CDMS/ANIMAL/R70/Raw/27190721_181805/PMT_27190721_181805_37.root copied
/gpfs/slac/staas/fs1/supercdms/data/CDMS/ANIMAL/R70/Raw/27190721_171736/PMT_27190721_171736_58.root copied
/gpfs/slac/staas/fs1/supercdms/data/CDMS/ANIMAL/R70/Raw/27190721_212539/PMT_27190721_212539_74.root copied
/gpfs/slac/staas/fs1/supercdms/data/CDMS/ANIMAL/R70/Raw/27190721_181805/PMT_27190721_181805_10.root copied
/gpfs/slac/staas/fs1/supercdms/data/CDMS/ANIMAL/R70/Raw/27190721_202145/PMT_27190721_202145_61.root copied
/gpfs/slac/staas/fs1/supercdms/data/CDMS/ANIMAL/R70/Raw/27190721_171736/PMT_27190721_171736_23.root copied
/gpfs/slac/staas/fs1/supercdms/data/CDMS/ANIMAL/R70/Raw/27190721_121534/PMT_27190721_121534_32.root copied
/gpfs/slac/staas/fs1/supercdms/data/CDMS/ANIMAL/R70/Raw/27190721_212539/PMT_27190721_212539_31.root copied
/gpfs/slac/staas/fs1/supercdms/data/CDMS/ANIMAL/R70/Raw/27190721_151614/PMT_27190721_151614_53.root copied
/gpfs/slac/staas/fs1/supercdms/data/CDMS/ANIMAL/R70/Raw/27190721_141559/PMT_27190721_141559_26.root copied
/gpfs/slac/staas/fs1/supercdms/data/CDMS/ANIMAL/R70/Raw/27190721_151614/PMT_27190721_151614_31.root copied
/gpfs/slac/staas/fs1/supercdms/data/CDMS/ANIMAL/R70/Raw/27190721_181805/PMT_27190721_181805_55.root copied
27190621_210604 didnt exist, now it does
/gpfs/slac/staas/fs1/supercdms/data/CDMS/ANIMAL/R70/Raw/27190621_210604/PMT_27190621_210604-conf.root copied
27190701_165721 didnt exist, now it does
/gpfs/slac/staas/fs1/supercdms/data/CDMS/ANIMAL/R70/Raw/27190701_165721/PMT_27190701_165721-conf.root copied
27190701_170538 didnt exist, now it does
/gpfs/slac/staas/fs1/supercdms/data/CDMS/ANIMAL/R70/Raw/27190701_170538/PMT_27190701_170538-conf.root copied
/gpfs/slac/staas/fs1/supercdms/data/CDMS/ANIMAL/R70/Raw/27190701_170538/PMT_27190701_170538_1.root copied
27190701_170417 didnt exist, now it does
/gpfs/slac/staas/fs1/supercdms/data/CDMS/ANIMAL/R70/Raw/27190701_170417/PMT_27190701_170417_1.root copied
/gpfs/slac/staas/fs1/supercdms/data/CDMS/ANIMAL/R70/Raw/27190621_210604/PMT_27190621_210604_1.root copied
27190701_180304 didnt exist, now it does
/gpfs/slac/staas/fs1/supercdms/data/CDMS/ANIMAL/R70/Raw/27190701_180304/PMT_27190701_180304-conf.root copied
/gpfs/slac/staas/fs1/supercdms/data/CDMS/ANIMAL/R70/Raw/27190701_180304/PMT_27190701_180304_1.root copied
27190701_172536 didnt exist, now it does
/gpfs/slac/staas/fs1/supercdms/data/CDMS/ANIMAL/R70/Raw/27190701_172536/PMT_27190701_172536_1.root copied
/gpfs/slac/staas/fs1/supercdms/data/CDMS/ANIMAL/R70/Raw/27190701_172536/PMT_27190701_172536-conf.root copied
27190701_195243 didnt exist, now it does
/gpfs/slac/staas/fs1/supercdms/data/CDMS/ANIMAL/R70/Raw/27190701_195243/PMT_27190701_195243_1.root copied
/gpfs/slac/staas/fs1/supercdms/data/CDMS/ANIMAL/R70/Raw/27190701_170417/PMT_27190701_170417-conf.root copied
/gpfs/slac/staas/fs1/supercdms/data/CDMS/ANIMAL/R70/Raw/27190701_165721/PMT_27190701_165721_1.root copied
/gpfs/slac/staas/fs1/supercdms/data/CDMS/ANIMAL/R70/Raw/27190621_210604/PMT_27190621_210604_1.bin copied
/gpfs/slac/staas/fs1/supercdms/data/CDMS/ANIMAL/R70/Raw/27190701_195243/PMT_27190701_195243-conf.root copied
27190707_212902 didnt exist, now it does
/gpfs/slac/staas/fs1/supercdms/data/CDMS/ANIMAL/R70/Raw/27190707_212902/PMT_27190707_212902_76.root copied
27190707_202201 didnt exist, now it does
/gpfs/slac/staas/fs1/supercdms/data/CDMS/ANIMAL/R70/Raw/27190707_202201/PMT_27190707_202201_32.root copied
27190707_150810 didnt exist, now it does
/gpfs/slac/staas/fs1/supercdms/data/CDMS/ANIMAL/R70/Raw/27190707_150810/PMT_27190707_150810_54.root copied
27190707_191822 didnt exist, now it does
/gpfs/slac/staas/fs1/supercdms/data/CDMS/ANIMAL/R70/Raw/27190707_191822/PMT_27190707_191822_69.root copied
27190707_181758 didnt exist, now it does
/gpfs/slac/staas/fs1/supercdms/data/CDMS/ANIMAL/R70/Raw/27190707_181758/PMT_27190707_181758_68.root copied
27190707_160927 didnt exist, now it does
/gpfs/slac/staas/fs1/supercdms/data/CDMS/ANIMAL/R70/Raw/27190707_160927/PMT_27190707_160927_61.root copied
27190707_125745 didnt exist, now it does
/gpfs/slac/staas/fs1/supercdms/data/CDMS/ANIMAL/R70/Raw/27190707_125745/PMT_27190707_125745_46.root copied
27190707_171626 didnt exist, now it does
/gpfs/slac/staas/fs1/supercdms/data/CDMS/ANIMAL/R70/Raw/27190707_171626/PMT_27190707_171626_9.root copied
/gpfs/slac/staas/fs1/supercdms/data/CDMS/ANIMAL/R70/Raw/27190707_212902/PMT_27190707_212902_12.root copied
/gpfs/slac/staas/fs1/supercdms/data/CDMS/ANIMAL/R70/Raw/27190707_125745/PMT_27190707_125745_12.root copied
27190707_140354 didnt exist, now it does
/gpfs/slac/staas/fs1/supercdms/data/CDMS/ANIMAL/R70/Raw/27190707_140354/PMT_27190707_140354_65.root copied
/gpfs/slac/staas/fs1/supercdms/data/CDMS/ANIMAL/R70/Raw/27190707_171626/PMT_27190707_171626_77.root copied
/gpfs/slac/staas/fs1/supercdms/data/CDMS/ANIMAL/R70/Raw/27190707_191822/PMT_27190707_191822_59.root copied
/gpfs/slac/staas/fs1/supercdms/data/CDMS/ANIMAL/R70/Raw/27190707_202201/PMT_27190707_202201_51.root copied
/gpfs/slac/staas/fs1/supercdms/data/CDMS/ANIMAL/R70/Raw/27190707_202201/PMT_27190707_202201_12.root copied
/gpfs/slac/staas/fs1/supercdms/data/CDMS/ANIMAL/R70/Raw/27190707_160927/PMT_27190707_160927_17.root copied
/gpfs/slac/staas/fs1/supercdms/data/CDMS/ANIMAL/R70/Raw/27190707_202201/PMT_27190707_202201_80.root copied
/gpfs/slac/staas/fs1/supercdms/data/CDMS/ANIMAL/R70/Raw/27190707_150810/PMT_27190707_150810_17.root copied
/gpfs/slac/staas/fs1/supercdms/data/CDMS/ANIMAL/R70/Raw/27190707_171626/PMT_27190707_171626_78.root copied
/gpfs/slac/staas/fs1/supercdms/data/CDMS/ANIMAL/R70/Raw/27190707_125745/PMT_27190707_125745_55.root copied
/gpfs/slac/staas/fs1/supercdms/data/CDMS/ANIMAL/R70/Raw/27190707_202201/PMT_27190707_202201_24.root copied
/gpfs/slac/staas/fs1/supercdms/data/CDMS/ANIMAL/R70/Raw/27190707_160927/PMT_27190707_160927_33.root copied
/gpfs/slac/staas/fs1/supercdms/data/CDMS/ANIMAL/R70/Raw/27190707_191822/PMT_27190707_191822_79.root copied
/gpfs/slac/staas/fs1/supercdms/data/CDMS/ANIMAL/R70/Raw/27190707_181758/PMT_27190707_181758_18.root copied
/gpfs/slac/staas/fs1/supercdms/data/CDMS/ANIMAL/R70/Raw/27190707_191822/PMT_27190707_191822_80.root copied
/gpfs/slac/staas/fs1/supercdms/data/CDMS/ANIMAL/R70/Raw/27190707_171626/PMT_27190707_171626_56.root copied
27190707_115024 didnt exist, now it does
/gpfs/slac/staas/fs1/supercdms/data/CDMS/ANIMAL/R70/Raw/27190707_115024/PMT_27190707_115024_80.root copied
/gpfs/slac/staas/fs1/supercdms/data/CDMS/ANIMAL/R70/Raw/27190707_125745/PMT_27190707_125745_19.root copied
/gpfs/slac/staas/fs1/supercdms/data/CDMS/ANIMAL/R70/Raw/27190707_202201/PMT_27190707_202201_27.root copied
/gpfs/slac/staas/fs1/supercdms/data/CDMS/ANIMAL/R70/Raw/27190707_150810/PMT_27190707_150810_47.root copied
/gpfs/slac/staas/fs1/supercdms/data/CDMS/ANIMAL/R70/Raw/27190707_150810/PMT_27190707_150810_42.root copied
/gpfs/slac/staas/fs1/supercdms/data/CDMS/ANIMAL/R70/Raw/27190707_150810/PMT_27190707_150810_74.root copied
/gpfs/slac/staas/fs1/supercdms/data/CDMS/ANIMAL/R70/Raw/27190707_160927/PMT_27190707_160927_37.root copied
/gpfs/slac/staas/fs1/supercdms/data/CDMS/ANIMAL/R70/Raw/27190707_181758/PMT_27190707_181758_9.root copied
/gpfs/slac/staas/fs1/supercdms/data/CDMS/ANIMAL/R70/Raw/27190707_150810/PMT_27190707_150810_4.root copied
/gpfs/slac/staas/fs1/supercdms/data/CDMS/ANIMAL/R70/Raw/27190707_181758/PMT_27190707_181758-conf.root copied
/gpfs/slac/staas/fs1/supercdms/data/CDMS/ANIMAL/R70/Raw/27190707_160927/PMT_27190707_160927_59.root copied
/gpfs/slac/staas/fs1/supercdms/data/CDMS/ANIMAL/R70/Raw/27190707_115024/PMT_27190707_115024_50.root copied
/gpfs/slac/staas/fs1/supercdms/data/CDMS/ANIMAL/R70/Raw/27190707_160927/PMT_27190707_160927_73.root copied
/gpfs/slac/staas/fs1/supercdms/data/CDMS/ANIMAL/R70/Raw/27190707_125745/PMT_27190707_125745_56.root copied
/gpfs/slac/staas/fs1/supercdms/data/CDMS/ANIMAL/R70/Raw/27190707_202201/PMT_27190707_202201_33.root copied
/gpfs/slac/staas/fs1/supercdms/data/CDMS/ANIMAL/R70/Raw/27190707_150810/PMT_27190707_150810_43.root copied
/gpfs/slac/staas/fs1/supercdms/data/CDMS/ANIMAL/R70/Raw/27190707_125745/PMT_27190707_125745_75.root copied
/gpfs/slac/staas/fs1/supercdms/data/CDMS/ANIMAL/R70/Raw/27190707_115024/PMT_27190707_115024_78.root copied
/gpfs/slac/staas/fs1/supercdms/data/CDMS/ANIMAL/R70/Raw/27190707_202201/PMT_27190707_202201_5.root copied
/gpfs/slac/staas/fs1/supercdms/data/CDMS/ANIMAL/R70/Raw/27190707_140354/PMT_27190707_140354_6.root copied
/gpfs/slac/staas/fs1/supercdms/data/CDMS/ANIMAL/R70/Raw/27190707_202201/PMT_27190707_202201_68.root copied
/gpfs/slac/staas/fs1/supercdms/data/CDMS/ANIMAL/R70/Raw/27190707_125745/PMT_27190707_125745_13.root copied
/gpfs/slac/staas/fs1/supercdms/data/CDMS/ANIMAL/R70/Raw/27190707_191822/PMT_27190707_191822_30.root copied
/gpfs/slac/staas/fs1/supercdms/data/CDMS/ANIMAL/R70/Raw/27190707_140354/PMT_27190707_140354_32.root copied
/gpfs/slac/staas/fs1/supercdms/data/CDMS/ANIMAL/R70/Raw/27190707_150810/PMT_27190707_150810_2.root copied
/gpfs/slac/staas/fs1/supercdms/data/CDMS/ANIMAL/R70/Raw/27190707_181758/PMT_27190707_181758_74.root copied
/gpfs/slac/staas/fs1/supercdms/data/CDMS/ANIMAL/R70/Raw/27190707_115024/PMT_27190707_115024_22.root copied
/gpfs/slac/staas/fs1/supercdms/data/CDMS/ANIMAL/R70/Raw/27190707_125745/PMT_27190707_125745_6.root copied
/gpfs/slac/staas/fs1/supercdms/data/CDMS/ANIMAL/R70/Raw/27190707_115024/PMT_27190707_115024_14.root copied
/gpfs/slac/staas/fs1/supercdms/data/CDMS/ANIMAL/R70/Raw/27190707_115024/PMT_27190707_115024_38.root copied
/gpfs/slac/staas/fs1/supercdms/data/CDMS/ANIMAL/R70/Raw/27190707_115024/PMT_27190707_115024_33.root copied
/gpfs/slac/staas/fs1/supercdms/data/CDMS/ANIMAL/R70/Raw/27190707_125745/PMT_27190707_125745_34.root copied
/gpfs/slac/staas/fs1/supercdms/data/CDMS/ANIMAL/R70/Raw/27190707_125745/PMT_27190707_125745_64.root copied
/gpfs/slac/staas/fs1/supercdms/data/CDMS/ANIMAL/R70/Raw/27190707_115024/PMT_27190707_115024_57.root copied
/gpfs/slac/staas/fs1/supercdms/data/CDMS/ANIMAL/R70/Raw/27190707_171626/PMT_27190707_171626_45.root copied
/gpfs/slac/staas/fs1/supercdms/data/CDMS/ANIMAL/R70/Raw/27190707_150810/PMT_27190707_150810_28.root copied
/gpfs/slac/staas/fs1/supercdms/data/CDMS/ANIMAL/R70/Raw/27190707_160927/PMT_27190707_160927_12.root copied
/gpfs/slac/staas/fs1/supercdms/data/CDMS/ANIMAL/R70/Raw/27190707_181758/PMT_27190707_181758_22.root copied
/gpfs/slac/staas/fs1/supercdms/data/CDMS/ANIMAL/R70/Raw/27190707_202201/PMT_27190707_202201_14.root copied
/gpfs/slac/staas/fs1/supercdms/data/CDMS/ANIMAL/R70/Raw/27190707_160927/PMT_27190707_160927_31.root copied
/gpfs/slac/staas/fs1/supercdms/data/CDMS/ANIMAL/R70/Raw/27190707_181758/PMT_27190707_181758_15.root copied
/gpfs/slac/staas/fs1/supercdms/data/CDMS/ANIMAL/R70/Raw/27190707_160927/PMT_27190707_160927_57.root copied
/gpfs/slac/staas/fs1/supercdms/data/CDMS/ANIMAL/R70/Raw/27190707_150810/PMT_27190707_150810_15.root copied
/gpfs/slac/staas/fs1/supercdms/data/CDMS/ANIMAL/R70/Raw/27190707_115024/PMT_27190707_115024_40.root copied
/gpfs/slac/staas/fs1/supercdms/data/CDMS/ANIMAL/R70/Raw/27190707_125745/PMT_27190707_125745_45.root copied
/gpfs/slac/staas/fs1/supercdms/data/CDMS/ANIMAL/R70/Raw/27190707_160927/PMT_27190707_160927_26.root copied
/gpfs/slac/staas/fs1/supercdms/data/CDMS/ANIMAL/R70/Raw/27190707_160927/PMT_27190707_160927_29.root copied
/gpfs/slac/staas/fs1/supercdms/data/CDMS/ANIMAL/R70/Raw/27190707_212902/PMT_27190707_212902_53.root copied
/gpfs/slac/staas/fs1/supercdms/data/CDMS/ANIMAL/R70/Raw/27190707_171626/PMT_27190707_171626_75.root copied
/gpfs/slac/staas/fs1/supercdms/data/CDMS/ANIMAL/R70/Raw/27190707_160927/PMT_27190707_160927_46.root copied
/gpfs/slac/staas/fs1/supercdms/data/CDMS/ANIMAL/R70/Raw/27190707_160927/PMT_27190707_160927_58.root copied
/gpfs/slac/staas/fs1/supercdms/data/CDMS/ANIMAL/R70/Raw/27190707_140354/PMT_27190707_140354_25.root copied
/gpfs/slac/staas/fs1/supercdms/data/CDMS/ANIMAL/R70/Raw/27190707_115024/PMT_27190707_115024_15.root copied
/gpfs/slac/staas/fs1/supercdms/data/CDMS/ANIMAL/R70/Raw/27190707_212902/PMT_27190707_212902_48.root copied
/gpfs/slac/staas/fs1/supercdms/data/CDMS/ANIMAL/R70/Raw/27190707_125745/PMT_27190707_125745_42.root copied
/gpfs/slac/staas/fs1/supercdms/data/CDMS/ANIMAL/R70/Raw/27190707_212902/PMT_27190707_212902_58.root copied
/gpfs/slac/staas/fs1/supercdms/data/CDMS/ANIMAL/R70/Raw/27190707_140354/PMT_27190707_140354_61.root copied
/gpfs/slac/staas/fs1/supercdms/data/CDMS/ANIMAL/R70/Raw/27190707_181758/PMT_27190707_181758_26.root copied
/gpfs/slac/staas/fs1/supercdms/data/CDMS/ANIMAL/R70/Raw/27190707_202201/PMT_27190707_202201_54.root copied
/gpfs/slac/staas/fs1/supercdms/data/CDMS/ANIMAL/R70/Raw/27190707_160927/PMT_27190707_160927_60.root copied
/gpfs/slac/staas/fs1/supercdms/data/CDMS/ANIMAL/R70/Raw/27190707_125745/PMT_27190707_125745_66.root copied
/gpfs/slac/staas/fs1/supercdms/data/CDMS/ANIMAL/R70/Raw/27190707_191822/PMT_27190707_191822-conf.root copied
/gpfs/slac/staas/fs1/supercdms/data/CDMS/ANIMAL/R70/Raw/27190707_160927/PMT_27190707_160927_9.root copied
/gpfs/slac/staas/fs1/supercdms/data/CDMS/ANIMAL/R70/Raw/27190707_171626/PMT_27190707_171626_28.root copied
/gpfs/slac/staas/fs1/supercdms/data/CDMS/ANIMAL/R70/Raw/27190707_181758/PMT_27190707_181758_30.root copied
/gpfs/slac/staas/fs1/supercdms/data/CDMS/ANIMAL/R70/Raw/27190707_212902/PMT_27190707_212902_49.root copied
27190707_102539 didnt exist, now it does
/gpfs/slac/staas/fs1/supercdms/data/CDMS/ANIMAL/R70/Raw/27190707_102539/PMT_27190707_102539_1.root copied
/gpfs/slac/staas/fs1/supercdms/data/CDMS/ANIMAL/R70/Raw/27190707_202201/PMT_27190707_202201_18.root copied
/gpfs/slac/staas/fs1/supercdms/data/CDMS/ANIMAL/R70/Raw/27190707_115024/PMT_27190707_115024_73.root copied
/gpfs/slac/staas/fs1/supercdms/data/CDMS/ANIMAL/R70/Raw/27190707_160927/PMT_27190707_160927_72.root copied
/gpfs/slac/staas/fs1/supercdms/data/CDMS/ANIMAL/R70/Raw/27190707_191822/PMT_27190707_191822_77.root copied
/gpfs/slac/staas/fs1/supercdms/data/CDMS/ANIMAL/R70/Raw/27190707_125745/PMT_27190707_125745_49.root copied
/gpfs/slac/staas/fs1/supercdms/data/CDMS/ANIMAL/R70/Raw/27190707_181758/PMT_27190707_181758_10.root copied
/gpfs/slac/staas/fs1/supercdms/data/CDMS/ANIMAL/R70/Raw/27190707_140354/PMT_27190707_140354_62.root copied
/gpfs/slac/staas/fs1/supercdms/data/CDMS/ANIMAL/R70/Raw/27190707_171626/PMT_27190707_171626_74.root copied
/gpfs/slac/staas/fs1/supercdms/data/CDMS/ANIMAL/R70/Raw/27190707_140354/PMT_27190707_140354_11.root copied
/gpfs/slac/staas/fs1/supercdms/data/CDMS/ANIMAL/R70/Raw/27190707_191822/PMT_27190707_191822_52.root copied
/gpfs/slac/staas/fs1/supercdms/data/CDMS/ANIMAL/R70/Raw/27190707_191822/PMT_27190707_191822_11.root copied
/gpfs/slac/staas/fs1/supercdms/data/CDMS/ANIMAL/R70/Raw/27190707_171626/PMT_27190707_171626_72.root copied
/gpfs/slac/staas/fs1/supercdms/data/CDMS/ANIMAL/R70/Raw/27190707_171626/PMT_27190707_171626_41.root copied
/gpfs/slac/staas/fs1/supercdms/data/CDMS/ANIMAL/R70/Raw/27190707_115024/PMT_27190707_115024_69.root copied
/gpfs/slac/staas/fs1/supercdms/data/CDMS/ANIMAL/R70/Raw/27190707_181758/PMT_27190707_181758_6.root copied
/gpfs/slac/staas/fs1/supercdms/data/CDMS/ANIMAL/R70/Raw/27190707_150810/PMT_27190707_150810_45.root copied
/gpfs/slac/staas/fs1/supercdms/data/CDMS/ANIMAL/R70/Raw/27190707_181758/PMT_27190707_181758_76.root copied
/gpfs/slac/staas/fs1/supercdms/data/CDMS/ANIMAL/R70/Raw/27190707_181758/PMT_27190707_181758_34.root copied
/gpfs/slac/staas/fs1/supercdms/data/CDMS/ANIMAL/R70/Raw/27190707_191822/PMT_27190707_191822_31.root copied
/gpfs/slac/staas/fs1/supercdms/data/CDMS/ANIMAL/R70/Raw/27190707_150810/PMT_27190707_150810_51.root copied
/gpfs/slac/staas/fs1/supercdms/data/CDMS/ANIMAL/R70/Raw/27190707_202201/PMT_27190707_202201_34.root copied
/gpfs/slac/staas/fs1/supercdms/data/CDMS/ANIMAL/R70/Raw/27190707_150810/PMT_27190707_150810_50.root copied
/gpfs/slac/staas/fs1/supercdms/data/CDMS/ANIMAL/R70/Raw/27190707_140354/PMT_27190707_140354_40.root copied
/gpfs/slac/staas/fs1/supercdms/data/CDMS/ANIMAL/R70/Raw/27190707_150810/PMT_27190707_150810_25.root copied
/gpfs/slac/staas/fs1/supercdms/data/CDMS/ANIMAL/R70/Raw/27190707_150810/PMT_27190707_150810_52.root copied
/gpfs/slac/staas/fs1/supercdms/data/CDMS/ANIMAL/R70/Raw/27190707_140354/PMT_27190707_140354_12.root copied
/gpfs/slac/staas/fs1/supercdms/data/CDMS/ANIMAL/R70/Raw/27190707_212902/PMT_27190707_212902_68.root copied
/gpfs/slac/staas/fs1/supercdms/data/CDMS/ANIMAL/R70/Raw/27190707_212902/PMT_27190707_212902_74.root copied
/gpfs/slac/staas/fs1/supercdms/data/CDMS/ANIMAL/R70/Raw/27190707_202201/PMT_27190707_202201_72.root copied
/gpfs/slac/staas/fs1/supercdms/data/CDMS/ANIMAL/R70/Raw/27190707_140354/PMT_27190707_140354_66.root copied
/gpfs/slac/staas/fs1/supercdms/data/CDMS/ANIMAL/R70/Raw/27190707_171626/PMT_27190707_171626_67.root copied
/gpfs/slac/staas/fs1/supercdms/data/CDMS/ANIMAL/R70/Raw/27190707_125745/PMT_27190707_125745_63.root copied
/gpfs/slac/staas/fs1/supercdms/data/CDMS/ANIMAL/R70/Raw/27190707_212902/PMT_27190707_212902_24.root copied
/gpfs/slac/staas/fs1/supercdms/data/CDMS/ANIMAL/R70/Raw/27190707_140354/PMT_27190707_140354_54.root copied
/gpfs/slac/staas/fs1/supercdms/data/CDMS/ANIMAL/R70/Raw/27190707_171626/PMT_27190707_171626_39.root copied
/gpfs/slac/staas/fs1/supercdms/data/CDMS/ANIMAL/R70/Raw/27190707_125745/PMT_27190707_125745_78.root copied
/gpfs/slac/staas/fs1/supercdms/data/CDMS/ANIMAL/R70/Raw/27190707_150810/PMT_27190707_150810_13.root copied
/gpfs/slac/staas/fs1/supercdms/data/CDMS/ANIMAL/R70/Raw/27190707_181758/PMT_27190707_181758_42.root copied
/gpfs/slac/staas/fs1/supercdms/data/CDMS/ANIMAL/R70/Raw/27190707_202201/PMT_27190707_202201_22.root copied
/gpfs/slac/staas/fs1/supercdms/data/CDMS/ANIMAL/R70/Raw/27190707_171626/PMT_27190707_171626_14.root copied
/gpfs/slac/staas/fs1/supercdms/data/CDMS/ANIMAL/R70/Raw/27190707_181758/PMT_27190707_181758_14.root copied
/gpfs/slac/staas/fs1/supercdms/data/CDMS/ANIMAL/R70/Raw/27190707_140354/PMT_27190707_140354_9.root copied
/gpfs/slac/staas/fs1/supercdms/data/CDMS/ANIMAL/R70/Raw/27190707_212902/PMT_27190707_212902_77.root copied
/gpfs/slac/staas/fs1/supercdms/data/CDMS/ANIMAL/R70/Raw/27190707_140354/PMT_27190707_140354_35.root copied
/gpfs/slac/staas/fs1/supercdms/data/CDMS/ANIMAL/R70/Raw/27190707_150810/PMT_27190707_150810_57.root copied
/gpfs/slac/staas/fs1/supercdms/data/CDMS/ANIMAL/R70/Raw/27190707_140354/PMT_27190707_140354_73.root copied
/gpfs/slac/staas/fs1/supercdms/data/CDMS/ANIMAL/R70/Raw/27190707_125745/PMT_27190707_125745_16.root copied
/gpfs/slac/staas/fs1/supercdms/data/CDMS/ANIMAL/R70/Raw/27190707_160927/PMT_27190707_160927_41.root copied
/gpfs/slac/staas/fs1/supercdms/data/CDMS/ANIMAL/R70/Raw/27190707_140354/PMT_27190707_140354_14.root copied
/gpfs/slac/staas/fs1/supercdms/data/CDMS/ANIMAL/R70/Raw/27190707_171626/PMT_27190707_171626_36.root copied
/gpfs/slac/staas/fs1/supercdms/data/CDMS/ANIMAL/R70/Raw/27190707_171626/PMT_27190707_171626_26.root copied
/gpfs/slac/staas/fs1/supercdms/data/CDMS/ANIMAL/R70/Raw/27190707_181758/PMT_27190707_181758_20.root copied
/gpfs/slac/staas/fs1/supercdms/data/CDMS/ANIMAL/R70/Raw/27190707_160927/PMT_27190707_160927_56.root copied
/gpfs/slac/staas/fs1/supercdms/data/CDMS/ANIMAL/R70/Raw/27190707_212902/PMT_27190707_212902_9.root copied
/gpfs/slac/staas/fs1/supercdms/data/CDMS/ANIMAL/R70/Raw/27190707_191822/PMT_27190707_191822_66.root copied
/gpfs/slac/staas/fs1/supercdms/data/CDMS/ANIMAL/R70/Raw/27190707_140354/PMT_27190707_140354_55.root copied
/gpfs/slac/staas/fs1/supercdms/data/CDMS/ANIMAL/R70/Raw/27190707_191822/PMT_27190707_191822_78.root copied
/gpfs/slac/staas/fs1/supercdms/data/CDMS/ANIMAL/R70/Raw/27190707_191822/PMT_27190707_191822_1.root copied
/gpfs/slac/staas/fs1/supercdms/data/CDMS/ANIMAL/R70/Raw/27190707_212902/PMT_27190707_212902_27.root copied
/gpfs/slac/staas/fs1/supercdms/data/CDMS/ANIMAL/R70/Raw/27190707_140354/PMT_27190707_140354_29.root copied
/gpfs/slac/staas/fs1/supercdms/data/CDMS/ANIMAL/R70/Raw/27190707_160927/PMT_27190707_160927_3.root copied
/gpfs/slac/staas/fs1/supercdms/data/CDMS/ANIMAL/R70/Raw/27190707_191822/PMT_27190707_191822_75.root copied
/gpfs/slac/staas/fs1/supercdms/data/CDMS/ANIMAL/R70/Raw/27190707_202201/PMT_27190707_202201_47.root copied
/gpfs/slac/staas/fs1/supercdms/data/CDMS/ANIMAL/R70/Raw/27190707_140354/PMT_27190707_140354_44.root copied
/gpfs/slac/staas/fs1/supercdms/data/CDMS/ANIMAL/R70/Raw/27190707_125745/PMT_27190707_125745_36.root copied
/gpfs/slac/staas/fs1/supercdms/data/CDMS/ANIMAL/R70/Raw/27190707_202201/PMT_27190707_202201_50.root copied
/gpfs/slac/staas/fs1/supercdms/data/CDMS/ANIMAL/R70/Raw/27190707_115024/PMT_27190707_115024_29.root copied
/gpfs/slac/staas/fs1/supercdms/data/CDMS/ANIMAL/R70/Raw/27190707_171626/PMT_27190707_171626_23.root copied
/gpfs/slac/staas/fs1/supercdms/data/CDMS/ANIMAL/R70/Raw/27190707_171626/PMT_27190707_171626_51.root copied
/gpfs/slac/staas/fs1/supercdms/data/CDMS/ANIMAL/R70/Raw/27190707_191822/PMT_27190707_191822_49.root copied
/gpfs/slac/staas/fs1/supercdms/data/CDMS/ANIMAL/R70/Raw/27190707_125745/PMT_27190707_125745_10.root copied
/gpfs/slac/staas/fs1/supercdms/data/CDMS/ANIMAL/R70/Raw/27190707_212902/PMT_27190707_212902_34.root copied
/gpfs/slac/staas/fs1/supercdms/data/CDMS/ANIMAL/R70/Raw/27190707_160927/PMT_27190707_160927_21.root copied
/gpfs/slac/staas/fs1/supercdms/data/CDMS/ANIMAL/R70/Raw/27190707_150810/PMT_27190707_150810_36.root copied
/gpfs/slac/staas/fs1/supercdms/data/CDMS/ANIMAL/R70/Raw/27190707_171626/PMT_27190707_171626_64.root copied
/gpfs/slac/staas/fs1/supercdms/data/CDMS/ANIMAL/R70/Raw/27190707_125745/PMT_27190707_125745_62.root copied
/gpfs/slac/staas/fs1/supercdms/data/CDMS/ANIMAL/R70/Raw/27190707_171626/PMT_27190707_171626_73.root copied
/gpfs/slac/staas/fs1/supercdms/data/CDMS/ANIMAL/R70/Raw/27190707_125745/PMT_27190707_125745_80.root copied
/gpfs/slac/staas/fs1/supercdms/data/CDMS/ANIMAL/R70/Raw/27190707_191822/PMT_27190707_191822_17.root copied
/gpfs/slac/staas/fs1/supercdms/data/CDMS/ANIMAL/R70/Raw/27190707_171626/PMT_27190707_171626_55.root copied
/gpfs/slac/staas/fs1/supercdms/data/CDMS/ANIMAL/R70/Raw/27190707_191822/PMT_27190707_191822_42.root copied
/gpfs/slac/staas/fs1/supercdms/data/CDMS/ANIMAL/R70/Raw/27190707_150810/PMT_27190707_150810_35.root copied
/gpfs/slac/staas/fs1/supercdms/data/CDMS/ANIMAL/R70/Raw/27190707_160927/PMT_27190707_160927_39.root copied
/gpfs/slac/staas/fs1/supercdms/data/CDMS/ANIMAL/R70/Raw/27190707_202201/PMT_27190707_202201_75.root copied
/gpfs/slac/staas/fs1/supercdms/data/CDMS/ANIMAL/R70/Raw/27190707_115024/PMT_27190707_115024_36.root copied
/gpfs/slac/staas/fs1/supercdms/data/CDMS/ANIMAL/R70/Raw/27190707_125745/PMT_27190707_125745_25.root copied
/gpfs/slac/staas/fs1/supercdms/data/CDMS/ANIMAL/R70/Raw/27190707_115024/PMT_27190707_115024_55.root copied
/gpfs/slac/staas/fs1/supercdms/data/CDMS/ANIMAL/R70/Raw/27190707_181758/PMT_27190707_181758_24.root copied
/gpfs/slac/staas/fs1/supercdms/data/CDMS/ANIMAL/R70/Raw/27190707_171626/PMT_27190707_171626_33.root copied
/gpfs/slac/staas/fs1/supercdms/data/CDMS/ANIMAL/R70/Raw/27190707_160927/PMT_27190707_160927_48.root copied
/gpfs/slac/staas/fs1/supercdms/data/CDMS/ANIMAL/R70/Raw/27190707_171626/PMT_27190707_171626_42.root copied
/gpfs/slac/staas/fs1/supercdms/data/CDMS/ANIMAL/R70/Raw/27190707_150810/PMT_27190707_150810_22.root copied
/gpfs/slac/staas/fs1/supercdms/data/CDMS/ANIMAL/R70/Raw/27190707_191822/PMT_27190707_191822_81.root copied
/gpfs/slac/staas/fs1/supercdms/data/CDMS/ANIMAL/R70/Raw/27190707_160927/PMT_27190707_160927_30.root copied
/gpfs/slac/staas/fs1/supercdms/data/CDMS/ANIMAL/R70/Raw/27190707_140354/PMT_27190707_140354_21.root copied
/gpfs/slac/staas/fs1/supercdms/data/CDMS/ANIMAL/R70/Raw/27190707_125745/PMT_27190707_125745-conf.root copied
/gpfs/slac/staas/fs1/supercdms/data/CDMS/ANIMAL/R70/Raw/27190707_181758/PMT_27190707_181758_79.root copied
/gpfs/slac/staas/fs1/supercdms/data/CDMS/ANIMAL/R70/Raw/27190707_160927/PMT_27190707_160927_24.root copied
/gpfs/slac/staas/fs1/supercdms/data/CDMS/ANIMAL/R70/Raw/27190707_181758/PMT_27190707_181758_46.root copied
/gpfs/slac/staas/fs1/supercdms/data/CDMS/ANIMAL/R70/Raw/27190707_181758/PMT_27190707_181758_45.root copied
/gpfs/slac/staas/fs1/supercdms/data/CDMS/ANIMAL/R70/Raw/27190707_191822/PMT_27190707_191822_57.root copied
/gpfs/slac/staas/fs1/supercdms/data/CDMS/ANIMAL/R70/Raw/27190707_150810/PMT_27190707_150810_20.root copied
/gpfs/slac/staas/fs1/supercdms/data/CDMS/ANIMAL/R70/Raw/27190707_140354/PMT_27190707_140354_49.root copied
/gpfs/slac/staas/fs1/supercdms/data/CDMS/ANIMAL/R70/Raw/27190707_115024/PMT_27190707_115024_18.root copied
/gpfs/slac/staas/fs1/supercdms/data/CDMS/ANIMAL/R70/Raw/27190707_140354/PMT_27190707_140354_78.root copied
/gpfs/slac/staas/fs1/supercdms/data/CDMS/ANIMAL/R70/Raw/27190707_115024/PMT_27190707_115024_17.root copied
/gpfs/slac/staas/fs1/supercdms/data/CDMS/ANIMAL/R70/Raw/27190707_150810/PMT_27190707_150810_44.root copied
/gpfs/slac/staas/fs1/supercdms/data/CDMS/ANIMAL/R70/Raw/27190707_160927/PMT_27190707_160927_75.root copied
/gpfs/slac/staas/fs1/supercdms/data/CDMS/ANIMAL/R70/Raw/27190707_202201/PMT_27190707_202201_21.root copied
/gpfs/slac/staas/fs1/supercdms/data/CDMS/ANIMAL/R70/Raw/27190707_181758/PMT_27190707_181758_16.root copied
/gpfs/slac/staas/fs1/supercdms/data/CDMS/ANIMAL/R70/Raw/27190707_160927/PMT_27190707_160927_6.root copied
/gpfs/slac/staas/fs1/supercdms/data/CDMS/ANIMAL/R70/Raw/27190707_160927/PMT_27190707_160927_15.root copied
/gpfs/slac/staas/fs1/supercdms/data/CDMS/ANIMAL/R70/Raw/27190707_181758/PMT_27190707_181758_28.root copied
/gpfs/slac/staas/fs1/supercdms/data/CDMS/ANIMAL/R70/Raw/27190707_115024/PMT_27190707_115024_71.root copied
/gpfs/slac/staas/fs1/supercdms/data/CDMS/ANIMAL/R70/Raw/27190707_212902/PMT_27190707_212902_40.root copied
/gpfs/slac/staas/fs1/supercdms/data/CDMS/ANIMAL/R70/Raw/27190707_160927/PMT_27190707_160927_52.root copied
/gpfs/slac/staas/fs1/supercdms/data/CDMS/ANIMAL/R70/Raw/27190707_125745/PMT_27190707_125745_71.root copied
/gpfs/slac/staas/fs1/supercdms/data/CDMS/ANIMAL/R70/Raw/27190707_160927/PMT_27190707_160927_14.root copied
/gpfs/slac/staas/fs1/supercdms/data/CDMS/ANIMAL/R70/Raw/27190707_191822/PMT_27190707_191822_67.root copied
/gpfs/slac/staas/fs1/supercdms/data/CDMS/ANIMAL/R70/Raw/27190707_115024/PMT_27190707_115024_70.root copied
/gpfs/slac/staas/fs1/supercdms/data/CDMS/ANIMAL/R70/Raw/27190707_202201/PMT_27190707_202201_6.root copied
/gpfs/slac/staas/fs1/supercdms/data/CDMS/ANIMAL/R70/Raw/27190707_115024/PMT_27190707_115024_27.root copied
/gpfs/slac/staas/fs1/supercdms/data/CDMS/ANIMAL/R70/Raw/27190707_140354/PMT_27190707_140354_10.root copied
/gpfs/slac/staas/fs1/supercdms/data/CDMS/ANIMAL/R70/Raw/27190707_160927/PMT_27190707_160927_76.root copied
/gpfs/slac/staas/fs1/supercdms/data/CDMS/ANIMAL/R70/Raw/27190707_115024/PMT_27190707_115024_59.root copied
/gpfs/slac/staas/fs1/supercdms/data/CDMS/ANIMAL/R70/Raw/27190707_212902/PMT_27190707_212902_17.root copied
/gpfs/slac/staas/fs1/supercdms/data/CDMS/ANIMAL/R70/Raw/27190707_212902/PMT_27190707_212902_71.root copied
/gpfs/slac/staas/fs1/supercdms/data/CDMS/ANIMAL/R70/Raw/27190707_125745/PMT_27190707_125745_29.root copied
/gpfs/slac/staas/fs1/supercdms/data/CDMS/ANIMAL/R70/Raw/27190707_171626/PMT_27190707_171626_30.root copied
/gpfs/slac/staas/fs1/supercdms/data/CDMS/ANIMAL/R70/Raw/27190707_150810/PMT_27190707_150810_76.root copied
/gpfs/slac/staas/fs1/supercdms/data/CDMS/ANIMAL/R70/Raw/27190707_160927/PMT_27190707_160927_38.root copied
/gpfs/slac/staas/fs1/supercdms/data/CDMS/ANIMAL/R70/Raw/27190707_202201/PMT_27190707_202201_4.root copied
/gpfs/slac/staas/fs1/supercdms/data/CDMS/ANIMAL/R70/Raw/27190707_171626/PMT_27190707_171626-conf.root copied
/gpfs/slac/staas/fs1/supercdms/data/CDMS/ANIMAL/R70/Raw/27190707_115024/PMT_27190707_115024_20.root copied
/gpfs/slac/staas/fs1/supercdms/data/CDMS/ANIMAL/R70/Raw/27190707_115024/PMT_27190707_115024_43.root copied
/gpfs/slac/staas/fs1/supercdms/data/CDMS/ANIMAL/R70/Raw/27190707_160927/PMT_27190707_160927_68.root copied
/gpfs/slac/staas/fs1/supercdms/data/CDMS/ANIMAL/R70/Raw/27190707_160927/PMT_27190707_160927_35.root copied
/gpfs/slac/staas/fs1/supercdms/data/CDMS/ANIMAL/R70/Raw/27190707_181758/PMT_27190707_181758_44.root copied
/gpfs/slac/staas/fs1/supercdms/data/CDMS/ANIMAL/R70/Raw/27190707_160927/PMT_27190707_160927_34.root copied
/gpfs/slac/staas/fs1/supercdms/data/CDMS/ANIMAL/R70/Raw/27190707_202201/PMT_27190707_202201_52.root copied
/gpfs/slac/staas/fs1/supercdms/data/CDMS/ANIMAL/R70/Raw/27190707_212902/PMT_27190707_212902_61.root copied
/gpfs/slac/staas/fs1/supercdms/data/CDMS/ANIMAL/R70/Raw/27190707_115024/PMT_27190707_115024_67.root copied
/gpfs/slac/staas/fs1/supercdms/data/CDMS/ANIMAL/R70/Raw/27190707_191822/PMT_27190707_191822_22.root copied
/gpfs/slac/staas/fs1/supercdms/data/CDMS/ANIMAL/R70/Raw/27190707_160927/PMT_27190707_160927_47.root copied
/gpfs/slac/staas/fs1/supercdms/data/CDMS/ANIMAL/R70/Raw/27190707_150810/PMT_27190707_150810_68.root copied
/gpfs/slac/staas/fs1/supercdms/data/CDMS/ANIMAL/R70/Raw/27190707_191822/PMT_27190707_191822_70.root copied
/gpfs/slac/staas/fs1/supercdms/data/CDMS/ANIMAL/R70/Raw/27190707_125745/PMT_27190707_125745_47.root copied
/gpfs/slac/staas/fs1/supercdms/data/CDMS/ANIMAL/R70/Raw/27190707_150810/PMT_27190707_150810_78.root copied
/gpfs/slac/staas/fs1/supercdms/data/CDMS/ANIMAL/R70/Raw/27190707_140354/PMT_27190707_140354_74.root copied
/gpfs/slac/staas/fs1/supercdms/data/CDMS/ANIMAL/R70/Raw/27190707_191822/PMT_27190707_191822_37.root copied
/gpfs/slac/staas/fs1/supercdms/data/CDMS/ANIMAL/R70/Raw/27190707_125745/PMT_27190707_125745_60.root copied
/gpfs/slac/staas/fs1/supercdms/data/CDMS/ANIMAL/R70/Raw/27190707_202201/PMT_27190707_202201_44.root copied
/gpfs/slac/staas/fs1/supercdms/data/CDMS/ANIMAL/R70/Raw/27190707_115024/PMT_27190707_115024_52.root copied
/gpfs/slac/staas/fs1/supercdms/data/CDMS/ANIMAL/R70/Raw/27190707_125745/PMT_27190707_125745_4.root copied
/gpfs/slac/staas/fs1/supercdms/data/CDMS/ANIMAL/R70/Raw/27190707_171626/PMT_27190707_171626_47.root copied
/gpfs/slac/staas/fs1/supercdms/data/CDMS/ANIMAL/R70/Raw/27190707_212902/PMT_27190707_212902-conf.root copied
/gpfs/slac/staas/fs1/supercdms/data/CDMS/ANIMAL/R70/Raw/27190707_140354/PMT_27190707_140354_45.root copied
/gpfs/slac/staas/fs1/supercdms/data/CDMS/ANIMAL/R70/Raw/27190707_202201/PMT_27190707_202201_78.root copied
/gpfs/slac/staas/fs1/supercdms/data/CDMS/ANIMAL/R70/Raw/27190707_125745/PMT_27190707_125745_50.root copied
/gpfs/slac/staas/fs1/supercdms/data/CDMS/ANIMAL/R70/Raw/27190707_125745/PMT_27190707_125745_24.root copied
/gpfs/slac/staas/fs1/supercdms/data/CDMS/ANIMAL/R70/Raw/27190707_140354/PMT_27190707_140354_5.root copied
/gpfs/slac/staas/fs1/supercdms/data/CDMS/ANIMAL/R70/Raw/27190707_140354/PMT_27190707_140354_81.root copied
/gpfs/slac/staas/fs1/supercdms/data/CDMS/ANIMAL/R70/Raw/27190707_171626/PMT_27190707_171626_5.root copied
/gpfs/slac/staas/fs1/supercdms/data/CDMS/ANIMAL/R70/Raw/27190707_150810/PMT_27190707_150810_37.root copied
/gpfs/slac/staas/fs1/supercdms/data/CDMS/ANIMAL/R70/Raw/27190707_202201/PMT_27190707_202201_60.root copied
/gpfs/slac/staas/fs1/supercdms/data/CDMS/ANIMAL/R70/Raw/27190707_125745/PMT_27190707_125745_31.root copied
/gpfs/slac/staas/fs1/supercdms/data/CDMS/ANIMAL/R70/Raw/27190707_150810/PMT_27190707_150810_18.root copied
/gpfs/slac/staas/fs1/supercdms/data/CDMS/ANIMAL/R70/Raw/27190707_160927/PMT_27190707_160927_49.root copied
/gpfs/slac/staas/fs1/supercdms/data/CDMS/ANIMAL/R70/Raw/27190707_212902/PMT_27190707_212902_47.root copied
/gpfs/slac/staas/fs1/supercdms/data/CDMS/ANIMAL/R70/Raw/27190707_181758/PMT_27190707_181758_7.root copied
/gpfs/slac/staas/fs1/supercdms/data/CDMS/ANIMAL/R70/Raw/27190707_160927/PMT_27190707_160927_42.root copied
/gpfs/slac/staas/fs1/supercdms/data/CDMS/ANIMAL/R70/Raw/27190707_160927/PMT_27190707_160927_27.root copied
/gpfs/slac/staas/fs1/supercdms/data/CDMS/ANIMAL/R70/Raw/27190707_202201/PMT_27190707_202201_30.root copied
/gpfs/slac/staas/fs1/supercdms/data/CDMS/ANIMAL/R70/Raw/27190707_125745/PMT_27190707_125745_69.root copied
/gpfs/slac/staas/fs1/supercdms/data/CDMS/ANIMAL/R70/Raw/27190707_140354/PMT_27190707_140354_26.root copied
/gpfs/slac/staas/fs1/supercdms/data/CDMS/ANIMAL/R70/Raw/27190707_115024/PMT_27190707_115024_6.root copied
/gpfs/slac/staas/fs1/supercdms/data/CDMS/ANIMAL/R70/Raw/27190707_212902/PMT_27190707_212902_36.root copied
/gpfs/slac/staas/fs1/supercdms/data/CDMS/ANIMAL/R70/Raw/27190707_125745/PMT_27190707_125745_81.root copied
/gpfs/slac/staas/fs1/supercdms/data/CDMS/ANIMAL/R70/Raw/27190707_181758/PMT_27190707_181758_52.root copied
/gpfs/slac/staas/fs1/supercdms/data/CDMS/ANIMAL/R70/Raw/27190707_125745/PMT_27190707_125745_33.root copied
/gpfs/slac/staas/fs1/supercdms/data/CDMS/ANIMAL/R70/Raw/27190707_191822/PMT_27190707_191822_2.root copied
/gpfs/slac/staas/fs1/supercdms/data/CDMS/ANIMAL/R70/Raw/27190707_125745/PMT_27190707_125745_7.root copied
/gpfs/slac/staas/fs1/supercdms/data/CDMS/ANIMAL/R70/Raw/27190707_212902/PMT_27190707_212902_73.root copied
/gpfs/slac/staas/fs1/supercdms/data/CDMS/ANIMAL/R70/Raw/27190707_171626/PMT_27190707_171626_12.root copied
/gpfs/slac/staas/fs1/supercdms/data/CDMS/ANIMAL/R70/Raw/27190707_160927/PMT_27190707_160927_16.root copied
/gpfs/slac/staas/fs1/supercdms/data/CDMS/ANIMAL/R70/Raw/27190707_212902/PMT_27190707_212902_33.root copied
/gpfs/slac/staas/fs1/supercdms/data/CDMS/ANIMAL/R70/Raw/27190707_202201/PMT_27190707_202201_8.root copied
/gpfs/slac/staas/fs1/supercdms/data/CDMS/ANIMAL/R70/Raw/27190707_202201/PMT_27190707_202201_9.root copied
/gpfs/slac/staas/fs1/supercdms/data/CDMS/ANIMAL/R70/Raw/27190707_140354/PMT_27190707_140354_22.root copied
/gpfs/slac/staas/fs1/supercdms/data/CDMS/ANIMAL/R70/Raw/27190707_202201/PMT_27190707_202201_74.root copied
/gpfs/slac/staas/fs1/supercdms/data/CDMS/ANIMAL/R70/Raw/27190707_212902/PMT_27190707_212902_14.root copied
/gpfs/slac/staas/fs1/supercdms/data/CDMS/ANIMAL/R70/Raw/27190707_160927/PMT_27190707_160927_28.root copied
/gpfs/slac/staas/fs1/supercdms/data/CDMS/ANIMAL/R70/Raw/27190707_115024/PMT_27190707_115024_41.root copied
/gpfs/slac/staas/fs1/supercdms/data/CDMS/ANIMAL/R70/Raw/27190707_125745/PMT_27190707_125745_73.root copied
/gpfs/slac/staas/fs1/supercdms/data/CDMS/ANIMAL/R70/Raw/27190707_160927/PMT_27190707_160927_80.root copied
/gpfs/slac/staas/fs1/supercdms/data/CDMS/ANIMAL/R70/Raw/27190707_115024/PMT_27190707_115024_26.root copied
/gpfs/slac/staas/fs1/supercdms/data/CDMS/ANIMAL/R70/Raw/27190707_125745/PMT_27190707_125745_72.root copied
/gpfs/slac/staas/fs1/supercdms/data/CDMS/ANIMAL/R70/Raw/27190707_150810/PMT_27190707_150810_75.root copied
/gpfs/slac/staas/fs1/supercdms/data/CDMS/ANIMAL/R70/Raw/27190707_181758/PMT_27190707_181758_54.root copied
/gpfs/slac/staas/fs1/supercdms/data/CDMS/ANIMAL/R70/Raw/27190707_181758/PMT_27190707_181758_38.root copied
/gpfs/slac/staas/fs1/supercdms/data/CDMS/ANIMAL/R70/Raw/27190707_191822/PMT_27190707_191822_74.root copied
/gpfs/slac/staas/fs1/supercdms/data/CDMS/ANIMAL/R70/Raw/27190707_171626/PMT_27190707_171626_31.root copied
/gpfs/slac/staas/fs1/supercdms/data/CDMS/ANIMAL/R70/Raw/27190707_171626/PMT_27190707_171626_79.root copied
/gpfs/slac/staas/fs1/supercdms/data/CDMS/ANIMAL/R70/Raw/27190707_140354/PMT_27190707_140354_59.root copied
/gpfs/slac/staas/fs1/supercdms/data/CDMS/ANIMAL/R70/Raw/27190707_212902/PMT_27190707_212902_43.root copied
/gpfs/slac/staas/fs1/supercdms/data/CDMS/ANIMAL/R70/Raw/27190707_212902/PMT_27190707_212902_55.root copied
/gpfs/slac/staas/fs1/supercdms/data/CDMS/ANIMAL/R70/Raw/27190707_115024/PMT_27190707_115024_1.root copied
/gpfs/slac/staas/fs1/supercdms/data/CDMS/ANIMAL/R70/Raw/27190707_181758/PMT_27190707_181758_62.root copied
/gpfs/slac/staas/fs1/supercdms/data/CDMS/ANIMAL/R70/Raw/27190707_181758/PMT_27190707_181758_32.root copied
/gpfs/slac/staas/fs1/supercdms/data/CDMS/ANIMAL/R70/Raw/27190707_115024/PMT_27190707_115024_11.root copied
/gpfs/slac/staas/fs1/supercdms/data/CDMS/ANIMAL/R70/Raw/27190707_125745/PMT_27190707_125745_70.root copied
/gpfs/slac/staas/fs1/supercdms/data/CDMS/ANIMAL/R70/Raw/27190707_160927/PMT_27190707_160927_81.root copied
/gpfs/slac/staas/fs1/supercdms/data/CDMS/ANIMAL/R70/Raw/27190707_171626/PMT_27190707_171626_57.root copied
/gpfs/slac/staas/fs1/supercdms/data/CDMS/ANIMAL/R70/Raw/27190707_150810/PMT_27190707_150810_12.root copied
/gpfs/slac/staas/fs1/supercdms/data/CDMS/ANIMAL/R70/Raw/27190707_140354/PMT_27190707_140354_51.root copied
/gpfs/slac/staas/fs1/supercdms/data/CDMS/ANIMAL/R70/Raw/27190707_150810/PMT_27190707_150810_26.root copied
/gpfs/slac/staas/fs1/supercdms/data/CDMS/ANIMAL/R70/Raw/27190707_150810/PMT_27190707_150810_21.root copied
/gpfs/slac/staas/fs1/supercdms/data/CDMS/ANIMAL/R70/Raw/27190707_125745/PMT_27190707_125745_40.root copied
/gpfs/slac/staas/fs1/supercdms/data/CDMS/ANIMAL/R70/Raw/27190707_212902/PMT_27190707_212902_45.root copied
/gpfs/slac/staas/fs1/supercdms/data/CDMS/ANIMAL/R70/Raw/27190707_212902/PMT_27190707_212902_25.root copied
/gpfs/slac/staas/fs1/supercdms/data/CDMS/ANIMAL/R70/Raw/27190707_181758/PMT_27190707_181758_19.root copied
/gpfs/slac/staas/fs1/supercdms/data/CDMS/ANIMAL/R70/Raw/27190707_181758/PMT_27190707_181758_69.root copied
/gpfs/slac/staas/fs1/supercdms/data/CDMS/ANIMAL/R70/Raw/27190707_150810/PMT_27190707_150810_63.root copied
/gpfs/slac/staas/fs1/supercdms/data/CDMS/ANIMAL/R70/Raw/27190707_125745/PMT_27190707_125745_52.root copied
/gpfs/slac/staas/fs1/supercdms/data/CDMS/ANIMAL/R70/Raw/27190707_181758/PMT_27190707_181758_2.root copied
/gpfs/slac/staas/fs1/supercdms/data/CDMS/ANIMAL/R70/Raw/27190707_140354/PMT_27190707_140354_31.root copied
/gpfs/slac/staas/fs1/supercdms/data/CDMS/ANIMAL/R70/Raw/27190707_150810/PMT_27190707_150810_23.root copied
/gpfs/slac/staas/fs1/supercdms/data/CDMS/ANIMAL/R70/Raw/27190707_181758/PMT_27190707_181758_43.root copied
/gpfs/slac/staas/fs1/supercdms/data/CDMS/ANIMAL/R70/Raw/27190707_202201/PMT_27190707_202201_69.root copied
/gpfs/slac/staas/fs1/supercdms/data/CDMS/ANIMAL/R70/Raw/27190707_140354/PMT_27190707_140354_43.root copied
/gpfs/slac/staas/fs1/supercdms/data/CDMS/ANIMAL/R70/Raw/27190707_171626/PMT_27190707_171626_61.root copied
/gpfs/slac/staas/fs1/supercdms/data/CDMS/ANIMAL/R70/Raw/27190707_125745/PMT_27190707_125745_35.root copied
/gpfs/slac/staas/fs1/supercdms/data/CDMS/ANIMAL/R70/Raw/27190707_125745/PMT_27190707_125745_38.root copied
/gpfs/slac/staas/fs1/supercdms/data/CDMS/ANIMAL/R70/Raw/27190707_140354/PMT_27190707_140354_4.root copied
/gpfs/slac/staas/fs1/supercdms/data/CDMS/ANIMAL/R70/Raw/27190707_115024/PMT_27190707_115024_39.root copied
/gpfs/slac/staas/fs1/supercdms/data/CDMS/ANIMAL/R70/Raw/27190707_191822/PMT_27190707_191822_4.root copied
/gpfs/slac/staas/fs1/supercdms/data/CDMS/ANIMAL/R70/Raw/27190707_125745/PMT_27190707_125745_37.root copied
/gpfs/slac/staas/fs1/supercdms/data/CDMS/ANIMAL/R70/Raw/27190707_212902/PMT_27190707_212902_79.root copied
/gpfs/slac/staas/fs1/supercdms/data/CDMS/ANIMAL/R70/Raw/27190707_212902/PMT_27190707_212902_57.root copied
/gpfs/slac/staas/fs1/supercdms/data/CDMS/ANIMAL/R70/Raw/27190707_171626/PMT_27190707_171626_76.root copied
/gpfs/slac/staas/fs1/supercdms/data/CDMS/ANIMAL/R70/Raw/27190707_115024/PMT_27190707_115024_51.root copied
/gpfs/slac/staas/fs1/supercdms/data/CDMS/ANIMAL/R70/Raw/27190707_202201/PMT_27190707_202201_15.root copied
/gpfs/slac/staas/fs1/supercdms/data/CDMS/ANIMAL/R70/Raw/27190707_212902/PMT_27190707_212902_63.root copied
/gpfs/slac/staas/fs1/supercdms/data/CDMS/ANIMAL/R70/Raw/27190707_171626/PMT_27190707_171626_3.root copied
/gpfs/slac/staas/fs1/supercdms/data/CDMS/ANIMAL/R70/Raw/27190707_171626/PMT_27190707_171626_71.root copied
/gpfs/slac/staas/fs1/supercdms/data/CDMS/ANIMAL/R70/Raw/27190707_181758/PMT_27190707_181758_8.root copied
/gpfs/slac/staas/fs1/supercdms/data/CDMS/ANIMAL/R70/Raw/27190707_191822/PMT_27190707_191822_13.root copied
/gpfs/slac/staas/fs1/supercdms/data/CDMS/ANIMAL/R70/Raw/27190707_160927/PMT_27190707_160927_67.root copied
/gpfs/slac/staas/fs1/supercdms/data/CDMS/ANIMAL/R70/Raw/27190707_212902/PMT_27190707_212902_52.root copied
/gpfs/slac/staas/fs1/supercdms/data/CDMS/ANIMAL/R70/Raw/27190707_181758/PMT_27190707_181758_72.root copied
/gpfs/slac/staas/fs1/supercdms/data/CDMS/ANIMAL/R70/Raw/27190707_181758/PMT_27190707_181758_35.root copied
/gpfs/slac/staas/fs1/supercdms/data/CDMS/ANIMAL/R70/Raw/27190707_202201/PMT_27190707_202201_42.root copied
/gpfs/slac/staas/fs1/supercdms/data/CDMS/ANIMAL/R70/Raw/27190707_125745/PMT_27190707_125745_15.root copied
/gpfs/slac/staas/fs1/supercdms/data/CDMS/ANIMAL/R70/Raw/27190707_191822/PMT_27190707_191822_41.root copied
/gpfs/slac/staas/fs1/supercdms/data/CDMS/ANIMAL/R70/Raw/27190707_125745/PMT_27190707_125745_58.root copied
/gpfs/slac/staas/fs1/supercdms/data/CDMS/ANIMAL/R70/Raw/27190707_102539/PMT_27190707_102539-conf.root copied
/gpfs/slac/staas/fs1/supercdms/data/CDMS/ANIMAL/R70/Raw/27190707_160927/PMT_27190707_160927_44.root copied
/gpfs/slac/staas/fs1/supercdms/data/CDMS/ANIMAL/R70/Raw/27190707_202201/PMT_27190707_202201_49.root copied
/gpfs/slac/staas/fs1/supercdms/data/CDMS/ANIMAL/R70/Raw/27190707_160927/PMT_27190707_160927_54.root copied
/gpfs/slac/staas/fs1/supercdms/data/CDMS/ANIMAL/R70/Raw/27190707_181758/PMT_27190707_181758_51.root copied
/gpfs/slac/staas/fs1/supercdms/data/CDMS/ANIMAL/R70/Raw/27190707_140354/PMT_27190707_140354_60.root copied
/gpfs/slac/staas/fs1/supercdms/data/CDMS/ANIMAL/R70/Raw/27190707_171626/PMT_27190707_171626_49.root copied
/gpfs/slac/staas/fs1/supercdms/data/CDMS/ANIMAL/R70/Raw/27190707_171626/PMT_27190707_171626_69.root copied
/gpfs/slac/staas/fs1/supercdms/data/CDMS/ANIMAL/R70/Raw/27190707_115024/PMT_27190707_115024_46.root copied
/gpfs/slac/staas/fs1/supercdms/data/CDMS/ANIMAL/R70/Raw/27190707_115024/PMT_27190707_115024_4.root copied
/gpfs/slac/staas/fs1/supercdms/data/CDMS/ANIMAL/R70/Raw/27190707_140354/PMT_27190707_140354_80.root copied
/gpfs/slac/staas/fs1/supercdms/data/CDMS/ANIMAL/R70/Raw/27190707_191822/PMT_27190707_191822_46.root copied
/gpfs/slac/staas/fs1/supercdms/data/CDMS/ANIMAL/R70/Raw/27190707_171626/PMT_27190707_171626_40.root copied
/gpfs/slac/staas/fs1/supercdms/data/CDMS/ANIMAL/R70/Raw/27190707_202201/PMT_27190707_202201_40.root copied
/gpfs/slac/staas/fs1/supercdms/data/CDMS/ANIMAL/R70/Raw/27190707_212902/PMT_27190707_212902_19.root copied
/gpfs/slac/staas/fs1/supercdms/data/CDMS/ANIMAL/R70/Raw/27190707_115024/PMT_27190707_115024_10.root copied
/gpfs/slac/staas/fs1/supercdms/data/CDMS/ANIMAL/R70/Raw/27190707_115024/PMT_27190707_115024_12.root copied
/gpfs/slac/staas/fs1/supercdms/data/CDMS/ANIMAL/R70/Raw/27190707_115024/PMT_27190707_115024_21.root copied
/gpfs/slac/staas/fs1/supercdms/data/CDMS/ANIMAL/R70/Raw/27190707_191822/PMT_27190707_191822_51.root copied
/gpfs/slac/staas/fs1/supercdms/data/CDMS/ANIMAL/R70/Raw/27190707_191822/PMT_27190707_191822_33.root copied
/gpfs/slac/staas/fs1/supercdms/data/CDMS/ANIMAL/R70/Raw/27190707_150810/PMT_27190707_150810_58.root copied
/gpfs/slac/staas/fs1/supercdms/data/CDMS/ANIMAL/R70/Raw/27190707_202201/PMT_27190707_202201_2.root copied
/gpfs/slac/staas/fs1/supercdms/data/CDMS/ANIMAL/R70/Raw/27190707_150810/PMT_27190707_150810_53.root copied
/gpfs/slac/staas/fs1/supercdms/data/CDMS/ANIMAL/R70/Raw/27190707_150810/PMT_27190707_150810_65.root copied
/gpfs/slac/staas/fs1/supercdms/data/CDMS/ANIMAL/R70/Raw/27190707_181758/PMT_27190707_181758_66.root copied
/gpfs/slac/staas/fs1/supercdms/data/CDMS/ANIMAL/R70/Raw/27190707_202201/PMT_27190707_202201_76.root copied
/gpfs/slac/staas/fs1/supercdms/data/CDMS/ANIMAL/R70/Raw/27190707_212902/PMT_27190707_212902_13.root copied
/gpfs/slac/staas/fs1/supercdms/data/CDMS/ANIMAL/R70/Raw/27190707_150810/PMT_27190707_150810_49.root copied
/gpfs/slac/staas/fs1/supercdms/data/CDMS/ANIMAL/R70/Raw/27190707_150810/PMT_27190707_150810_60.root copied
/gpfs/slac/staas/fs1/supercdms/data/CDMS/ANIMAL/R70/Raw/27190707_202201/PMT_27190707_202201_39.root copied
/gpfs/slac/staas/fs1/supercdms/data/CDMS/ANIMAL/R70/Raw/27190707_202201/PMT_27190707_202201_3.root copied
/gpfs/slac/staas/fs1/supercdms/data/CDMS/ANIMAL/R70/Raw/27190707_150810/PMT_27190707_150810_67.root copied
/gpfs/slac/staas/fs1/supercdms/data/CDMS/ANIMAL/R70/Raw/27190707_115024/PMT_27190707_115024_62.root copied
/gpfs/slac/staas/fs1/supercdms/data/CDMS/ANIMAL/R70/Raw/27190707_191822/PMT_27190707_191822_20.root copied
/gpfs/slac/staas/fs1/supercdms/data/CDMS/ANIMAL/R70/Raw/27190707_160927/PMT_27190707_160927_19.root copied
/gpfs/slac/staas/fs1/supercdms/data/CDMS/ANIMAL/R70/Raw/27190707_125745/PMT_27190707_125745_61.root copied
/gpfs/slac/staas/fs1/supercdms/data/CDMS/ANIMAL/R70/Raw/27190707_140354/PMT_27190707_140354_18.root copied
/gpfs/slac/staas/fs1/supercdms/data/CDMS/ANIMAL/R70/Raw/27190707_171626/PMT_27190707_171626_8.root copied
/gpfs/slac/staas/fs1/supercdms/data/CDMS/ANIMAL/R70/Raw/27190707_125745/PMT_27190707_125745_17.root copied
/gpfs/slac/staas/fs1/supercdms/data/CDMS/ANIMAL/R70/Raw/27190707_125745/PMT_27190707_125745_76.root copied
/gpfs/slac/staas/fs1/supercdms/data/CDMS/ANIMAL/R70/Raw/27190707_140354/PMT_27190707_140354_53.root copied
/gpfs/slac/staas/fs1/supercdms/data/CDMS/ANIMAL/R70/Raw/27190707_171626/PMT_27190707_171626_44.root copied
/gpfs/slac/staas/fs1/supercdms/data/CDMS/ANIMAL/R70/Raw/27190707_212902/PMT_27190707_212902_37.root copied
/gpfs/slac/staas/fs1/supercdms/data/CDMS/ANIMAL/R70/Raw/27190707_202201/PMT_27190707_202201_81.root copied
/gpfs/slac/staas/fs1/supercdms/data/CDMS/ANIMAL/R70/Raw/27190707_125745/PMT_27190707_125745_1.root copied
/gpfs/slac/staas/fs1/supercdms/data/CDMS/ANIMAL/R70/Raw/27190707_140354/PMT_27190707_140354_7.root copied
/gpfs/slac/staas/fs1/supercdms/data/CDMS/ANIMAL/R70/Raw/27190707_115024/PMT_27190707_115024_3.root copied
/gpfs/slac/staas/fs1/supercdms/data/CDMS/ANIMAL/R70/Raw/27190707_140354/PMT_27190707_140354_34.root copied
/gpfs/slac/staas/fs1/supercdms/data/CDMS/ANIMAL/R70/Raw/27190707_202201/PMT_27190707_202201_53.root copied
/gpfs/slac/staas/fs1/supercdms/data/CDMS/ANIMAL/R70/Raw/27190707_171626/PMT_27190707_171626_27.root copied
/gpfs/slac/staas/fs1/supercdms/data/CDMS/ANIMAL/R70/Raw/27190707_181758/PMT_27190707_181758_80.root copied
/gpfs/slac/staas/fs1/supercdms/data/CDMS/ANIMAL/R70/Raw/27190707_181758/PMT_27190707_181758_56.root copied
/gpfs/slac/staas/fs1/supercdms/data/CDMS/ANIMAL/R70/Raw/27190707_171626/PMT_27190707_171626_22.root copied
/gpfs/slac/staas/fs1/supercdms/data/CDMS/ANIMAL/R70/Raw/27190707_160927/PMT_27190707_160927_79.root copied
/gpfs/slac/staas/fs1/supercdms/data/CDMS/ANIMAL/R70/Raw/27190707_125745/PMT_27190707_125745_5.root copied
/gpfs/slac/staas/fs1/supercdms/data/CDMS/ANIMAL/R70/Raw/27190707_150810/PMT_27190707_150810_27.root copied
/gpfs/slac/staas/fs1/supercdms/data/CDMS/ANIMAL/R70/Raw/27190707_181758/PMT_27190707_181758_55.root copied
/gpfs/slac/staas/fs1/supercdms/data/CDMS/ANIMAL/R70/Raw/27190707_125745/PMT_27190707_125745_8.root copied
/gpfs/slac/staas/fs1/supercdms/data/CDMS/ANIMAL/R70/Raw/27190707_212902/PMT_27190707_212902_75.root copied
/gpfs/slac/staas/fs1/supercdms/data/CDMS/ANIMAL/R70/Raw/27190707_150810/PMT_27190707_150810_32.root copied
/gpfs/slac/staas/fs1/supercdms/data/CDMS/ANIMAL/R70/Raw/27190707_181758/PMT_27190707_181758_37.root copied
/gpfs/slac/staas/fs1/supercdms/data/CDMS/ANIMAL/R70/Raw/27190707_160927/PMT_27190707_160927_5.root copied
/gpfs/slac/staas/fs1/supercdms/data/CDMS/ANIMAL/R70/Raw/27190707_115024/PMT_27190707_115024_68.root copied
/gpfs/slac/staas/fs1/supercdms/data/CDMS/ANIMAL/R70/Raw/27190707_140354/PMT_27190707_140354_2.root copied
/gpfs/slac/staas/fs1/supercdms/data/CDMS/ANIMAL/R70/Raw/27190707_181758/PMT_27190707_181758_13.root copied
/gpfs/slac/staas/fs1/supercdms/data/CDMS/ANIMAL/R70/Raw/27190707_140354/PMT_27190707_140354_42.root copied
/gpfs/slac/staas/fs1/supercdms/data/CDMS/ANIMAL/R70/Raw/27190707_140354/PMT_27190707_140354_41.root copied
/gpfs/slac/staas/fs1/supercdms/data/CDMS/ANIMAL/R70/Raw/27190707_160927/PMT_27190707_160927_69.root copied
/gpfs/slac/staas/fs1/supercdms/data/CDMS/ANIMAL/R70/Raw/27190707_171626/PMT_27190707_171626_53.root copied
/gpfs/slac/staas/fs1/supercdms/data/CDMS/ANIMAL/R70/Raw/27190707_150810/PMT_27190707_150810_40.root copied
/gpfs/slac/staas/fs1/supercdms/data/CDMS/ANIMAL/R70/Raw/27190707_191822/PMT_27190707_191822_25.root copied
/gpfs/slac/staas/fs1/supercdms/data/CDMS/ANIMAL/R70/Raw/27190707_125745/PMT_27190707_125745_51.root copied
/gpfs/slac/staas/fs1/supercdms/data/CDMS/ANIMAL/R70/Raw/27190707_160927/PMT_27190707_160927_18.root copied
/gpfs/slac/staas/fs1/supercdms/data/CDMS/ANIMAL/R70/Raw/27190707_160927/PMT_27190707_160927_40.root copied
/gpfs/slac/staas/fs1/supercdms/data/CDMS/ANIMAL/R70/Raw/27190707_140354/PMT_27190707_140354_67.root copied
/gpfs/slac/staas/fs1/supercdms/data/CDMS/ANIMAL/R70/Raw/27190707_115024/PMT_27190707_115024_24.root copied
/gpfs/slac/staas/fs1/supercdms/data/CDMS/ANIMAL/R70/Raw/27190707_125745/PMT_27190707_125745_14.root copied
/gpfs/slac/staas/fs1/supercdms/data/CDMS/ANIMAL/R70/Raw/27190707_160927/PMT_27190707_160927_4.root copied
/gpfs/slac/staas/fs1/supercdms/data/CDMS/ANIMAL/R70/Raw/27190707_150810/PMT_27190707_150810-conf.root copied
/gpfs/slac/staas/fs1/supercdms/data/CDMS/ANIMAL/R70/Raw/27190707_191822/PMT_27190707_191822_15.root copied
/gpfs/slac/staas/fs1/supercdms/data/CDMS/ANIMAL/R70/Raw/27190707_140354/PMT_27190707_140354_36.root copied
/gpfs/slac/staas/fs1/supercdms/data/CDMS/ANIMAL/R70/Raw/27190707_202201/PMT_27190707_202201_26.root copied
/gpfs/slac/staas/fs1/supercdms/data/CDMS/ANIMAL/R70/Raw/27190707_115024/PMT_27190707_115024_25.root copied
/gpfs/slac/staas/fs1/supercdms/data/CDMS/ANIMAL/R70/Raw/27190707_202201/PMT_27190707_202201_29.root copied
/gpfs/slac/staas/fs1/supercdms/data/CDMS/ANIMAL/R70/Raw/27190707_140354/PMT_27190707_140354_28.root copied
/gpfs/slac/staas/fs1/supercdms/data/CDMS/ANIMAL/R70/Raw/27190707_212902/PMT_27190707_212902_30.root copied
/gpfs/slac/staas/fs1/supercdms/data/CDMS/ANIMAL/R70/Raw/27190707_212902/PMT_27190707_212902_56.root copied
/gpfs/slac/staas/fs1/supercdms/data/CDMS/ANIMAL/R70/Raw/27190707_181758/PMT_27190707_181758_64.root copied
/gpfs/slac/staas/fs1/supercdms/data/CDMS/ANIMAL/R70/Raw/27190707_171626/PMT_27190707_171626_65.root copied
/gpfs/slac/staas/fs1/supercdms/data/CDMS/ANIMAL/R70/Raw/27190707_212902/PMT_27190707_212902_66.root copied
/gpfs/slac/staas/fs1/supercdms/data/CDMS/ANIMAL/R70/Raw/27190707_171626/PMT_27190707_171626_37.root copied
/gpfs/slac/staas/fs1/supercdms/data/CDMS/ANIMAL/R70/Raw/27190707_181758/PMT_27190707_181758_60.root copied
/gpfs/slac/staas/fs1/supercdms/data/CDMS/ANIMAL/R70/Raw/27190707_212902/PMT_27190707_212902_59.root copied
/gpfs/slac/staas/fs1/supercdms/data/CDMS/ANIMAL/R70/Raw/27190707_115024/PMT_27190707_115024_75.root copied
/gpfs/slac/staas/fs1/supercdms/data/CDMS/ANIMAL/R70/Raw/27190707_140354/PMT_27190707_140354_56.root copied
/gpfs/slac/staas/fs1/supercdms/data/CDMS/ANIMAL/R70/Raw/27190707_150810/PMT_27190707_150810_8.root copied
/gpfs/slac/staas/fs1/supercdms/data/CDMS/ANIMAL/R70/Raw/27190707_212902/PMT_27190707_212902_60.root copied
/gpfs/slac/staas/fs1/supercdms/data/CDMS/ANIMAL/R70/Raw/27190707_212902/PMT_27190707_212902_54.root copied
/gpfs/slac/staas/fs1/supercdms/data/CDMS/ANIMAL/R70/Raw/27190707_202201/PMT_27190707_202201_10.root copied
/gpfs/slac/staas/fs1/supercdms/data/CDMS/ANIMAL/R70/Raw/27190707_150810/PMT_27190707_150810_39.root copied
/gpfs/slac/staas/fs1/supercdms/data/CDMS/ANIMAL/R70/Raw/27190707_181758/PMT_27190707_181758_12.root copied
/gpfs/slac/staas/fs1/supercdms/data/CDMS/ANIMAL/R70/Raw/27190707_181758/PMT_27190707_181758_4.root copied
/gpfs/slac/staas/fs1/supercdms/data/CDMS/ANIMAL/R70/Raw/27190707_171626/PMT_27190707_171626_15.root copied
/gpfs/slac/staas/fs1/supercdms/data/CDMS/ANIMAL/R70/Raw/27190707_171626/PMT_27190707_171626_50.root copied
/gpfs/slac/staas/fs1/supercdms/data/CDMS/ANIMAL/R70/Raw/27190707_181758/PMT_27190707_181758_73.root copied
/gpfs/slac/staas/fs1/supercdms/data/CDMS/ANIMAL/R70/Raw/27190707_191822/PMT_27190707_191822_60.root copied
/gpfs/slac/staas/fs1/supercdms/data/CDMS/ANIMAL/R70/Raw/27190707_160927/PMT_27190707_160927_74.root copied
/gpfs/slac/staas/fs1/supercdms/data/CDMS/ANIMAL/R70/Raw/27190707_150810/PMT_27190707_150810_3.root copied
/gpfs/slac/staas/fs1/supercdms/data/CDMS/ANIMAL/R70/Raw/27190707_150810/PMT_27190707_150810_72.root copied
/gpfs/slac/staas/fs1/supercdms/data/CDMS/ANIMAL/R70/Raw/27190707_150810/PMT_27190707_150810_79.root copied
/gpfs/slac/staas/fs1/supercdms/data/CDMS/ANIMAL/R70/Raw/27190707_125745/PMT_27190707_125745_11.root copied
/gpfs/slac/staas/fs1/supercdms/data/CDMS/ANIMAL/R70/Raw/27190707_115024/PMT_27190707_115024-conf.root copied
/gpfs/slac/staas/fs1/supercdms/data/CDMS/ANIMAL/R70/Raw/27190707_150810/PMT_27190707_150810_41.root copied
/gpfs/slac/staas/fs1/supercdms/data/CDMS/ANIMAL/R70/Raw/27190707_140354/PMT_27190707_140354_3.root copied
/gpfs/slac/staas/fs1/supercdms/data/CDMS/ANIMAL/R70/Raw/27190707_171626/PMT_27190707_171626_1.root copied
/gpfs/slac/staas/fs1/supercdms/data/CDMS/ANIMAL/R70/Raw/27190707_125745/PMT_27190707_125745_32.root copied
/gpfs/slac/staas/fs1/supercdms/data/CDMS/ANIMAL/R70/Raw/27190707_115024/PMT_27190707_115024_76.root copied
/gpfs/slac/staas/fs1/supercdms/data/CDMS/ANIMAL/R70/Raw/27190707_171626/PMT_27190707_171626_80.root copied
/gpfs/slac/staas/fs1/supercdms/data/CDMS/ANIMAL/R70/Raw/27190707_115024/PMT_27190707_115024_60.root copied
/gpfs/slac/staas/fs1/supercdms/data/CDMS/ANIMAL/R70/Raw/27190707_191822/PMT_27190707_191822_47.root copied
/gpfs/slac/staas/fs1/supercdms/data/CDMS/ANIMAL/R70/Raw/27190707_150810/PMT_27190707_150810_1.root copied
/gpfs/slac/staas/fs1/supercdms/data/CDMS/ANIMAL/R70/Raw/27190707_202201/PMT_27190707_202201_36.root copied
/gpfs/slac/staas/fs1/supercdms/data/CDMS/ANIMAL/R70/Raw/27190707_160927/PMT_27190707_160927_71.root copied
/gpfs/slac/staas/fs1/supercdms/data/CDMS/ANIMAL/R70/Raw/27190707_125745/PMT_27190707_125745_48.root copied
/gpfs/slac/staas/fs1/supercdms/data/CDMS/ANIMAL/R70/Raw/27190707_191822/PMT_27190707_191822_9.root copied
/gpfs/slac/staas/fs1/supercdms/data/CDMS/ANIMAL/R70/Raw/27190707_202201/PMT_27190707_202201_11.root copied
/gpfs/slac/staas/fs1/supercdms/data/CDMS/ANIMAL/R70/Raw/27190707_115024/PMT_27190707_115024_19.root copied
/gpfs/slac/staas/fs1/supercdms/data/CDMS/ANIMAL/R70/Raw/27190707_140354/PMT_27190707_140354_15.root copied
/gpfs/slac/staas/fs1/supercdms/data/CDMS/ANIMAL/R70/Raw/27190707_191822/PMT_27190707_191822_73.root copied
/gpfs/slac/staas/fs1/supercdms/data/CDMS/ANIMAL/R70/Raw/27190707_171626/PMT_27190707_171626_20.root copied
/gpfs/slac/staas/fs1/supercdms/data/CDMS/ANIMAL/R70/Raw/27190707_140354/PMT_27190707_140354_39.root copied
/gpfs/slac/staas/fs1/supercdms/data/CDMS/ANIMAL/R70/Raw/27190707_181758/PMT_27190707_181758_81.root copied
/gpfs/slac/staas/fs1/supercdms/data/CDMS/ANIMAL/R70/Raw/27190707_125745/PMT_27190707_125745_27.root copied
/gpfs/slac/staas/fs1/supercdms/data/CDMS/ANIMAL/R70/Raw/27190707_212902/PMT_27190707_212902_44.root copied
/gpfs/slac/staas/fs1/supercdms/data/CDMS/ANIMAL/R70/Raw/27190707_150810/PMT_27190707_150810_24.root copied
/gpfs/slac/staas/fs1/supercdms/data/CDMS/ANIMAL/R70/Raw/27190707_160927/PMT_27190707_160927_65.root copied
/gpfs/slac/staas/fs1/supercdms/data/CDMS/ANIMAL/R70/Raw/27190707_115024/PMT_27190707_115024_81.root copied
/gpfs/slac/staas/fs1/supercdms/data/CDMS/ANIMAL/R70/Raw/27190707_140354/PMT_27190707_140354_8.root copied
/gpfs/slac/staas/fs1/supercdms/data/CDMS/ANIMAL/R70/Raw/27190707_191822/PMT_27190707_191822_19.root copied
/gpfs/slac/staas/fs1/supercdms/data/CDMS/ANIMAL/R70/Raw/27190707_202201/PMT_27190707_202201_56.root copied
/gpfs/slac/staas/fs1/supercdms/data/CDMS/ANIMAL/R70/Raw/27190707_202201/PMT_27190707_202201_48.root copied
/gpfs/slac/staas/fs1/supercdms/data/CDMS/ANIMAL/R70/Raw/27190707_191822/PMT_27190707_191822_39.root copied
/gpfs/slac/staas/fs1/supercdms/data/CDMS/ANIMAL/R70/Raw/27190707_191822/PMT_27190707_191822_3.root copied
/gpfs/slac/staas/fs1/supercdms/data/CDMS/ANIMAL/R70/Raw/27190707_212902/PMT_27190707_212902_5.root copied
/gpfs/slac/staas/fs1/supercdms/data/CDMS/ANIMAL/R70/Raw/27190707_181758/PMT_27190707_181758_65.root copied
/gpfs/slac/staas/fs1/supercdms/data/CDMS/ANIMAL/R70/Raw/27190707_125745/PMT_27190707_125745_79.root copied
/gpfs/slac/staas/fs1/supercdms/data/CDMS/ANIMAL/R70/Raw/27190707_160927/PMT_27190707_160927_78.root copied
/gpfs/slac/staas/fs1/supercdms/data/CDMS/ANIMAL/R70/Raw/27190707_160927/PMT_27190707_160927_53.root copied
/gpfs/slac/staas/fs1/supercdms/data/CDMS/ANIMAL/R70/Raw/27190707_160927/PMT_27190707_160927_77.root copied
/gpfs/slac/staas/fs1/supercdms/data/CDMS/ANIMAL/R70/Raw/27190707_150810/PMT_27190707_150810_11.root copied
/gpfs/slac/staas/fs1/supercdms/data/CDMS/ANIMAL/R70/Raw/27190707_171626/PMT_27190707_171626_38.root copied
/gpfs/slac/staas/fs1/supercdms/data/CDMS/ANIMAL/R70/Raw/27190707_191822/PMT_27190707_191822_72.root copied
/gpfs/slac/staas/fs1/supercdms/data/CDMS/ANIMAL/R70/Raw/27190707_125745/PMT_27190707_125745_26.root copied
/gpfs/slac/staas/fs1/supercdms/data/CDMS/ANIMAL/R70/Raw/27190707_181758/PMT_27190707_181758_31.root copied
/gpfs/slac/staas/fs1/supercdms/data/CDMS/ANIMAL/R70/Raw/27190707_125745/PMT_27190707_125745_23.root copied
/gpfs/slac/staas/fs1/supercdms/data/CDMS/ANIMAL/R70/Raw/27190707_191822/PMT_27190707_191822_65.root copied
/gpfs/slac/staas/fs1/supercdms/data/CDMS/ANIMAL/R70/Raw/27190707_115024/PMT_27190707_115024_45.root copied
/gpfs/slac/staas/fs1/supercdms/data/CDMS/ANIMAL/R70/Raw/27190707_140354/PMT_27190707_140354_68.root copied
/gpfs/slac/staas/fs1/supercdms/data/CDMS/ANIMAL/R70/Raw/27190707_191822/PMT_27190707_191822_34.root copied
/gpfs/slac/staas/fs1/supercdms/data/CDMS/ANIMAL/R70/Raw/27190707_140354/PMT_27190707_140354_58.root copied
/gpfs/slac/staas/fs1/supercdms/data/CDMS/ANIMAL/R70/Raw/27190707_115024/PMT_27190707_115024_5.root copied
/gpfs/slac/staas/fs1/supercdms/data/CDMS/ANIMAL/R70/Raw/27190707_160927/PMT_27190707_160927_64.root copied
/gpfs/slac/staas/fs1/supercdms/data/CDMS/ANIMAL/R70/Raw/27190707_160927/PMT_27190707_160927_11.root copied
/gpfs/slac/staas/fs1/supercdms/data/CDMS/ANIMAL/R70/Raw/27190707_202201/PMT_27190707_202201_13.root copied
/gpfs/slac/staas/fs1/supercdms/data/CDMS/ANIMAL/R70/Raw/27190707_115024/PMT_27190707_115024_63.root copied
/gpfs/slac/staas/fs1/supercdms/data/CDMS/ANIMAL/R70/Raw/27190707_181758/PMT_27190707_181758_47.root copied
/gpfs/slac/staas/fs1/supercdms/data/CDMS/ANIMAL/R70/Raw/27190707_150810/PMT_27190707_150810_10.root copied
/gpfs/slac/staas/fs1/supercdms/data/CDMS/ANIMAL/R70/Raw/27190707_212902/PMT_27190707_212902_32.root copied
/gpfs/slac/staas/fs1/supercdms/data/CDMS/ANIMAL/R70/Raw/27190707_115024/PMT_27190707_115024_66.root copied
/gpfs/slac/staas/fs1/supercdms/data/CDMS/ANIMAL/R70/Raw/27190707_202201/PMT_27190707_202201_25.root copied
/gpfs/slac/staas/fs1/supercdms/data/CDMS/ANIMAL/R70/Raw/27190707_140354/PMT_27190707_140354_77.root copied
/gpfs/slac/staas/fs1/supercdms/data/CDMS/ANIMAL/R70/Raw/27190707_171626/PMT_27190707_171626_29.root copied
/gpfs/slac/staas/fs1/supercdms/data/CDMS/ANIMAL/R70/Raw/27190707_181758/PMT_27190707_181758_67.root copied
/gpfs/slac/staas/fs1/supercdms/data/CDMS/ANIMAL/R70/Raw/27190707_202201/PMT_27190707_202201_1.root copied
/gpfs/slac/staas/fs1/supercdms/data/CDMS/ANIMAL/R70/Raw/27190707_140354/PMT_27190707_140354_24.root copied
/gpfs/slac/staas/fs1/supercdms/data/CDMS/ANIMAL/R70/Raw/27190707_140354/PMT_27190707_140354_33.root copied
/gpfs/slac/staas/fs1/supercdms/data/CDMS/ANIMAL/R70/Raw/27190707_191822/PMT_27190707_191822_50.root copied
/gpfs/slac/staas/fs1/supercdms/data/CDMS/ANIMAL/R70/Raw/27190707_150810/PMT_27190707_150810_34.root copied
/gpfs/slac/staas/fs1/supercdms/data/CDMS/ANIMAL/R70/Raw/27190707_140354/PMT_27190707_140354_17.root copied
/gpfs/slac/staas/fs1/supercdms/data/CDMS/ANIMAL/R70/Raw/27190707_171626/PMT_27190707_171626_63.root copied
/gpfs/slac/staas/fs1/supercdms/data/CDMS/ANIMAL/R70/Raw/27190707_115024/PMT_27190707_115024_7.root copied
/gpfs/slac/staas/fs1/supercdms/data/CDMS/ANIMAL/R70/Raw/27190707_115024/PMT_27190707_115024_34.root copied
/gpfs/slac/staas/fs1/supercdms/data/CDMS/ANIMAL/R70/Raw/27190707_140354/PMT_27190707_140354_72.root copied
/gpfs/slac/staas/fs1/supercdms/data/CDMS/ANIMAL/R70/Raw/27190707_115024/PMT_27190707_115024_2.root copied
/gpfs/slac/staas/fs1/supercdms/data/CDMS/ANIMAL/R70/Raw/27190707_171626/PMT_27190707_171626_59.root copied
/gpfs/slac/staas/fs1/supercdms/data/CDMS/ANIMAL/R70/Raw/27190707_181758/PMT_27190707_181758_3.root copied
/gpfs/slac/staas/fs1/supercdms/data/CDMS/ANIMAL/R70/Raw/27190707_160927/PMT_27190707_160927_10.root copied
/gpfs/slac/staas/fs1/supercdms/data/CDMS/ANIMAL/R70/Raw/27190707_202201/PMT_27190707_202201_23.root copied
/gpfs/slac/staas/fs1/supercdms/data/CDMS/ANIMAL/R70/Raw/27190707_160927/PMT_27190707_160927-conf.root copied
/gpfs/slac/staas/fs1/supercdms/data/CDMS/ANIMAL/R70/Raw/27190707_171626/PMT_27190707_171626_24.root copied
/gpfs/slac/staas/fs1/supercdms/data/CDMS/ANIMAL/R70/Raw/27190707_181758/PMT_27190707_181758_49.root copied
/gpfs/slac/staas/fs1/supercdms/data/CDMS/ANIMAL/R70/Raw/27190707_140354/PMT_27190707_140354_75.root copied
/gpfs/slac/staas/fs1/supercdms/data/CDMS/ANIMAL/R70/Raw/27190707_171626/PMT_27190707_171626_60.root copied
/gpfs/slac/staas/fs1/supercdms/data/CDMS/ANIMAL/R70/Raw/27190707_171626/PMT_27190707_171626_58.root copied
/gpfs/slac/staas/fs1/supercdms/data/CDMS/ANIMAL/R70/Raw/27190707_125745/PMT_27190707_125745_59.root copied
/gpfs/slac/staas/fs1/supercdms/data/CDMS/ANIMAL/R70/Raw/27190707_115024/PMT_27190707_115024_53.root copied
/gpfs/slac/staas/fs1/supercdms/data/CDMS/ANIMAL/R70/Raw/27190707_115024/PMT_27190707_115024_61.root copied
/gpfs/slac/staas/fs1/supercdms/data/CDMS/ANIMAL/R70/Raw/27190707_212902/PMT_27190707_212902_4.root copied
/gpfs/slac/staas/fs1/supercdms/data/CDMS/ANIMAL/R70/Raw/27190707_191822/PMT_27190707_191822_36.root copied
/gpfs/slac/staas/fs1/supercdms/data/CDMS/ANIMAL/R70/Raw/27190707_212902/PMT_27190707_212902_80.root copied
/gpfs/slac/staas/fs1/supercdms/data/CDMS/ANIMAL/R70/Raw/27190707_191822/PMT_27190707_191822_24.root copied
/gpfs/slac/staas/fs1/supercdms/data/CDMS/ANIMAL/R70/Raw/27190707_171626/PMT_27190707_171626_17.root copied
/gpfs/slac/staas/fs1/supercdms/data/CDMS/ANIMAL/R70/Raw/27190707_191822/PMT_27190707_191822_56.root copied
/gpfs/slac/staas/fs1/supercdms/data/CDMS/ANIMAL/R70/Raw/27190707_171626/PMT_27190707_171626_21.root copied
/gpfs/slac/staas/fs1/supercdms/data/CDMS/ANIMAL/R70/Raw/27190707_202201/PMT_27190707_202201_71.root copied
/gpfs/slac/staas/fs1/supercdms/data/CDMS/ANIMAL/R70/Raw/27190707_212902/PMT_27190707_212902_42.root copied
/gpfs/slac/staas/fs1/supercdms/data/CDMS/ANIMAL/R70/Raw/27190707_191822/PMT_27190707_191822_53.root copied
/gpfs/slac/staas/fs1/supercdms/data/CDMS/ANIMAL/R70/Raw/27190707_191822/PMT_27190707_191822_64.root copied
/gpfs/slac/staas/fs1/supercdms/data/CDMS/ANIMAL/R70/Raw/27190707_115024/PMT_27190707_115024_64.root copied
/gpfs/slac/staas/fs1/supercdms/data/CDMS/ANIMAL/R70/Raw/27190707_125745/PMT_27190707_125745_9.root copied
/gpfs/slac/staas/fs1/supercdms/data/CDMS/ANIMAL/R70/Raw/27190707_191822/PMT_27190707_191822_8.root copied
/gpfs/slac/staas/fs1/supercdms/data/CDMS/ANIMAL/R70/Raw/27190707_160927/PMT_27190707_160927_62.root copied
/gpfs/slac/staas/fs1/supercdms/data/CDMS/ANIMAL/R70/Raw/27190707_125745/PMT_27190707_125745_54.root copied
/gpfs/slac/staas/fs1/supercdms/data/CDMS/ANIMAL/R70/Raw/27190707_115024/PMT_27190707_115024_8.root copied
/gpfs/slac/staas/fs1/supercdms/data/CDMS/ANIMAL/R70/Raw/27190707_202201/PMT_27190707_202201_31.root copied
/gpfs/slac/staas/fs1/supercdms/data/CDMS/ANIMAL/R70/Raw/27190707_191822/PMT_27190707_191822_71.root copied
/gpfs/slac/staas/fs1/supercdms/data/CDMS/ANIMAL/R70/Raw/27190707_125745/PMT_27190707_125745_53.root copied
/gpfs/slac/staas/fs1/supercdms/data/CDMS/ANIMAL/R70/Raw/27190707_191822/PMT_27190707_191822_7.root copied
/gpfs/slac/staas/fs1/supercdms/data/CDMS/ANIMAL/R70/Raw/27190707_212902/PMT_27190707_212902_16.root copied
/gpfs/slac/staas/fs1/supercdms/data/CDMS/ANIMAL/R70/Raw/27190707_181758/PMT_27190707_181758_21.root copied
/gpfs/slac/staas/fs1/supercdms/data/CDMS/ANIMAL/R70/Raw/27190707_202201/PMT_27190707_202201_67.root copied
/gpfs/slac/staas/fs1/supercdms/data/CDMS/ANIMAL/R70/Raw/27190707_115024/PMT_27190707_115024_72.root copied
/gpfs/slac/staas/fs1/supercdms/data/CDMS/ANIMAL/R70/Raw/27190707_191822/PMT_27190707_191822_45.root copied
/gpfs/slac/staas/fs1/supercdms/data/CDMS/ANIMAL/R70/Raw/27190707_212902/PMT_27190707_212902_11.root copied
/gpfs/slac/staas/fs1/supercdms/data/CDMS/ANIMAL/R70/Raw/27190707_160927/PMT_27190707_160927_50.root copied
/gpfs/slac/staas/fs1/supercdms/data/CDMS/ANIMAL/R70/Raw/27190707_181758/PMT_27190707_181758_53.root copied
/gpfs/slac/staas/fs1/supercdms/data/CDMS/ANIMAL/R70/Raw/27190707_150810/PMT_27190707_150810_33.root copied
/gpfs/slac/staas/fs1/supercdms/data/CDMS/ANIMAL/R70/Raw/27190707_160927/PMT_27190707_160927_8.root copied
/gpfs/slac/staas/fs1/supercdms/data/CDMS/ANIMAL/R70/Raw/27190707_212902/PMT_27190707_212902_35.root copied
/gpfs/slac/staas/fs1/supercdms/data/CDMS/ANIMAL/R70/Raw/27190707_115024/PMT_27190707_115024_47.root copied
/gpfs/slac/staas/fs1/supercdms/data/CDMS/ANIMAL/R70/Raw/27190707_115024/PMT_27190707_115024_77.root copied
/gpfs/slac/staas/fs1/supercdms/data/CDMS/ANIMAL/R70/Raw/27190707_202201/PMT_27190707_202201_41.root copied
/gpfs/slac/staas/fs1/supercdms/data/CDMS/ANIMAL/R70/Raw/27190707_125745/PMT_27190707_125745_39.root copied
/gpfs/slac/staas/fs1/supercdms/data/CDMS/ANIMAL/R70/Raw/27190707_181758/PMT_27190707_181758_61.root copied
/gpfs/slac/staas/fs1/supercdms/data/CDMS/ANIMAL/R70/Raw/27190707_160927/PMT_27190707_160927_70.root copied
/gpfs/slac/staas/fs1/supercdms/data/CDMS/ANIMAL/R70/Raw/27190707_191822/PMT_27190707_191822_10.root copied
/gpfs/slac/staas/fs1/supercdms/data/CDMS/ANIMAL/R70/Raw/27190707_150810/PMT_27190707_150810_69.root copied
/gpfs/slac/staas/fs1/supercdms/data/CDMS/ANIMAL/R70/Raw/27190707_212902/PMT_27190707_212902_1.root copied
/gpfs/slac/staas/fs1/supercdms/data/CDMS/ANIMAL/R70/Raw/27190707_150810/PMT_27190707_150810_46.root copied
/gpfs/slac/staas/fs1/supercdms/data/CDMS/ANIMAL/R70/Raw/27190707_202201/PMT_27190707_202201_20.root copied
/gpfs/slac/staas/fs1/supercdms/data/CDMS/ANIMAL/R70/Raw/27190707_202201/PMT_27190707_202201_35.root copied
/gpfs/slac/staas/fs1/supercdms/data/CDMS/ANIMAL/R70/Raw/27190707_191822/PMT_27190707_191822_76.root copied
/gpfs/slac/staas/fs1/supercdms/data/CDMS/ANIMAL/R70/Raw/27190707_212902/PMT_27190707_212902_31.root copied
/gpfs/slac/staas/fs1/supercdms/data/CDMS/ANIMAL/R70/Raw/27190707_181758/PMT_27190707_181758_5.root copied
/gpfs/slac/staas/fs1/supercdms/data/CDMS/ANIMAL/R70/Raw/27190707_140354/PMT_27190707_140354_52.root copied
/gpfs/slac/staas/fs1/supercdms/data/CDMS/ANIMAL/R70/Raw/27190707_171626/PMT_27190707_171626_7.root copied
/gpfs/slac/staas/fs1/supercdms/data/CDMS/ANIMAL/R70/Raw/27190707_202201/PMT_27190707_202201_65.root copied
/gpfs/slac/staas/fs1/supercdms/data/CDMS/ANIMAL/R70/Raw/27190707_140354/PMT_27190707_140354_76.root copied
/gpfs/slac/staas/fs1/supercdms/data/CDMS/ANIMAL/R70/Raw/27190707_212902/PMT_27190707_212902_21.root copied
/gpfs/slac/staas/fs1/supercdms/data/CDMS/ANIMAL/R70/Raw/27190707_212902/PMT_27190707_212902_78.root copied
/gpfs/slac/staas/fs1/supercdms/data/CDMS/ANIMAL/R70/Raw/27190707_191822/PMT_27190707_191822_63.root copied
/gpfs/slac/staas/fs1/supercdms/data/CDMS/ANIMAL/R70/Raw/27190707_140354/PMT_27190707_140354_27.root copied
/gpfs/slac/staas/fs1/supercdms/data/CDMS/ANIMAL/R70/Raw/27190707_202201/PMT_27190707_202201_37.root copied
/gpfs/slac/staas/fs1/supercdms/data/CDMS/ANIMAL/R70/Raw/27190707_160927/PMT_27190707_160927_43.root copied
/gpfs/slac/staas/fs1/supercdms/data/CDMS/ANIMAL/R70/Raw/27190707_191822/PMT_27190707_191822_43.root copied
/gpfs/slac/staas/fs1/supercdms/data/CDMS/ANIMAL/R70/Raw/27190707_150810/PMT_27190707_150810_77.root copied
/gpfs/slac/staas/fs1/supercdms/data/CDMS/ANIMAL/R70/Raw/27190707_115024/PMT_27190707_115024_32.root copied
/gpfs/slac/staas/fs1/supercdms/data/CDMS/ANIMAL/R70/Raw/27190707_125745/PMT_27190707_125745_21.root copied
/gpfs/slac/staas/fs1/supercdms/data/CDMS/ANIMAL/R70/Raw/27190707_160927/PMT_27190707_160927_2.root copied
/gpfs/slac/staas/fs1/supercdms/data/CDMS/ANIMAL/R70/Raw/27190707_125745/PMT_27190707_125745_20.root copied
/gpfs/slac/staas/fs1/supercdms/data/CDMS/ANIMAL/R70/Raw/27190707_212902/PMT_27190707_212902_46.root copied
/gpfs/slac/staas/fs1/supercdms/data/CDMS/ANIMAL/R70/Raw/27190707_140354/PMT_27190707_140354_46.root copied
/gpfs/slac/staas/fs1/supercdms/data/CDMS/ANIMAL/R70/Raw/27190707_160927/PMT_27190707_160927_22.root copied
/gpfs/slac/staas/fs1/supercdms/data/CDMS/ANIMAL/R70/Raw/27190707_181758/PMT_27190707_181758_48.root copied
/gpfs/slac/staas/fs1/supercdms/data/CDMS/ANIMAL/R70/Raw/27190707_115024/PMT_27190707_115024_9.root copied
/gpfs/slac/staas/fs1/supercdms/data/CDMS/ANIMAL/R70/Raw/27190707_171626/PMT_27190707_171626_81.root copied
/gpfs/slac/staas/fs1/supercdms/data/CDMS/ANIMAL/R70/Raw/27190707_140354/PMT_27190707_140354_30.root copied
/gpfs/slac/staas/fs1/supercdms/data/CDMS/ANIMAL/R70/Raw/27190707_115024/PMT_27190707_115024_35.root copied
/gpfs/slac/staas/fs1/supercdms/data/CDMS/ANIMAL/R70/Raw/27190707_202201/PMT_27190707_202201_73.root copied
/gpfs/slac/staas/fs1/supercdms/data/CDMS/ANIMAL/R70/Raw/27190707_115024/PMT_27190707_115024_30.root copied
/gpfs/slac/staas/fs1/supercdms/data/CDMS/ANIMAL/R70/Raw/27190707_115024/PMT_27190707_115024_37.root copied
/gpfs/slac/staas/fs1/supercdms/data/CDMS/ANIMAL/R70/Raw/27190707_150810/PMT_27190707_150810_38.root copied
/gpfs/slac/staas/fs1/supercdms/data/CDMS/ANIMAL/R70/Raw/27190707_202201/PMT_27190707_202201_61.root copied
/gpfs/slac/staas/fs1/supercdms/data/CDMS/ANIMAL/R70/Raw/27190707_212902/PMT_27190707_212902_6.root copied
/gpfs/slac/staas/fs1/supercdms/data/CDMS/ANIMAL/R70/Raw/27190707_212902/PMT_27190707_212902_7.root copied
/gpfs/slac/staas/fs1/supercdms/data/CDMS/ANIMAL/R70/Raw/27190707_171626/PMT_27190707_171626_70.root copied
/gpfs/slac/staas/fs1/supercdms/data/CDMS/ANIMAL/R70/Raw/27190707_160927/PMT_27190707_160927_55.root copied
/gpfs/slac/staas/fs1/supercdms/data/CDMS/ANIMAL/R70/Raw/27190707_125745/PMT_27190707_125745_3.root copied
/gpfs/slac/staas/fs1/supercdms/data/CDMS/ANIMAL/R70/Raw/27190707_125745/PMT_27190707_125745_22.root copied
/gpfs/slac/staas/fs1/supercdms/data/CDMS/ANIMAL/R70/Raw/27190707_150810/PMT_27190707_150810_80.root copied
/gpfs/slac/staas/fs1/supercdms/data/CDMS/ANIMAL/R70/Raw/27190707_150810/PMT_27190707_150810_66.root copied
/gpfs/slac/staas/fs1/supercdms/data/CDMS/ANIMAL/R70/Raw/27190707_150810/PMT_27190707_150810_48.root copied
/gpfs/slac/staas/fs1/supercdms/data/CDMS/ANIMAL/R70/Raw/27190707_171626/PMT_27190707_171626_18.root copied
/gpfs/slac/staas/fs1/supercdms/data/CDMS/ANIMAL/R70/Raw/27190707_115024/PMT_27190707_115024_23.root copied
/gpfs/slac/staas/fs1/supercdms/data/CDMS/ANIMAL/R70/Raw/27190707_150810/PMT_27190707_150810_19.root copied
/gpfs/slac/staas/fs1/supercdms/data/CDMS/ANIMAL/R70/Raw/27190707_150810/PMT_27190707_150810_30.root copied
/gpfs/slac/staas/fs1/supercdms/data/CDMS/ANIMAL/R70/Raw/27190707_140354/PMT_27190707_140354_79.root copied
/gpfs/slac/staas/fs1/supercdms/data/CDMS/ANIMAL/R70/Raw/27190707_181758/PMT_27190707_181758_78.root copied
/gpfs/slac/staas/fs1/supercdms/data/CDMS/ANIMAL/R70/Raw/27190707_150810/PMT_27190707_150810_14.root copied
/gpfs/slac/staas/fs1/supercdms/data/CDMS/ANIMAL/R70/Raw/27190707_150810/PMT_27190707_150810_7.root copied
/gpfs/slac/staas/fs1/supercdms/data/CDMS/ANIMAL/R70/Raw/27190707_115024/PMT_27190707_115024_58.root copied
/gpfs/slac/staas/fs1/supercdms/data/CDMS/ANIMAL/R70/Raw/27190707_115024/PMT_27190707_115024_56.root copied
/gpfs/slac/staas/fs1/supercdms/data/CDMS/ANIMAL/R70/Raw/27190707_212902/PMT_27190707_212902_70.root copied
/gpfs/slac/staas/fs1/supercdms/data/CDMS/ANIMAL/R70/Raw/27190707_191822/PMT_27190707_191822_35.root copied
/gpfs/slac/staas/fs1/supercdms/data/CDMS/ANIMAL/R70/Raw/27190707_115024/PMT_27190707_115024_31.root copied
/gpfs/slac/staas/fs1/supercdms/data/CDMS/ANIMAL/R70/Raw/27190707_191822/PMT_27190707_191822_48.root copied
/gpfs/slac/staas/fs1/supercdms/data/CDMS/ANIMAL/R70/Raw/27190707_171626/PMT_27190707_171626_52.root copied
/gpfs/slac/staas/fs1/supercdms/data/CDMS/ANIMAL/R70/Raw/27190707_125745/PMT_27190707_125745_43.root copied
/gpfs/slac/staas/fs1/supercdms/data/CDMS/ANIMAL/R70/Raw/27190707_181758/PMT_27190707_181758_63.root copied
/gpfs/slac/staas/fs1/supercdms/data/CDMS/ANIMAL/R70/Raw/27190707_150810/PMT_27190707_150810_64.root copied
/gpfs/slac/staas/fs1/supercdms/data/CDMS/ANIMAL/R70/Raw/27190707_115024/PMT_27190707_115024_13.root copied
/gpfs/slac/staas/fs1/supercdms/data/CDMS/ANIMAL/R70/Raw/27190707_171626/PMT_27190707_171626_19.root copied
/gpfs/slac/staas/fs1/supercdms/data/CDMS/ANIMAL/R70/Raw/27190707_171626/PMT_27190707_171626_48.root copied
/gpfs/slac/staas/fs1/supercdms/data/CDMS/ANIMAL/R70/Raw/27190707_160927/PMT_27190707_160927_13.root copied
/gpfs/slac/staas/fs1/supercdms/data/CDMS/ANIMAL/R70/Raw/27190707_191822/PMT_27190707_191822_5.root copied
/gpfs/slac/staas/fs1/supercdms/data/CDMS/ANIMAL/R70/Raw/27190707_140354/PMT_27190707_140354_47.root copied
/gpfs/slac/staas/fs1/supercdms/data/CDMS/ANIMAL/R70/Raw/27190707_140354/PMT_27190707_140354_19.root copied
/gpfs/slac/staas/fs1/supercdms/data/CDMS/ANIMAL/R70/Raw/27190707_140354/PMT_27190707_140354_37.root copied
/gpfs/slac/staas/fs1/supercdms/data/CDMS/ANIMAL/R70/Raw/27190707_202201/PMT_27190707_202201_77.root copied
/gpfs/slac/staas/fs1/supercdms/data/CDMS/ANIMAL/R70/Raw/27190707_181758/PMT_27190707_181758_33.root copied
/gpfs/slac/staas/fs1/supercdms/data/CDMS/ANIMAL/R70/Raw/27190707_140354/PMT_27190707_140354_13.root copied
/gpfs/slac/staas/fs1/supercdms/data/CDMS/ANIMAL/R70/Raw/27190707_115024/PMT_27190707_115024_44.root copied
/gpfs/slac/staas/fs1/supercdms/data/CDMS/ANIMAL/R70/Raw/27190707_160927/PMT_27190707_160927_23.root copied
/gpfs/slac/staas/fs1/supercdms/data/CDMS/ANIMAL/R70/Raw/27190707_171626/PMT_27190707_171626_54.root copied
/gpfs/slac/staas/fs1/supercdms/data/CDMS/ANIMAL/R70/Raw/27190707_181758/PMT_27190707_181758_41.root copied
/gpfs/slac/staas/fs1/supercdms/data/CDMS/ANIMAL/R70/Raw/27190707_125745/PMT_27190707_125745_44.root copied
/gpfs/slac/staas/fs1/supercdms/data/CDMS/ANIMAL/R70/Raw/27190707_150810/PMT_27190707_150810_6.root copied
/gpfs/slac/staas/fs1/supercdms/data/CDMS/ANIMAL/R70/Raw/27190707_125745/PMT_27190707_125745_18.root copied
/gpfs/slac/staas/fs1/supercdms/data/CDMS/ANIMAL/R70/Raw/27190707_171626/PMT_27190707_171626_2.root copied
/gpfs/slac/staas/fs1/supercdms/data/CDMS/ANIMAL/R70/Raw/27190707_171626/PMT_27190707_171626_25.root copied
/gpfs/slac/staas/fs1/supercdms/data/CDMS/ANIMAL/R70/Raw/27190707_202201/PMT_27190707_202201_70.root copied
/gpfs/slac/staas/fs1/supercdms/data/CDMS/ANIMAL/R70/Raw/27190707_191822/PMT_27190707_191822_29.root copied
/gpfs/slac/staas/fs1/supercdms/data/CDMS/ANIMAL/R70/Raw/27190707_191822/PMT_27190707_191822_12.root copied
/gpfs/slac/staas/fs1/supercdms/data/CDMS/ANIMAL/R70/Raw/27190707_202201/PMT_27190707_202201-conf.root copied
/gpfs/slac/staas/fs1/supercdms/data/CDMS/ANIMAL/R70/Raw/27190707_125745/PMT_27190707_125745_77.root copied
/gpfs/slac/staas/fs1/supercdms/data/CDMS/ANIMAL/R70/Raw/27190707_115024/PMT_27190707_115024_54.root copied
/gpfs/slac/staas/fs1/supercdms/data/CDMS/ANIMAL/R70/Raw/27190707_140354/PMT_27190707_140354_64.root copied
/gpfs/slac/staas/fs1/supercdms/data/CDMS/ANIMAL/R70/Raw/27190707_160927/PMT_27190707_160927_51.root copied
/gpfs/slac/staas/fs1/supercdms/data/CDMS/ANIMAL/R70/Raw/27190707_191822/PMT_27190707_191822_26.root copied
/gpfs/slac/staas/fs1/supercdms/data/CDMS/ANIMAL/R70/Raw/27190707_191822/PMT_27190707_191822_40.root copied
/gpfs/slac/staas/fs1/supercdms/data/CDMS/ANIMAL/R70/Raw/27190707_150810/PMT_27190707_150810_56.root copied
/gpfs/slac/staas/fs1/supercdms/data/CDMS/ANIMAL/R70/Raw/27190707_125745/PMT_27190707_125745_65.root copied
/gpfs/slac/staas/fs1/supercdms/data/CDMS/ANIMAL/R70/Raw/27190707_181758/PMT_27190707_181758_36.root copied
/gpfs/slac/staas/fs1/supercdms/data/CDMS/ANIMAL/R70/Raw/27190707_212902/PMT_27190707_212902_67.root copied
/gpfs/slac/staas/fs1/supercdms/data/CDMS/ANIMAL/R70/Raw/27190707_140354/PMT_27190707_140354_23.root copied
/gpfs/slac/staas/fs1/supercdms/data/CDMS/ANIMAL/R70/Raw/27190707_191822/PMT_27190707_191822_27.root copied
/gpfs/slac/staas/fs1/supercdms/data/CDMS/ANIMAL/R70/Raw/27190707_212902/PMT_27190707_212902_38.root copied
/gpfs/slac/staas/fs1/supercdms/data/CDMS/ANIMAL/R70/Raw/27190707_150810/PMT_27190707_150810_61.root copied
/gpfs/slac/staas/fs1/supercdms/data/CDMS/ANIMAL/R70/Raw/27190707_171626/PMT_27190707_171626_11.root copied
/gpfs/slac/staas/fs1/supercdms/data/CDMS/ANIMAL/R70/Raw/27190707_202201/PMT_27190707_202201_16.root copied
/gpfs/slac/staas/fs1/supercdms/data/CDMS/ANIMAL/R70/Raw/27190707_181758/PMT_27190707_181758_70.root copied
/gpfs/slac/staas/fs1/supercdms/data/CDMS/ANIMAL/R70/Raw/27190707_212902/PMT_27190707_212902_51.root copied
/gpfs/slac/staas/fs1/supercdms/data/CDMS/ANIMAL/R70/Raw/27190707_115024/PMT_27190707_115024_28.root copied
/gpfs/slac/staas/fs1/supercdms/data/CDMS/ANIMAL/R70/Raw/27190707_212902/PMT_27190707_212902_20.root copied
/gpfs/slac/staas/fs1/supercdms/data/CDMS/ANIMAL/R70/Raw/27190707_150810/PMT_27190707_150810_9.root copied
/gpfs/slac/staas/fs1/supercdms/data/CDMS/ANIMAL/R70/Raw/27190707_140354/PMT_27190707_140354_69.root copied
/gpfs/slac/staas/fs1/supercdms/data/CDMS/ANIMAL/R70/Raw/27190707_160927/PMT_27190707_160927_45.root copied
/gpfs/slac/staas/fs1/supercdms/data/CDMS/ANIMAL/R70/Raw/27190707_202201/PMT_27190707_202201_55.root copied
/gpfs/slac/staas/fs1/supercdms/data/CDMS/ANIMAL/R70/Raw/27190707_160927/PMT_27190707_160927_63.root copied
/gpfs/slac/staas/fs1/supercdms/data/CDMS/ANIMAL/R70/Raw/27190707_140354/PMT_27190707_140354_48.root copied
/gpfs/slac/staas/fs1/supercdms/data/CDMS/ANIMAL/R70/Raw/27190707_115024/PMT_27190707_115024_79.root copied
/gpfs/slac/staas/fs1/supercdms/data/CDMS/ANIMAL/R70/Raw/27190707_202201/PMT_27190707_202201_43.root copied
/gpfs/slac/staas/fs1/supercdms/data/CDMS/ANIMAL/R70/Raw/27190707_202201/PMT_27190707_202201_79.root copied
/gpfs/slac/staas/fs1/supercdms/data/CDMS/ANIMAL/R70/Raw/27190707_202201/PMT_27190707_202201_62.root copied
/gpfs/slac/staas/fs1/supercdms/data/CDMS/ANIMAL/R70/Raw/27190707_181758/PMT_27190707_181758_17.root copied
/gpfs/slac/staas/fs1/supercdms/data/CDMS/ANIMAL/R70/Raw/27190707_171626/PMT_27190707_171626_35.root copied
/gpfs/slac/staas/fs1/supercdms/data/CDMS/ANIMAL/R70/Raw/27190707_202201/PMT_27190707_202201_58.root copied
/gpfs/slac/staas/fs1/supercdms/data/CDMS/ANIMAL/R70/Raw/27190707_212902/PMT_27190707_212902_39.root copied
/gpfs/slac/staas/fs1/supercdms/data/CDMS/ANIMAL/R70/Raw/27190707_212902/PMT_27190707_212902_2.root copied
/gpfs/slac/staas/fs1/supercdms/data/CDMS/ANIMAL/R70/Raw/27190707_191822/PMT_27190707_191822_44.root copied
/gpfs/slac/staas/fs1/supercdms/data/CDMS/ANIMAL/R70/Raw/27190707_181758/PMT_27190707_181758_25.root copied
/gpfs/slac/staas/fs1/supercdms/data/CDMS/ANIMAL/R70/Raw/27190707_150810/PMT_27190707_150810_81.root copied
/gpfs/slac/staas/fs1/supercdms/data/CDMS/ANIMAL/R70/Raw/27190707_171626/PMT_27190707_171626_66.root copied
/gpfs/slac/staas/fs1/supercdms/data/CDMS/ANIMAL/R70/Raw/27190707_160927/PMT_27190707_160927_1.root copied
/gpfs/slac/staas/fs1/supercdms/data/CDMS/ANIMAL/R70/Raw/27190707_125745/PMT_27190707_125745_68.root copied
/gpfs/slac/staas/fs1/supercdms/data/CDMS/ANIMAL/R70/Raw/27190707_150810/PMT_27190707_150810_31.root copied
/gpfs/slac/staas/fs1/supercdms/data/CDMS/ANIMAL/R70/Raw/27190707_202201/PMT_27190707_202201_59.root copied
/gpfs/slac/staas/fs1/supercdms/data/CDMS/ANIMAL/R70/Raw/27190707_115024/PMT_27190707_115024_65.root copied
/gpfs/slac/staas/fs1/supercdms/data/CDMS/ANIMAL/R70/Raw/27190707_125745/PMT_27190707_125745_74.root copied
/gpfs/slac/staas/fs1/supercdms/data/CDMS/ANIMAL/R70/Raw/27190707_191822/PMT_27190707_191822_32.root copied
/gpfs/slac/staas/fs1/supercdms/data/CDMS/ANIMAL/R70/Raw/27190707_191822/PMT_27190707_191822_18.root copied
/gpfs/slac/staas/fs1/supercdms/data/CDMS/ANIMAL/R70/Raw/27190707_115024/PMT_27190707_115024_49.root copied
/gpfs/slac/staas/fs1/supercdms/data/CDMS/ANIMAL/R70/Raw/27190707_160927/PMT_27190707_160927_36.root copied
/gpfs/slac/staas/fs1/supercdms/data/CDMS/ANIMAL/R70/Raw/27190707_181758/PMT_27190707_181758_39.root copied
/gpfs/slac/staas/fs1/supercdms/data/CDMS/ANIMAL/R70/Raw/27190707_181758/PMT_27190707_181758_29.root copied
/gpfs/slac/staas/fs1/supercdms/data/CDMS/ANIMAL/R70/Raw/27190707_212902/PMT_27190707_212902_72.root copied
/gpfs/slac/staas/fs1/supercdms/data/CDMS/ANIMAL/R70/Raw/27190707_160927/PMT_27190707_160927_20.root copied
/gpfs/slac/staas/fs1/supercdms/data/CDMS/ANIMAL/R70/Raw/27190707_150810/PMT_27190707_150810_62.root copied
/gpfs/slac/staas/fs1/supercdms/data/CDMS/ANIMAL/R70/Raw/27190707_181758/PMT_27190707_181758_59.root copied
/gpfs/slac/staas/fs1/supercdms/data/CDMS/ANIMAL/R70/Raw/27190707_150810/PMT_27190707_150810_70.root copied
/gpfs/slac/staas/fs1/supercdms/data/CDMS/ANIMAL/R70/Raw/27190707_212902/PMT_27190707_212902_23.root copied
/gpfs/slac/staas/fs1/supercdms/data/CDMS/ANIMAL/R70/Raw/27190707_181758/PMT_27190707_181758_58.root copied
/gpfs/slac/staas/fs1/supercdms/data/CDMS/ANIMAL/R70/Raw/27190707_202201/PMT_27190707_202201_57.root copied
/gpfs/slac/staas/fs1/supercdms/data/CDMS/ANIMAL/R70/Raw/27190707_125745/PMT_27190707_125745_67.root copied
/gpfs/slac/staas/fs1/supercdms/data/CDMS/ANIMAL/R70/Raw/27190707_202201/PMT_27190707_202201_66.root copied
/gpfs/slac/staas/fs1/supercdms/data/CDMS/ANIMAL/R70/Raw/27190707_202201/PMT_27190707_202201_63.root copied
/gpfs/slac/staas/fs1/supercdms/data/CDMS/ANIMAL/R70/Raw/27190707_191822/PMT_27190707_191822_28.root copied
/gpfs/slac/staas/fs1/supercdms/data/CDMS/ANIMAL/R70/Raw/27190707_181758/PMT_27190707_181758_1.root copied
/gpfs/slac/staas/fs1/supercdms/data/CDMS/ANIMAL/R70/Raw/27190707_171626/PMT_27190707_171626_46.root copied
/gpfs/slac/staas/fs1/supercdms/data/CDMS/ANIMAL/R70/Raw/27190707_115024/PMT_27190707_115024_16.root copied
/gpfs/slac/staas/fs1/supercdms/data/CDMS/ANIMAL/R70/Raw/27190707_125745/PMT_27190707_125745_57.root copied
/gpfs/slac/staas/fs1/supercdms/data/CDMS/ANIMAL/R70/Raw/27190707_212902/PMT_27190707_212902_28.root copied
/gpfs/slac/staas/fs1/supercdms/data/CDMS/ANIMAL/R70/Raw/27190707_150810/PMT_27190707_150810_29.root copied
/gpfs/slac/staas/fs1/supercdms/data/CDMS/ANIMAL/R70/Raw/27190707_191822/PMT_27190707_191822_62.root copied
/gpfs/slac/staas/fs1/supercdms/data/CDMS/ANIMAL/R70/Raw/27190707_212902/PMT_27190707_212902_64.root copied
/gpfs/slac/staas/fs1/supercdms/data/CDMS/ANIMAL/R70/Raw/27190707_150810/PMT_27190707_150810_73.root copied
/gpfs/slac/staas/fs1/supercdms/data/CDMS/ANIMAL/R70/Raw/27190707_212902/PMT_27190707_212902_26.root copied
/gpfs/slac/staas/fs1/supercdms/data/CDMS/ANIMAL/R70/Raw/27190707_140354/PMT_27190707_140354_38.root copied
/gpfs/slac/staas/fs1/supercdms/data/CDMS/ANIMAL/R70/Raw/27190707_171626/PMT_27190707_171626_10.root copied
/gpfs/slac/staas/fs1/supercdms/data/CDMS/ANIMAL/R70/Raw/27190707_140354/PMT_27190707_140354_16.root copied
/gpfs/slac/staas/fs1/supercdms/data/CDMS/ANIMAL/R70/Raw/27190707_171626/PMT_27190707_171626_68.root copied
/gpfs/slac/staas/fs1/supercdms/data/CDMS/ANIMAL/R70/Raw/27190707_212902/PMT_27190707_212902_41.root copied
/gpfs/slac/staas/fs1/supercdms/data/CDMS/ANIMAL/R70/Raw/27190707_191822/PMT_27190707_191822_61.root copied
/gpfs/slac/staas/fs1/supercdms/data/CDMS/ANIMAL/R70/Raw/27190707_202201/PMT_27190707_202201_28.root copied
/gpfs/slac/staas/fs1/supercdms/data/CDMS/ANIMAL/R70/Raw/27190707_171626/PMT_27190707_171626_43.root copied
/gpfs/slac/staas/fs1/supercdms/data/CDMS/ANIMAL/R70/Raw/27190707_160927/PMT_27190707_160927_66.root copied
/gpfs/slac/staas/fs1/supercdms/data/CDMS/ANIMAL/R70/Raw/27190707_115024/PMT_27190707_115024_74.root copied
/gpfs/slac/staas/fs1/supercdms/data/CDMS/ANIMAL/R70/Raw/27190707_212902/PMT_27190707_212902_15.root copied
/gpfs/slac/staas/fs1/supercdms/data/CDMS/ANIMAL/R70/Raw/27190707_212902/PMT_27190707_212902_50.root copied
/gpfs/slac/staas/fs1/supercdms/data/CDMS/ANIMAL/R70/Raw/27190707_212902/PMT_27190707_212902_29.root copied
/gpfs/slac/staas/fs1/supercdms/data/CDMS/ANIMAL/R70/Raw/27190707_171626/PMT_27190707_171626_32.root copied
/gpfs/slac/staas/fs1/supercdms/data/CDMS/ANIMAL/R70/Raw/27190707_212902/PMT_27190707_212902_65.root copied
/gpfs/slac/staas/fs1/supercdms/data/CDMS/ANIMAL/R70/Raw/27190707_160927/PMT_27190707_160927_7.root copied
/gpfs/slac/staas/fs1/supercdms/data/CDMS/ANIMAL/R70/Raw/27190707_125745/PMT_27190707_125745_2.root copied
/gpfs/slac/staas/fs1/supercdms/data/CDMS/ANIMAL/R70/Raw/27190707_125745/PMT_27190707_125745_28.root copied
/gpfs/slac/staas/fs1/supercdms/data/CDMS/ANIMAL/R70/Raw/27190707_191822/PMT_27190707_191822_23.root copied
/gpfs/slac/staas/fs1/supercdms/data/CDMS/ANIMAL/R70/Raw/27190707_212902/PMT_27190707_212902_10.root copied
/gpfs/slac/staas/fs1/supercdms/data/CDMS/ANIMAL/R70/Raw/27190707_125745/PMT_27190707_125745_41.root copied
/gpfs/slac/staas/fs1/supercdms/data/CDMS/ANIMAL/R70/Raw/27190707_191822/PMT_27190707_191822_54.root copied
/gpfs/slac/staas/fs1/supercdms/data/CDMS/ANIMAL/R70/Raw/27190707_181758/PMT_27190707_181758_11.root copied
/gpfs/slac/staas/fs1/supercdms/data/CDMS/ANIMAL/R70/Raw/27190707_171626/PMT_27190707_171626_6.root copied
/gpfs/slac/staas/fs1/supercdms/data/CDMS/ANIMAL/R70/Raw/27190707_150810/PMT_27190707_150810_16.root copied
/gpfs/slac/staas/fs1/supercdms/data/CDMS/ANIMAL/R70/Raw/27190707_160927/PMT_27190707_160927_25.root copied
/gpfs/slac/staas/fs1/supercdms/data/CDMS/ANIMAL/R70/Raw/27190707_140354/PMT_27190707_140354_63.root copied
/gpfs/slac/staas/fs1/supercdms/data/CDMS/ANIMAL/R70/Raw/27190707_140354/PMT_27190707_140354_57.root copied
/gpfs/slac/staas/fs1/supercdms/data/CDMS/ANIMAL/R70/Raw/27190707_191822/PMT_27190707_191822_38.root copied
/gpfs/slac/staas/fs1/supercdms/data/CDMS/ANIMAL/R70/Raw/27190707_191822/PMT_27190707_191822_21.root copied
/gpfs/slac/staas/fs1/supercdms/data/CDMS/ANIMAL/R70/Raw/27190707_191822/PMT_27190707_191822_14.root copied
/gpfs/slac/staas/fs1/supercdms/data/CDMS/ANIMAL/R70/Raw/27190707_140354/PMT_27190707_140354_50.root copied
/gpfs/slac/staas/fs1/supercdms/data/CDMS/ANIMAL/R70/Raw/27190707_181758/PMT_27190707_181758_23.root copied
/gpfs/slac/staas/fs1/supercdms/data/CDMS/ANIMAL/R70/Raw/27190707_202201/PMT_27190707_202201_19.root copied
/gpfs/slac/staas/fs1/supercdms/data/CDMS/ANIMAL/R70/Raw/27190707_212902/PMT_27190707_212902_69.root copied
/gpfs/slac/staas/fs1/supercdms/data/CDMS/ANIMAL/R70/Raw/27190707_212902/PMT_27190707_212902_22.root copied
/gpfs/slac/staas/fs1/supercdms/data/CDMS/ANIMAL/R70/Raw/27190707_150810/PMT_27190707_150810_71.root copied
/gpfs/slac/staas/fs1/supercdms/data/CDMS/ANIMAL/R70/Raw/27190707_171626/PMT_27190707_171626_34.root copied
/gpfs/slac/staas/fs1/supercdms/data/CDMS/ANIMAL/R70/Raw/27190707_171626/PMT_27190707_171626_62.root copied
/gpfs/slac/staas/fs1/supercdms/data/CDMS/ANIMAL/R70/Raw/27190707_181758/PMT_27190707_181758_50.root copied
/gpfs/slac/staas/fs1/supercdms/data/CDMS/ANIMAL/R70/Raw/27190707_202201/PMT_27190707_202201_46.root copied
/gpfs/slac/staas/fs1/supercdms/data/CDMS/ANIMAL/R70/Raw/27190707_181758/PMT_27190707_181758_57.root copied
/gpfs/slac/staas/fs1/supercdms/data/CDMS/ANIMAL/R70/Raw/27190707_191822/PMT_27190707_191822_6.root copied
/gpfs/slac/staas/fs1/supercdms/data/CDMS/ANIMAL/R70/Raw/27190707_140354/PMT_27190707_140354_1.root copied
/gpfs/slac/staas/fs1/supercdms/data/CDMS/ANIMAL/R70/Raw/27190707_202201/PMT_27190707_202201_38.root copied
/gpfs/slac/staas/fs1/supercdms/data/CDMS/ANIMAL/R70/Raw/27190707_160927/PMT_27190707_160927_32.root copied
/gpfs/slac/staas/fs1/supercdms/data/CDMS/ANIMAL/R70/Raw/27190707_115024/PMT_27190707_115024_42.root copied
/gpfs/slac/staas/fs1/supercdms/data/CDMS/ANIMAL/R70/Raw/27190707_150810/PMT_27190707_150810_5.root copied
/gpfs/slac/staas/fs1/supercdms/data/CDMS/ANIMAL/R70/Raw/27190707_212902/PMT_27190707_212902_3.root copied
/gpfs/slac/staas/fs1/supercdms/data/CDMS/ANIMAL/R70/Raw/27190707_150810/PMT_27190707_150810_59.root copied
/gpfs/slac/staas/fs1/supercdms/data/CDMS/ANIMAL/R70/Raw/27190707_181758/PMT_27190707_181758_71.root copied
/gpfs/slac/staas/fs1/supercdms/data/CDMS/ANIMAL/R70/Raw/27190707_181758/PMT_27190707_181758_27.root copied
/gpfs/slac/staas/fs1/supercdms/data/CDMS/ANIMAL/R70/Raw/27190707_171626/PMT_27190707_171626_16.root copied
/gpfs/slac/staas/fs1/supercdms/data/CDMS/ANIMAL/R70/Raw/27190707_212902/PMT_27190707_212902_81.root copied
/gpfs/slac/staas/fs1/supercdms/data/CDMS/ANIMAL/R70/Raw/27190707_191822/PMT_27190707_191822_16.root copied
/gpfs/slac/staas/fs1/supercdms/data/CDMS/ANIMAL/R70/Raw/27190707_212902/PMT_27190707_212902_62.root copied
/gpfs/slac/staas/fs1/supercdms/data/CDMS/ANIMAL/R70/Raw/27190707_115024/PMT_27190707_115024_48.root copied
/gpfs/slac/staas/fs1/supercdms/data/CDMS/ANIMAL/R70/Raw/27190707_202201/PMT_27190707_202201_17.root copied
/gpfs/slac/staas/fs1/supercdms/data/CDMS/ANIMAL/R70/Raw/27190707_191822/PMT_27190707_191822_68.root copied
/gpfs/slac/staas/fs1/supercdms/data/CDMS/ANIMAL/R70/Raw/27190707_140354/PMT_27190707_140354_70.root copied
/gpfs/slac/staas/fs1/supercdms/data/CDMS/ANIMAL/R70/Raw/27190707_125745/PMT_27190707_125745_30.root copied
/gpfs/slac/staas/fs1/supercdms/data/CDMS/ANIMAL/R70/Raw/27190707_171626/PMT_27190707_171626_13.root copied
/gpfs/slac/staas/fs1/supercdms/data/CDMS/ANIMAL/R70/Raw/27190707_140354/PMT_27190707_140354_71.root copied
/gpfs/slac/staas/fs1/supercdms/data/CDMS/ANIMAL/R70/Raw/27190707_181758/PMT_27190707_181758_40.root copied
/gpfs/slac/staas/fs1/supercdms/data/CDMS/ANIMAL/R70/Raw/27190707_202201/PMT_27190707_202201_45.root copied
/gpfs/slac/staas/fs1/supercdms/data/CDMS/ANIMAL/R70/Raw/27190707_212902/PMT_27190707_212902_8.root copied
/gpfs/slac/staas/fs1/supercdms/data/CDMS/ANIMAL/R70/Raw/27190707_202201/PMT_27190707_202201_7.root copied
/gpfs/slac/staas/fs1/supercdms/data/CDMS/ANIMAL/R70/Raw/27190707_212902/PMT_27190707_212902_18.root copied
/gpfs/slac/staas/fs1/supercdms/data/CDMS/ANIMAL/R70/Raw/27190707_191822/PMT_27190707_191822_58.root copied
/gpfs/slac/staas/fs1/supercdms/data/CDMS/ANIMAL/R70/Raw/27190707_140354/PMT_27190707_140354_20.root copied
/gpfs/slac/staas/fs1/supercdms/data/CDMS/ANIMAL/R70/Raw/27190707_171626/PMT_27190707_171626_4.root copied
/gpfs/slac/staas/fs1/supercdms/data/CDMS/ANIMAL/R70/Raw/27190707_202201/PMT_27190707_202201_64.root copied
/gpfs/slac/staas/fs1/supercdms/data/CDMS/ANIMAL/R70/Raw/27190707_191822/PMT_27190707_191822_55.root copied
/gpfs/slac/staas/fs1/supercdms/data/CDMS/ANIMAL/R70/Raw/27190707_150810/PMT_27190707_150810_55.root copied
/gpfs/slac/staas/fs1/supercdms/data/CDMS/ANIMAL/R70/Raw/27190707_181758/PMT_27190707_181758_75.root copied
/gpfs/slac/staas/fs1/supercdms/data/CDMS/ANIMAL/R70/Raw/27190707_181758/PMT_27190707_181758_77.root copied
/gpfs/slac/staas/fs1/supercdms/data/CDMS/ANIMAL/R70/Raw/27190707_140354/PMT_27190707_140354-conf.root copied
27190711_115309 didnt exist, now it does
/gpfs/slac/staas/fs1/supercdms/data/CDMS/ANIMAL/R70/Raw/27190711_115309/PMT_27190711_115309_34.root copied
27190711_200227 didnt exist, now it does
/gpfs/slac/staas/fs1/supercdms/data/CDMS/ANIMAL/R70/Raw/27190711_200227/PMT_27190711_200227_8.root copied
27190711_125332 didnt exist, now it does
/gpfs/slac/staas/fs1/supercdms/data/CDMS/ANIMAL/R70/Raw/27190711_125332/PMT_27190711_125332_33.root copied
27190711_165710 didnt exist, now it does
/gpfs/slac/staas/fs1/supercdms/data/CDMS/ANIMAL/R70/Raw/27190711_165710/PMT_27190711_165710_21.root copied
27190711_220357 didnt exist, now it does
/gpfs/slac/staas/fs1/supercdms/data/CDMS/ANIMAL/R70/Raw/27190711_220357/PMT_27190711_220357_20.root copied
27190711_135451 didnt exist, now it does
/gpfs/slac/staas/fs1/supercdms/data/CDMS/ANIMAL/R70/Raw/27190711_135451/PMT_27190711_135451_38.root copied
/gpfs/slac/staas/fs1/supercdms/data/CDMS/ANIMAL/R70/Raw/27190711_125332/PMT_27190711_125332_55.root copied
27190711_145524 didnt exist, now it does
/gpfs/slac/staas/fs1/supercdms/data/CDMS/ANIMAL/R70/Raw/27190711_145524/PMT_27190711_145524_69.root copied
27190711_175732 didnt exist, now it does
/gpfs/slac/staas/fs1/supercdms/data/CDMS/ANIMAL/R70/Raw/27190711_175732/PMT_27190711_175732_55.root copied
27190711_190010 didnt exist, now it does
/gpfs/slac/staas/fs1/supercdms/data/CDMS/ANIMAL/R70/Raw/27190711_190010/PMT_27190711_190010_16.root copied
/gpfs/slac/staas/fs1/supercdms/data/CDMS/ANIMAL/R70/Raw/27190711_220357/PMT_27190711_220357_44.root copied
/gpfs/slac/staas/fs1/supercdms/data/CDMS/ANIMAL/R70/Raw/27190711_165710/PMT_27190711_165710_76.root copied
/gpfs/slac/staas/fs1/supercdms/data/CDMS/ANIMAL/R70/Raw/27190711_165710/PMT_27190711_165710_45.root copied
/gpfs/slac/staas/fs1/supercdms/data/CDMS/ANIMAL/R70/Raw/27190711_190010/PMT_27190711_190010_68.root copied
27190711_155539 didnt exist, now it does
/gpfs/slac/staas/fs1/supercdms/data/CDMS/ANIMAL/R70/Raw/27190711_155539/PMT_27190711_155539_41.root copied
/gpfs/slac/staas/fs1/supercdms/data/CDMS/ANIMAL/R70/Raw/27190711_145524/PMT_27190711_145524_29.root copied
/gpfs/slac/staas/fs1/supercdms/data/CDMS/ANIMAL/R70/Raw/27190711_165710/PMT_27190711_165710_12.root copied
/gpfs/slac/staas/fs1/supercdms/data/CDMS/ANIMAL/R70/Raw/27190711_175732/PMT_27190711_175732_34.root copied
/gpfs/slac/staas/fs1/supercdms/data/CDMS/ANIMAL/R70/Raw/27190711_200227/PMT_27190711_200227_21.root copied
/gpfs/slac/staas/fs1/supercdms/data/CDMS/ANIMAL/R70/Raw/27190711_155539/PMT_27190711_155539_13.root copied
/gpfs/slac/staas/fs1/supercdms/data/CDMS/ANIMAL/R70/Raw/27190711_125332/PMT_27190711_125332_2.root copied
/gpfs/slac/staas/fs1/supercdms/data/CDMS/ANIMAL/R70/Raw/27190711_135451/PMT_27190711_135451_35.root copied
/gpfs/slac/staas/fs1/supercdms/data/CDMS/ANIMAL/R70/Raw/27190711_220357/PMT_27190711_220357_45.root copied
/gpfs/slac/staas/fs1/supercdms/data/CDMS/ANIMAL/R70/Raw/27190711_200227/PMT_27190711_200227_60.root copied
/gpfs/slac/staas/fs1/supercdms/data/CDMS/ANIMAL/R70/Raw/27190711_200227/PMT_27190711_200227_74.root copied
27190711_210305 didnt exist, now it does
/gpfs/slac/staas/fs1/supercdms/data/CDMS/ANIMAL/R70/Raw/27190711_210305/PMT_27190711_210305_76.root copied
/gpfs/slac/staas/fs1/supercdms/data/CDMS/ANIMAL/R70/Raw/27190711_145524/PMT_27190711_145524_50.root copied
/gpfs/slac/staas/fs1/supercdms/data/CDMS/ANIMAL/R70/Raw/27190711_220357/PMT_27190711_220357_35.root copied
/gpfs/slac/staas/fs1/supercdms/data/CDMS/ANIMAL/R70/Raw/27190711_165710/PMT_27190711_165710_61.root copied
/gpfs/slac/staas/fs1/supercdms/data/CDMS/ANIMAL/R70/Raw/27190711_210305/PMT_27190711_210305_47.root copied
/gpfs/slac/staas/fs1/supercdms/data/CDMS/ANIMAL/R70/Raw/27190711_115309/PMT_27190711_115309_22.root copied
/gpfs/slac/staas/fs1/supercdms/data/CDMS/ANIMAL/R70/Raw/27190711_145524/PMT_27190711_145524_72.root copied
/gpfs/slac/staas/fs1/supercdms/data/CDMS/ANIMAL/R70/Raw/27190711_125332/PMT_27190711_125332_35.root copied
/gpfs/slac/staas/fs1/supercdms/data/CDMS/ANIMAL/R70/Raw/27190711_155539/PMT_27190711_155539_8.root copied
/gpfs/slac/staas/fs1/supercdms/data/CDMS/ANIMAL/R70/Raw/27190711_210305/PMT_27190711_210305_53.root copied
/gpfs/slac/staas/fs1/supercdms/data/CDMS/ANIMAL/R70/Raw/27190711_165710/PMT_27190711_165710_56.root copied
/gpfs/slac/staas/fs1/supercdms/data/CDMS/ANIMAL/R70/Raw/27190711_125332/PMT_27190711_125332_18.root copied
/gpfs/slac/staas/fs1/supercdms/data/CDMS/ANIMAL/R70/Raw/27190711_155539/PMT_27190711_155539_47.root copied
/gpfs/slac/staas/fs1/supercdms/data/CDMS/ANIMAL/R70/Raw/27190711_200227/PMT_27190711_200227_2.root copied
/gpfs/slac/staas/fs1/supercdms/data/CDMS/ANIMAL/R70/Raw/27190711_125332/PMT_27190711_125332_6.root copied
/gpfs/slac/staas/fs1/supercdms/data/CDMS/ANIMAL/R70/Raw/27190711_190010/PMT_27190711_190010_46.root copied
/gpfs/slac/staas/fs1/supercdms/data/CDMS/ANIMAL/R70/Raw/27190711_135451/PMT_27190711_135451_28.root copied
/gpfs/slac/staas/fs1/supercdms/data/CDMS/ANIMAL/R70/Raw/27190711_200227/PMT_27190711_200227_57.root copied
/gpfs/slac/staas/fs1/supercdms/data/CDMS/ANIMAL/R70/Raw/27190711_210305/PMT_27190711_210305_68.root copied
/gpfs/slac/staas/fs1/supercdms/data/CDMS/ANIMAL/R70/Raw/27190711_145524/PMT_27190711_145524_18.root copied
/gpfs/slac/staas/fs1/supercdms/data/CDMS/ANIMAL/R70/Raw/27190711_175732/PMT_27190711_175732_31.root copied
/gpfs/slac/staas/fs1/supercdms/data/CDMS/ANIMAL/R70/Raw/27190711_175732/PMT_27190711_175732_66.root copied
/gpfs/slac/staas/fs1/supercdms/data/CDMS/ANIMAL/R70/Raw/27190711_115309/PMT_27190711_115309_41.root copied
/gpfs/slac/staas/fs1/supercdms/data/CDMS/ANIMAL/R70/Raw/27190711_145524/PMT_27190711_145524_56.root copied
/gpfs/slac/staas/fs1/supercdms/data/CDMS/ANIMAL/R70/Raw/27190711_200227/PMT_27190711_200227_52.root copied
/gpfs/slac/staas/fs1/supercdms/data/CDMS/ANIMAL/R70/Raw/27190711_135451/PMT_27190711_135451_69.root copied
/gpfs/slac/staas/fs1/supercdms/data/CDMS/ANIMAL/R70/Raw/27190711_210305/PMT_27190711_210305_78.root copied
/gpfs/slac/staas/fs1/supercdms/data/CDMS/ANIMAL/R70/Raw/27190711_200227/PMT_27190711_200227_64.root copied
/gpfs/slac/staas/fs1/supercdms/data/CDMS/ANIMAL/R70/Raw/27190711_190010/PMT_27190711_190010_73.root copied
/gpfs/slac/staas/fs1/supercdms/data/CDMS/ANIMAL/R70/Raw/27190711_165710/PMT_27190711_165710_40.root copied
/gpfs/slac/staas/fs1/supercdms/data/CDMS/ANIMAL/R70/Raw/27190711_190010/PMT_27190711_190010_52.root copied
/gpfs/slac/staas/fs1/supercdms/data/CDMS/ANIMAL/R70/Raw/27190711_115309/PMT_27190711_115309_58.root copied
/gpfs/slac/staas/fs1/supercdms/data/CDMS/ANIMAL/R70/Raw/27190711_135451/PMT_27190711_135451_3.root copied
/gpfs/slac/staas/fs1/supercdms/data/CDMS/ANIMAL/R70/Raw/27190711_155539/PMT_27190711_155539_65.root copied
/gpfs/slac/staas/fs1/supercdms/data/CDMS/ANIMAL/R70/Raw/27190711_145524/PMT_27190711_145524_68.root copied
/gpfs/slac/staas/fs1/supercdms/data/CDMS/ANIMAL/R70/Raw/27190711_210305/PMT_27190711_210305_72.root copied
/gpfs/slac/staas/fs1/supercdms/data/CDMS/ANIMAL/R70/Raw/27190711_200227/PMT_27190711_200227_71.root copied
/gpfs/slac/staas/fs1/supercdms/data/CDMS/ANIMAL/R70/Raw/27190711_220357/PMT_27190711_220357_41.root copied
/gpfs/slac/staas/fs1/supercdms/data/CDMS/ANIMAL/R70/Raw/27190711_125332/PMT_27190711_125332_16.root copied
/gpfs/slac/staas/fs1/supercdms/data/CDMS/ANIMAL/R70/Raw/27190711_135451/PMT_27190711_135451_10.root copied
/gpfs/slac/staas/fs1/supercdms/data/CDMS/ANIMAL/R70/Raw/27190711_190010/PMT_27190711_190010_20.root copied
/gpfs/slac/staas/fs1/supercdms/data/CDMS/ANIMAL/R70/Raw/27190711_200227/PMT_27190711_200227_16.root copied
/gpfs/slac/staas/fs1/supercdms/data/CDMS/ANIMAL/R70/Raw/27190711_175732/PMT_27190711_175732_78.root copied
/gpfs/slac/staas/fs1/supercdms/data/CDMS/ANIMAL/R70/Raw/27190711_175732/PMT_27190711_175732_6.root copied
/gpfs/slac/staas/fs1/supercdms/data/CDMS/ANIMAL/R70/Raw/27190711_135451/PMT_27190711_135451_66.root copied
/gpfs/slac/staas/fs1/supercdms/data/CDMS/ANIMAL/R70/Raw/27190711_135451/PMT_27190711_135451_14.root copied
/gpfs/slac/staas/fs1/supercdms/data/CDMS/ANIMAL/R70/Raw/27190711_165710/PMT_27190711_165710_3.root copied
/gpfs/slac/staas/fs1/supercdms/data/CDMS/ANIMAL/R70/Raw/27190711_165710/PMT_27190711_165710_41.root copied
/gpfs/slac/staas/fs1/supercdms/data/CDMS/ANIMAL/R70/Raw/27190711_135451/PMT_27190711_135451_55.root copied
/gpfs/slac/staas/fs1/supercdms/data/CDMS/ANIMAL/R70/Raw/27190711_200227/PMT_27190711_200227_1.root copied
/gpfs/slac/staas/fs1/supercdms/data/CDMS/ANIMAL/R70/Raw/27190711_145524/PMT_27190711_145524_57.root copied
/gpfs/slac/staas/fs1/supercdms/data/CDMS/ANIMAL/R70/Raw/27190711_125332/PMT_27190711_125332_75.root copied
/gpfs/slac/staas/fs1/supercdms/data/CDMS/ANIMAL/R70/Raw/27190711_210305/PMT_27190711_210305_48.root copied
/gpfs/slac/staas/fs1/supercdms/data/CDMS/ANIMAL/R70/Raw/27190711_115309/PMT_27190711_115309_51.root copied
/gpfs/slac/staas/fs1/supercdms/data/CDMS/ANIMAL/R70/Raw/27190711_220357/PMT_27190711_220357_13.root copied
/gpfs/slac/staas/fs1/supercdms/data/CDMS/ANIMAL/R70/Raw/27190711_135451/PMT_27190711_135451_9.root copied
/gpfs/slac/staas/fs1/supercdms/data/CDMS/ANIMAL/R70/Raw/27190711_155539/PMT_27190711_155539_7.root copied
/gpfs/slac/staas/fs1/supercdms/data/CDMS/ANIMAL/R70/Raw/27190711_200227/PMT_27190711_200227_77.root copied
/gpfs/slac/staas/fs1/supercdms/data/CDMS/ANIMAL/R70/Raw/27190711_190010/PMT_27190711_190010_79.root copied
/gpfs/slac/staas/fs1/supercdms/data/CDMS/ANIMAL/R70/Raw/27190711_155539/PMT_27190711_155539_64.root copied
/gpfs/slac/staas/fs1/supercdms/data/CDMS/ANIMAL/R70/Raw/27190711_190010/PMT_27190711_190010_7.root copied
/gpfs/slac/staas/fs1/supercdms/data/CDMS/ANIMAL/R70/Raw/27190711_125332/PMT_27190711_125332_40.root copied
/gpfs/slac/staas/fs1/supercdms/data/CDMS/ANIMAL/R70/Raw/27190711_200227/PMT_27190711_200227_13.root copied
/gpfs/slac/staas/fs1/supercdms/data/CDMS/ANIMAL/R70/Raw/27190711_115309/PMT_27190711_115309_27.root copied
/gpfs/slac/staas/fs1/supercdms/data/CDMS/ANIMAL/R70/Raw/27190711_145524/PMT_27190711_145524_20.root copied
/gpfs/slac/staas/fs1/supercdms/data/CDMS/ANIMAL/R70/Raw/27190711_190010/PMT_27190711_190010_2.root copied
/gpfs/slac/staas/fs1/supercdms/data/CDMS/ANIMAL/R70/Raw/27190711_200227/PMT_27190711_200227_51.root copied
/gpfs/slac/staas/fs1/supercdms/data/CDMS/ANIMAL/R70/Raw/27190711_135451/PMT_27190711_135451_36.root copied
/gpfs/slac/staas/fs1/supercdms/data/CDMS/ANIMAL/R70/Raw/27190711_145524/PMT_27190711_145524_63.root copied
/gpfs/slac/staas/fs1/supercdms/data/CDMS/ANIMAL/R70/Raw/27190711_165710/PMT_27190711_165710_9.root copied
/gpfs/slac/staas/fs1/supercdms/data/CDMS/ANIMAL/R70/Raw/27190711_125332/PMT_27190711_125332_4.root copied
/gpfs/slac/staas/fs1/supercdms/data/CDMS/ANIMAL/R70/Raw/27190711_115309/PMT_27190711_115309_21.root copied
/gpfs/slac/staas/fs1/supercdms/data/CDMS/ANIMAL/R70/Raw/27190711_145524/PMT_27190711_145524_14.root copied
/gpfs/slac/staas/fs1/supercdms/data/CDMS/ANIMAL/R70/Raw/27190711_200227/PMT_27190711_200227_31.root copied
/gpfs/slac/staas/fs1/supercdms/data/CDMS/ANIMAL/R70/Raw/27190711_165710/PMT_27190711_165710_32.root copied
/gpfs/slac/staas/fs1/supercdms/data/CDMS/ANIMAL/R70/Raw/27190711_145524/PMT_27190711_145524_23.root copied
/gpfs/slac/staas/fs1/supercdms/data/CDMS/ANIMAL/R70/Raw/27190711_155539/PMT_27190711_155539_34.root copied
/gpfs/slac/staas/fs1/supercdms/data/CDMS/ANIMAL/R70/Raw/27190711_190010/PMT_27190711_190010_66.root copied
/gpfs/slac/staas/fs1/supercdms/data/CDMS/ANIMAL/R70/Raw/27190711_220357/PMT_27190711_220357_43.root copied
/gpfs/slac/staas/fs1/supercdms/data/CDMS/ANIMAL/R70/Raw/27190711_165710/PMT_27190711_165710_8.root copied
/gpfs/slac/staas/fs1/supercdms/data/CDMS/ANIMAL/R70/Raw/27190711_115309/PMT_27190711_115309_32.root copied
/gpfs/slac/staas/fs1/supercdms/data/CDMS/ANIMAL/R70/Raw/27190711_155539/PMT_27190711_155539_74.root copied
/gpfs/slac/staas/fs1/supercdms/data/CDMS/ANIMAL/R70/Raw/27190711_210305/PMT_27190711_210305_44.root copied
/gpfs/slac/staas/fs1/supercdms/data/CDMS/ANIMAL/R70/Raw/27190711_115309/PMT_27190711_115309_60.root copied
/gpfs/slac/staas/fs1/supercdms/data/CDMS/ANIMAL/R70/Raw/27190711_220357/PMT_27190711_220357_23.root copied
/gpfs/slac/staas/fs1/supercdms/data/CDMS/ANIMAL/R70/Raw/27190711_125332/PMT_27190711_125332_36.root copied
/gpfs/slac/staas/fs1/supercdms/data/CDMS/ANIMAL/R70/Raw/27190711_125332/PMT_27190711_125332_12.root copied
/gpfs/slac/staas/fs1/supercdms/data/CDMS/ANIMAL/R70/Raw/27190711_200227/PMT_27190711_200227_68.root copied
/gpfs/slac/staas/fs1/supercdms/data/CDMS/ANIMAL/R70/Raw/27190711_175732/PMT_27190711_175732_4.root copied
/gpfs/slac/staas/fs1/supercdms/data/CDMS/ANIMAL/R70/Raw/27190711_210305/PMT_27190711_210305_17.root copied
/gpfs/slac/staas/fs1/supercdms/data/CDMS/ANIMAL/R70/Raw/27190711_155539/PMT_27190711_155539_21.root copied
/gpfs/slac/staas/fs1/supercdms/data/CDMS/ANIMAL/R70/Raw/27190711_125332/PMT_27190711_125332_25.root copied
/gpfs/slac/staas/fs1/supercdms/data/CDMS/ANIMAL/R70/Raw/27190711_175732/PMT_27190711_175732_5.root copied
/gpfs/slac/staas/fs1/supercdms/data/CDMS/ANIMAL/R70/Raw/27190711_125332/PMT_27190711_125332_37.root copied
/gpfs/slac/staas/fs1/supercdms/data/CDMS/ANIMAL/R70/Raw/27190711_135451/PMT_27190711_135451_63.root copied
/gpfs/slac/staas/fs1/supercdms/data/CDMS/ANIMAL/R70/Raw/27190711_115309/PMT_27190711_115309_62.root copied
/gpfs/slac/staas/fs1/supercdms/data/CDMS/ANIMAL/R70/Raw/27190711_200227/PMT_27190711_200227_44.root copied
/gpfs/slac/staas/fs1/supercdms/data/CDMS/ANIMAL/R70/Raw/27190711_125332/PMT_27190711_125332_48.root copied
/gpfs/slac/staas/fs1/supercdms/data/CDMS/ANIMAL/R70/Raw/27190711_200227/PMT_27190711_200227_49.root copied
/gpfs/slac/staas/fs1/supercdms/data/CDMS/ANIMAL/R70/Raw/27190711_145524/PMT_27190711_145524_42.root copied
/gpfs/slac/staas/fs1/supercdms/data/CDMS/ANIMAL/R70/Raw/27190711_115309/PMT_27190711_115309_54.root copied
/gpfs/slac/staas/fs1/supercdms/data/CDMS/ANIMAL/R70/Raw/27190711_200227/PMT_27190711_200227_59.root copied
/gpfs/slac/staas/fs1/supercdms/data/CDMS/ANIMAL/R70/Raw/27190711_145524/PMT_27190711_145524_19.root copied
/gpfs/slac/staas/fs1/supercdms/data/CDMS/ANIMAL/R70/Raw/27190711_175732/PMT_27190711_175732_35.root copied
/gpfs/slac/staas/fs1/supercdms/data/CDMS/ANIMAL/R70/Raw/27190711_210305/PMT_27190711_210305_49.root copied
/gpfs/slac/staas/fs1/supercdms/data/CDMS/ANIMAL/R70/Raw/27190711_145524/PMT_27190711_145524_26.root copied
/gpfs/slac/staas/fs1/supercdms/data/CDMS/ANIMAL/R70/Raw/27190711_210305/PMT_27190711_210305_42.root copied
/gpfs/slac/staas/fs1/supercdms/data/CDMS/ANIMAL/R70/Raw/27190711_165710/PMT_27190711_165710_60.root copied
/gpfs/slac/staas/fs1/supercdms/data/CDMS/ANIMAL/R70/Raw/27190711_125332/PMT_27190711_125332_28.root copied
/gpfs/slac/staas/fs1/supercdms/data/CDMS/ANIMAL/R70/Raw/27190711_165710/PMT_27190711_165710_54.root copied
/gpfs/slac/staas/fs1/supercdms/data/CDMS/ANIMAL/R70/Raw/27190711_165710/PMT_27190711_165710_67.root copied
/gpfs/slac/staas/fs1/supercdms/data/CDMS/ANIMAL/R70/Raw/27190711_115309/PMT_27190711_115309_40.root copied
/gpfs/slac/staas/fs1/supercdms/data/CDMS/ANIMAL/R70/Raw/27190711_165710/PMT_27190711_165710_37.root copied
/gpfs/slac/staas/fs1/supercdms/data/CDMS/ANIMAL/R70/Raw/27190711_125332/PMT_27190711_125332_56.root copied
/gpfs/slac/staas/fs1/supercdms/data/CDMS/ANIMAL/R70/Raw/27190711_155539/PMT_27190711_155539_40.root copied
/gpfs/slac/staas/fs1/supercdms/data/CDMS/ANIMAL/R70/Raw/27190711_190010/PMT_27190711_190010_13.root copied
/gpfs/slac/staas/fs1/supercdms/data/CDMS/ANIMAL/R70/Raw/27190711_190010/PMT_27190711_190010_49.root copied
/gpfs/slac/staas/fs1/supercdms/data/CDMS/ANIMAL/R70/Raw/27190711_210305/PMT_27190711_210305_27.root copied
/gpfs/slac/staas/fs1/supercdms/data/CDMS/ANIMAL/R70/Raw/27190711_190010/PMT_27190711_190010_11.root copied
/gpfs/slac/staas/fs1/supercdms/data/CDMS/ANIMAL/R70/Raw/27190711_135451/PMT_27190711_135451_50.root copied
/gpfs/slac/staas/fs1/supercdms/data/CDMS/ANIMAL/R70/Raw/27190711_135451/PMT_27190711_135451_44.root copied
/gpfs/slac/staas/fs1/supercdms/data/CDMS/ANIMAL/R70/Raw/27190711_200227/PMT_27190711_200227_15.root copied
/gpfs/slac/staas/fs1/supercdms/data/CDMS/ANIMAL/R70/Raw/27190711_175732/PMT_27190711_175732_32.root copied
/gpfs/slac/staas/fs1/supercdms/data/CDMS/ANIMAL/R70/Raw/27190711_190010/PMT_27190711_190010_19.root copied
/gpfs/slac/staas/fs1/supercdms/data/CDMS/ANIMAL/R70/Raw/27190711_155539/PMT_27190711_155539_29.root copied
/gpfs/slac/staas/fs1/supercdms/data/CDMS/ANIMAL/R70/Raw/27190711_200227/PMT_27190711_200227_12.root copied
/gpfs/slac/staas/fs1/supercdms/data/CDMS/ANIMAL/R70/Raw/27190711_115309/PMT_27190711_115309_29.root copied
/gpfs/slac/staas/fs1/supercdms/data/CDMS/ANIMAL/R70/Raw/27190711_135451/PMT_27190711_135451_67.root copied
/gpfs/slac/staas/fs1/supercdms/data/CDMS/ANIMAL/R70/Raw/27190711_190010/PMT_27190711_190010_75.root copied
/gpfs/slac/staas/fs1/supercdms/data/CDMS/ANIMAL/R70/Raw/27190711_210305/PMT_27190711_210305_25.root copied
/gpfs/slac/staas/fs1/supercdms/data/CDMS/ANIMAL/R70/Raw/27190711_210305/PMT_27190711_210305_67.root copied
/gpfs/slac/staas/fs1/supercdms/data/CDMS/ANIMAL/R70/Raw/27190711_115309/PMT_27190711_115309_68.root copied
/gpfs/slac/staas/fs1/supercdms/data/CDMS/ANIMAL/R70/Raw/27190711_155539/PMT_27190711_155539_70.root copied
/gpfs/slac/staas/fs1/supercdms/data/CDMS/ANIMAL/R70/Raw/27190711_115309/PMT_27190711_115309_77.root copied
/gpfs/slac/staas/fs1/supercdms/data/CDMS/ANIMAL/R70/Raw/27190711_210305/PMT_27190711_210305_63.root copied
/gpfs/slac/staas/fs1/supercdms/data/CDMS/ANIMAL/R70/Raw/27190711_190010/PMT_27190711_190010_32.root copied
/gpfs/slac/staas/fs1/supercdms/data/CDMS/ANIMAL/R70/Raw/27190711_220357/PMT_27190711_220357_42.root copied
/gpfs/slac/staas/fs1/supercdms/data/CDMS/ANIMAL/R70/Raw/27190711_210305/PMT_27190711_210305_24.root copied
/gpfs/slac/staas/fs1/supercdms/data/CDMS/ANIMAL/R70/Raw/27190711_115309/PMT_27190711_115309_45.root copied
/gpfs/slac/staas/fs1/supercdms/data/CDMS/ANIMAL/R70/Raw/27190711_125332/PMT_27190711_125332_39.root copied
/gpfs/slac/staas/fs1/supercdms/data/CDMS/ANIMAL/R70/Raw/27190711_190010/PMT_27190711_190010_17.root copied
/gpfs/slac/staas/fs1/supercdms/data/CDMS/ANIMAL/R70/Raw/27190711_115309/PMT_27190711_115309_16.root copied
/gpfs/slac/staas/fs1/supercdms/data/CDMS/ANIMAL/R70/Raw/27190711_155539/PMT_27190711_155539_9.root copied
/gpfs/slac/staas/fs1/supercdms/data/CDMS/ANIMAL/R70/Raw/27190711_165710/PMT_27190711_165710_78.root copied
/gpfs/slac/staas/fs1/supercdms/data/CDMS/ANIMAL/R70/Raw/27190711_155539/PMT_27190711_155539_44.root copied
/gpfs/slac/staas/fs1/supercdms/data/CDMS/ANIMAL/R70/Raw/27190711_115309/PMT_27190711_115309_30.root copied
/gpfs/slac/staas/fs1/supercdms/data/CDMS/ANIMAL/R70/Raw/27190711_145524/PMT_27190711_145524_67.root copied
/gpfs/slac/staas/fs1/supercdms/data/CDMS/ANIMAL/R70/Raw/27190711_155539/PMT_27190711_155539_51.root copied
/gpfs/slac/staas/fs1/supercdms/data/CDMS/ANIMAL/R70/Raw/27190711_190010/PMT_27190711_190010_63.root copied
/gpfs/slac/staas/fs1/supercdms/data/CDMS/ANIMAL/R70/Raw/27190711_115309/PMT_27190711_115309_7.root copied
/gpfs/slac/staas/fs1/supercdms/data/CDMS/ANIMAL/R70/Raw/27190711_190010/PMT_27190711_190010_3.root copied
/gpfs/slac/staas/fs1/supercdms/data/CDMS/ANIMAL/R70/Raw/27190711_210305/PMT_27190711_210305_8.root copied
/gpfs/slac/staas/fs1/supercdms/data/CDMS/ANIMAL/R70/Raw/27190711_175732/PMT_27190711_175732_65.root copied
/gpfs/slac/staas/fs1/supercdms/data/CDMS/ANIMAL/R70/Raw/27190711_125332/PMT_27190711_125332_14.root copied
/gpfs/slac/staas/fs1/supercdms/data/CDMS/ANIMAL/R70/Raw/27190711_210305/PMT_27190711_210305_70.root copied
/gpfs/slac/staas/fs1/supercdms/data/CDMS/ANIMAL/R70/Raw/27190711_145524/PMT_27190711_145524_51.root copied
/gpfs/slac/staas/fs1/supercdms/data/CDMS/ANIMAL/R70/Raw/27190711_125332/PMT_27190711_125332_78.root copied
/gpfs/slac/staas/fs1/supercdms/data/CDMS/ANIMAL/R70/Raw/27190711_165710/PMT_27190711_165710_25.root copied
/gpfs/slac/staas/fs1/supercdms/data/CDMS/ANIMAL/R70/Raw/27190711_125332/PMT_27190711_125332_19.root copied
/gpfs/slac/staas/fs1/supercdms/data/CDMS/ANIMAL/R70/Raw/27190711_175732/PMT_27190711_175732_27.root copied
/gpfs/slac/staas/fs1/supercdms/data/CDMS/ANIMAL/R70/Raw/27190711_200227/PMT_27190711_200227_19.root copied
/gpfs/slac/staas/fs1/supercdms/data/CDMS/ANIMAL/R70/Raw/27190711_200227/PMT_27190711_200227_29.root copied
/gpfs/slac/staas/fs1/supercdms/data/CDMS/ANIMAL/R70/Raw/27190711_165710/PMT_27190711_165710_35.root copied
/gpfs/slac/staas/fs1/supercdms/data/CDMS/ANIMAL/R70/Raw/27190711_165710/PMT_27190711_165710_74.root copied
/gpfs/slac/staas/fs1/supercdms/data/CDMS/ANIMAL/R70/Raw/27190711_115309/PMT_27190711_115309_76.root copied
/gpfs/slac/staas/fs1/supercdms/data/CDMS/ANIMAL/R70/Raw/27190711_165710/PMT_27190711_165710_44.root copied
/gpfs/slac/staas/fs1/supercdms/data/CDMS/ANIMAL/R70/Raw/27190711_190010/PMT_27190711_190010_42.root copied
/gpfs/slac/staas/fs1/supercdms/data/CDMS/ANIMAL/R70/Raw/27190711_145524/PMT_27190711_145524_60.root copied
/gpfs/slac/staas/fs1/supercdms/data/CDMS/ANIMAL/R70/Raw/27190711_200227/PMT_27190711_200227_63.root copied
/gpfs/slac/staas/fs1/supercdms/data/CDMS/ANIMAL/R70/Raw/27190711_165710/PMT_27190711_165710_38.root copied
/gpfs/slac/staas/fs1/supercdms/data/CDMS/ANIMAL/R70/Raw/27190711_165710/PMT_27190711_165710_11.root copied
/gpfs/slac/staas/fs1/supercdms/data/CDMS/ANIMAL/R70/Raw/27190711_155539/PMT_27190711_155539_72.root copied
/gpfs/slac/staas/fs1/supercdms/data/CDMS/ANIMAL/R70/Raw/27190711_135451/PMT_27190711_135451_30.root copied
/gpfs/slac/staas/fs1/supercdms/data/CDMS/ANIMAL/R70/Raw/27190711_135451/PMT_27190711_135451_21.root copied
/gpfs/slac/staas/fs1/supercdms/data/CDMS/ANIMAL/R70/Raw/27190711_125332/PMT_27190711_125332_3.root copied
/gpfs/slac/staas/fs1/supercdms/data/CDMS/ANIMAL/R70/Raw/27190711_125332/PMT_27190711_125332_76.root copied
/gpfs/slac/staas/fs1/supercdms/data/CDMS/ANIMAL/R70/Raw/27190711_155539/PMT_27190711_155539_68.root copied
/gpfs/slac/staas/fs1/supercdms/data/CDMS/ANIMAL/R70/Raw/27190711_125332/PMT_27190711_125332_52.root copied
/gpfs/slac/staas/fs1/supercdms/data/CDMS/ANIMAL/R70/Raw/27190711_155539/PMT_27190711_155539_61.root copied
/gpfs/slac/staas/fs1/supercdms/data/CDMS/ANIMAL/R70/Raw/27190711_145524/PMT_27190711_145524_37.root copied
/gpfs/slac/staas/fs1/supercdms/data/CDMS/ANIMAL/R70/Raw/27190711_145524/PMT_27190711_145524_59.root copied
/gpfs/slac/staas/fs1/supercdms/data/CDMS/ANIMAL/R70/Raw/27190711_155539/PMT_27190711_155539_28.root copied
/gpfs/slac/staas/fs1/supercdms/data/CDMS/ANIMAL/R70/Raw/27190711_165710/PMT_27190711_165710_50.root copied
/gpfs/slac/staas/fs1/supercdms/data/CDMS/ANIMAL/R70/Raw/27190711_155539/PMT_27190711_155539_42.root copied
/gpfs/slac/staas/fs1/supercdms/data/CDMS/ANIMAL/R70/Raw/27190711_175732/PMT_27190711_175732_24.root copied
/gpfs/slac/staas/fs1/supercdms/data/CDMS/ANIMAL/R70/Raw/27190711_125332/PMT_27190711_125332_61.root copied
/gpfs/slac/staas/fs1/supercdms/data/CDMS/ANIMAL/R70/Raw/27190711_190010/PMT_27190711_190010_58.root copied
/gpfs/slac/staas/fs1/supercdms/data/CDMS/ANIMAL/R70/Raw/27190711_190010/PMT_27190711_190010_37.root copied
/gpfs/slac/staas/fs1/supercdms/data/CDMS/ANIMAL/R70/Raw/27190711_135451/PMT_27190711_135451_74.root copied
/gpfs/slac/staas/fs1/supercdms/data/CDMS/ANIMAL/R70/Raw/27190711_145524/PMT_27190711_145524_52.root copied
/gpfs/slac/staas/fs1/supercdms/data/CDMS/ANIMAL/R70/Raw/27190711_200227/PMT_27190711_200227_22.root copied
/gpfs/slac/staas/fs1/supercdms/data/CDMS/ANIMAL/R70/Raw/27190711_210305/PMT_27190711_210305_66.root copied
/gpfs/slac/staas/fs1/supercdms/data/CDMS/ANIMAL/R70/Raw/27190711_220357/PMT_27190711_220357_25.root copied
/gpfs/slac/staas/fs1/supercdms/data/CDMS/ANIMAL/R70/Raw/27190711_125332/PMT_27190711_125332_26.root copied
/gpfs/slac/staas/fs1/supercdms/data/CDMS/ANIMAL/R70/Raw/27190711_175732/PMT_27190711_175732_41.root copied
/gpfs/slac/staas/fs1/supercdms/data/CDMS/ANIMAL/R70/Raw/27190711_155539/PMT_27190711_155539_56.root copied
/gpfs/slac/staas/fs1/supercdms/data/CDMS/ANIMAL/R70/Raw/27190711_190010/PMT_27190711_190010_40.root copied
/gpfs/slac/staas/fs1/supercdms/data/CDMS/ANIMAL/R70/Raw/27190711_175732/PMT_27190711_175732_36.root copied
/gpfs/slac/staas/fs1/supercdms/data/CDMS/ANIMAL/R70/Raw/27190711_155539/PMT_27190711_155539_24.root copied
/gpfs/slac/staas/fs1/supercdms/data/CDMS/ANIMAL/R70/Raw/27190711_190010/PMT_27190711_190010_48.root copied
/gpfs/slac/staas/fs1/supercdms/data/CDMS/ANIMAL/R70/Raw/27190711_125332/PMT_27190711_125332_64.root copied
/gpfs/slac/staas/fs1/supercdms/data/CDMS/ANIMAL/R70/Raw/27190711_210305/PMT_27190711_210305_33.root copied
/gpfs/slac/staas/fs1/supercdms/data/CDMS/ANIMAL/R70/Raw/27190711_145524/PMT_27190711_145524_41.root copied
/gpfs/slac/staas/fs1/supercdms/data/CDMS/ANIMAL/R70/Raw/27190711_125332/PMT_27190711_125332_49.root copied
/gpfs/slac/staas/fs1/supercdms/data/CDMS/ANIMAL/R70/Raw/27190711_210305/PMT_27190711_210305_19.root copied
/gpfs/slac/staas/fs1/supercdms/data/CDMS/ANIMAL/R70/Raw/27190711_165710/PMT_27190711_165710_18.root copied
/gpfs/slac/staas/fs1/supercdms/data/CDMS/ANIMAL/R70/Raw/27190711_145524/PMT_27190711_145524_25.root copied
/gpfs/slac/staas/fs1/supercdms/data/CDMS/ANIMAL/R70/Raw/27190711_155539/PMT_27190711_155539_12.root copied
/gpfs/slac/staas/fs1/supercdms/data/CDMS/ANIMAL/R70/Raw/27190711_165710/PMT_27190711_165710_71.root copied
/gpfs/slac/staas/fs1/supercdms/data/CDMS/ANIMAL/R70/Raw/27190711_145524/PMT_27190711_145524_11.root copied
/gpfs/slac/staas/fs1/supercdms/data/CDMS/ANIMAL/R70/Raw/27190711_200227/PMT_27190711_200227_75.root copied
/gpfs/slac/staas/fs1/supercdms/data/CDMS/ANIMAL/R70/Raw/27190711_165710/PMT_27190711_165710_10.root copied
/gpfs/slac/staas/fs1/supercdms/data/CDMS/ANIMAL/R70/Raw/27190711_175732/PMT_27190711_175732_52.root copied
/gpfs/slac/staas/fs1/supercdms/data/CDMS/ANIMAL/R70/Raw/27190711_135451/PMT_27190711_135451_12.root copied
/gpfs/slac/staas/fs1/supercdms/data/CDMS/ANIMAL/R70/Raw/27190711_165710/PMT_27190711_165710_4.root copied
/gpfs/slac/staas/fs1/supercdms/data/CDMS/ANIMAL/R70/Raw/27190711_145524/PMT_27190711_145524_32.root copied
/gpfs/slac/staas/fs1/supercdms/data/CDMS/ANIMAL/R70/Raw/27190711_115309/PMT_27190711_115309_37.root copied
/gpfs/slac/staas/fs1/supercdms/data/CDMS/ANIMAL/R70/Raw/27190711_155539/PMT_27190711_155539_79.root copied
/gpfs/slac/staas/fs1/supercdms/data/CDMS/ANIMAL/R70/Raw/27190711_190010/PMT_27190711_190010_43.root copied
/gpfs/slac/staas/fs1/supercdms/data/CDMS/ANIMAL/R70/Raw/27190711_165710/PMT_27190711_165710_62.root copied
/gpfs/slac/staas/fs1/supercdms/data/CDMS/ANIMAL/R70/Raw/27190711_115309/PMT_27190711_115309_17.root copied
/gpfs/slac/staas/fs1/supercdms/data/CDMS/ANIMAL/R70/Raw/27190711_165710/PMT_27190711_165710_20.root copied
/gpfs/slac/staas/fs1/supercdms/data/CDMS/ANIMAL/R70/Raw/27190711_175732/PMT_27190711_175732_45.root copied
/gpfs/slac/staas/fs1/supercdms/data/CDMS/ANIMAL/R70/Raw/27190711_220357/PMT_27190711_220357_2.root copied
/gpfs/slac/staas/fs1/supercdms/data/CDMS/ANIMAL/R70/Raw/27190711_165710/PMT_27190711_165710_16.root copied
/gpfs/slac/staas/fs1/supercdms/data/CDMS/ANIMAL/R70/Raw/27190711_210305/PMT_27190711_210305_4.root copied
/gpfs/slac/staas/fs1/supercdms/data/CDMS/ANIMAL/R70/Raw/27190711_190010/PMT_27190711_190010_57.root copied
/gpfs/slac/staas/fs1/supercdms/data/CDMS/ANIMAL/R70/Raw/27190711_190010/PMT_27190711_190010_74.root copied
/gpfs/slac/staas/fs1/supercdms/data/CDMS/ANIMAL/R70/Raw/27190711_145524/PMT_27190711_145524_39.root copied
/gpfs/slac/staas/fs1/supercdms/data/CDMS/ANIMAL/R70/Raw/27190711_165710/PMT_27190711_165710_17.root copied
/gpfs/slac/staas/fs1/supercdms/data/CDMS/ANIMAL/R70/Raw/27190711_210305/PMT_27190711_210305_9.root copied
/gpfs/slac/staas/fs1/supercdms/data/CDMS/ANIMAL/R70/Raw/27190711_115309/PMT_27190711_115309_48.root copied
/gpfs/slac/staas/fs1/supercdms/data/CDMS/ANIMAL/R70/Raw/27190711_155539/PMT_27190711_155539_71.root copied
/gpfs/slac/staas/fs1/supercdms/data/CDMS/ANIMAL/R70/Raw/27190711_135451/PMT_27190711_135451_49.root copied
/gpfs/slac/staas/fs1/supercdms/data/CDMS/ANIMAL/R70/Raw/27190711_135451/PMT_27190711_135451_54.root copied
/gpfs/slac/staas/fs1/supercdms/data/CDMS/ANIMAL/R70/Raw/27190711_220357/PMT_27190711_220357_27.root copied
/gpfs/slac/staas/fs1/supercdms/data/CDMS/ANIMAL/R70/Raw/27190711_175732/PMT_27190711_175732_77.root copied
/gpfs/slac/staas/fs1/supercdms/data/CDMS/ANIMAL/R70/Raw/27190711_145524/PMT_27190711_145524_6.root copied
/gpfs/slac/staas/fs1/supercdms/data/CDMS/ANIMAL/R70/Raw/27190711_200227/PMT_27190711_200227_25.root copied
/gpfs/slac/staas/fs1/supercdms/data/CDMS/ANIMAL/R70/Raw/27190711_125332/PMT_27190711_125332_67.root copied
/gpfs/slac/staas/fs1/supercdms/data/CDMS/ANIMAL/R70/Raw/27190711_115309/PMT_27190711_115309_13.root copied
/gpfs/slac/staas/fs1/supercdms/data/CDMS/ANIMAL/R70/Raw/27190711_135451/PMT_27190711_135451_42.root copied
/gpfs/slac/staas/fs1/supercdms/data/CDMS/ANIMAL/R70/Raw/27190711_125332/PMT_27190711_125332_24.root copied
/gpfs/slac/staas/fs1/supercdms/data/CDMS/ANIMAL/R70/Raw/27190711_210305/PMT_27190711_210305_2.root copied
/gpfs/slac/staas/fs1/supercdms/data/CDMS/ANIMAL/R70/Raw/27190711_145524/PMT_27190711_145524_79.root copied
/gpfs/slac/staas/fs1/supercdms/data/CDMS/ANIMAL/R70/Raw/27190711_145524/PMT_27190711_145524_76.root copied
/gpfs/slac/staas/fs1/supercdms/data/CDMS/ANIMAL/R70/Raw/27190711_125332/PMT_27190711_125332_15.root copied
/gpfs/slac/staas/fs1/supercdms/data/CDMS/ANIMAL/R70/Raw/27190711_145524/PMT_27190711_145524_8.root copied
/gpfs/slac/staas/fs1/supercdms/data/CDMS/ANIMAL/R70/Raw/27190711_200227/PMT_27190711_200227_67.root copied
/gpfs/slac/staas/fs1/supercdms/data/CDMS/ANIMAL/R70/Raw/27190711_115309/PMT_27190711_115309_3.root copied
/gpfs/slac/staas/fs1/supercdms/data/CDMS/ANIMAL/R70/Raw/27190711_125332/PMT_27190711_125332_27.root copied
/gpfs/slac/staas/fs1/supercdms/data/CDMS/ANIMAL/R70/Raw/27190711_165710/PMT_27190711_165710_49.root copied
/gpfs/slac/staas/fs1/supercdms/data/CDMS/ANIMAL/R70/Raw/27190711_175732/PMT_27190711_175732_63.root copied
/gpfs/slac/staas/fs1/supercdms/data/CDMS/ANIMAL/R70/Raw/27190711_165710/PMT_27190711_165710_39.root copied
/gpfs/slac/staas/fs1/supercdms/data/CDMS/ANIMAL/R70/Raw/27190711_175732/PMT_27190711_175732_28.root copied
/gpfs/slac/staas/fs1/supercdms/data/CDMS/ANIMAL/R70/Raw/27190711_125332/PMT_27190711_125332-conf.root copied
/gpfs/slac/staas/fs1/supercdms/data/CDMS/ANIMAL/R70/Raw/27190711_125332/PMT_27190711_125332_74.root copied
/gpfs/slac/staas/fs1/supercdms/data/CDMS/ANIMAL/R70/Raw/27190711_175732/PMT_27190711_175732-conf.root copied
/gpfs/slac/staas/fs1/supercdms/data/CDMS/ANIMAL/R70/Raw/27190711_115309/PMT_27190711_115309_12.root copied
/gpfs/slac/staas/fs1/supercdms/data/CDMS/ANIMAL/R70/Raw/27190711_200227/PMT_27190711_200227_37.root copied
/gpfs/slac/staas/fs1/supercdms/data/CDMS/ANIMAL/R70/Raw/27190711_135451/PMT_27190711_135451_43.root copied
/gpfs/slac/staas/fs1/supercdms/data/CDMS/ANIMAL/R70/Raw/27190711_210305/PMT_27190711_210305_30.root copied
/gpfs/slac/staas/fs1/supercdms/data/CDMS/ANIMAL/R70/Raw/27190711_190010/PMT_27190711_190010_45.root copied
/gpfs/slac/staas/fs1/supercdms/data/CDMS/ANIMAL/R70/Raw/27190711_210305/PMT_27190711_210305_75.root copied
/gpfs/slac/staas/fs1/supercdms/data/CDMS/ANIMAL/R70/Raw/27190711_145524/PMT_27190711_145524_7.root copied
/gpfs/slac/staas/fs1/supercdms/data/CDMS/ANIMAL/R70/Raw/27190711_220357/PMT_27190711_220357_5.root copied
/gpfs/slac/staas/fs1/supercdms/data/CDMS/ANIMAL/R70/Raw/27190711_175732/PMT_27190711_175732_37.root copied
/gpfs/slac/staas/fs1/supercdms/data/CDMS/ANIMAL/R70/Raw/27190711_190010/PMT_27190711_190010_41.root copied
/gpfs/slac/staas/fs1/supercdms/data/CDMS/ANIMAL/R70/Raw/27190711_155539/PMT_27190711_155539_15.root copied
/gpfs/slac/staas/fs1/supercdms/data/CDMS/ANIMAL/R70/Raw/27190711_115309/PMT_27190711_115309_43.root copied
/gpfs/slac/staas/fs1/supercdms/data/CDMS/ANIMAL/R70/Raw/27190711_165710/PMT_27190711_165710_7.root copied
/gpfs/slac/staas/fs1/supercdms/data/CDMS/ANIMAL/R70/Raw/27190711_175732/PMT_27190711_175732_67.root copied
/gpfs/slac/staas/fs1/supercdms/data/CDMS/ANIMAL/R70/Raw/27190711_135451/PMT_27190711_135451_75.root copied
/gpfs/slac/staas/fs1/supercdms/data/CDMS/ANIMAL/R70/Raw/27190711_165710/PMT_27190711_165710_46.root copied
/gpfs/slac/staas/fs1/supercdms/data/CDMS/ANIMAL/R70/Raw/27190711_125332/PMT_27190711_125332_42.root copied
/gpfs/slac/staas/fs1/supercdms/data/CDMS/ANIMAL/R70/Raw/27190711_135451/PMT_27190711_135451_79.root copied
/gpfs/slac/staas/fs1/supercdms/data/CDMS/ANIMAL/R70/Raw/27190711_165710/PMT_27190711_165710_27.root copied
/gpfs/slac/staas/fs1/supercdms/data/CDMS/ANIMAL/R70/Raw/27190711_190010/PMT_27190711_190010_33.root copied
/gpfs/slac/staas/fs1/supercdms/data/CDMS/ANIMAL/R70/Raw/27190711_210305/PMT_27190711_210305_79.root copied
/gpfs/slac/staas/fs1/supercdms/data/CDMS/ANIMAL/R70/Raw/27190711_135451/PMT_27190711_135451_41.root copied
/gpfs/slac/staas/fs1/supercdms/data/CDMS/ANIMAL/R70/Raw/27190711_210305/PMT_27190711_210305_69.root copied
/gpfs/slac/staas/fs1/supercdms/data/CDMS/ANIMAL/R70/Raw/27190711_165710/PMT_27190711_165710_1.root copied
/gpfs/slac/staas/fs1/supercdms/data/CDMS/ANIMAL/R70/Raw/27190711_220357/PMT_27190711_220357_10.root copied
/gpfs/slac/staas/fs1/supercdms/data/CDMS/ANIMAL/R70/Raw/27190711_125332/PMT_27190711_125332_20.root copied
/gpfs/slac/staas/fs1/supercdms/data/CDMS/ANIMAL/R70/Raw/27190711_210305/PMT_27190711_210305_73.root copied
/gpfs/slac/staas/fs1/supercdms/data/CDMS/ANIMAL/R70/Raw/27190711_210305/PMT_27190711_210305_6.root copied
/gpfs/slac/staas/fs1/supercdms/data/CDMS/ANIMAL/R70/Raw/27190711_145524/PMT_27190711_145524_16.root copied
/gpfs/slac/staas/fs1/supercdms/data/CDMS/ANIMAL/R70/Raw/27190711_155539/PMT_27190711_155539_27.root copied
/gpfs/slac/staas/fs1/supercdms/data/CDMS/ANIMAL/R70/Raw/27190711_175732/PMT_27190711_175732_9.root copied
/gpfs/slac/staas/fs1/supercdms/data/CDMS/ANIMAL/R70/Raw/27190711_210305/PMT_27190711_210305_37.root copied
/gpfs/slac/staas/fs1/supercdms/data/CDMS/ANIMAL/R70/Raw/27190711_165710/PMT_27190711_165710_79.root copied
/gpfs/slac/staas/fs1/supercdms/data/CDMS/ANIMAL/R70/Raw/27190711_165710/PMT_27190711_165710_31.root copied
/gpfs/slac/staas/fs1/supercdms/data/CDMS/ANIMAL/R70/Raw/27190711_115309/PMT_27190711_115309_49.root copied
/gpfs/slac/staas/fs1/supercdms/data/CDMS/ANIMAL/R70/Raw/27190711_175732/PMT_27190711_175732_69.root copied
/gpfs/slac/staas/fs1/supercdms/data/CDMS/ANIMAL/R70/Raw/27190711_115309/PMT_27190711_115309_67.root copied
/gpfs/slac/staas/fs1/supercdms/data/CDMS/ANIMAL/R70/Raw/27190711_145524/PMT_27190711_145524_45.root copied
/gpfs/slac/staas/fs1/supercdms/data/CDMS/ANIMAL/R70/Raw/27190711_125332/PMT_27190711_125332_10.root copied
/gpfs/slac/staas/fs1/supercdms/data/CDMS/ANIMAL/R70/Raw/27190711_115309/PMT_27190711_115309_52.root copied
/gpfs/slac/staas/fs1/supercdms/data/CDMS/ANIMAL/R70/Raw/27190711_190010/PMT_27190711_190010_22.root copied
/gpfs/slac/staas/fs1/supercdms/data/CDMS/ANIMAL/R70/Raw/27190711_210305/PMT_27190711_210305_16.root copied
/gpfs/slac/staas/fs1/supercdms/data/CDMS/ANIMAL/R70/Raw/27190711_175732/PMT_27190711_175732_26.root copied
/gpfs/slac/staas/fs1/supercdms/data/CDMS/ANIMAL/R70/Raw/27190711_220357/PMT_27190711_220357_14.root copied
/gpfs/slac/staas/fs1/supercdms/data/CDMS/ANIMAL/R70/Raw/27190711_175732/PMT_27190711_175732_49.root copied
/gpfs/slac/staas/fs1/supercdms/data/CDMS/ANIMAL/R70/Raw/27190711_165710/PMT_27190711_165710_30.root copied
/gpfs/slac/staas/fs1/supercdms/data/CDMS/ANIMAL/R70/Raw/27190711_155539/PMT_27190711_155539_45.root copied
/gpfs/slac/staas/fs1/supercdms/data/CDMS/ANIMAL/R70/Raw/27190711_165710/PMT_27190711_165710_75.root copied
/gpfs/slac/staas/fs1/supercdms/data/CDMS/ANIMAL/R70/Raw/27190711_220357/PMT_27190711_220357-conf.root copied
/gpfs/slac/staas/fs1/supercdms/data/CDMS/ANIMAL/R70/Raw/27190711_155539/PMT_27190711_155539_50.root copied
/gpfs/slac/staas/fs1/supercdms/data/CDMS/ANIMAL/R70/Raw/27190711_200227/PMT_27190711_200227_61.root copied
/gpfs/slac/staas/fs1/supercdms/data/CDMS/ANIMAL/R70/Raw/27190711_155539/PMT_27190711_155539_16.root copied
/gpfs/slac/staas/fs1/supercdms/data/CDMS/ANIMAL/R70/Raw/27190711_125332/PMT_27190711_125332_62.root copied
/gpfs/slac/staas/fs1/supercdms/data/CDMS/ANIMAL/R70/Raw/27190711_135451/PMT_27190711_135451_32.root copied
/gpfs/slac/staas/fs1/supercdms/data/CDMS/ANIMAL/R70/Raw/27190711_200227/PMT_27190711_200227_36.root copied
/gpfs/slac/staas/fs1/supercdms/data/CDMS/ANIMAL/R70/Raw/27190711_220357/PMT_27190711_220357_32.root copied
/gpfs/slac/staas/fs1/supercdms/data/CDMS/ANIMAL/R70/Raw/27190711_145524/PMT_27190711_145524_55.root copied
/gpfs/slac/staas/fs1/supercdms/data/CDMS/ANIMAL/R70/Raw/27190711_175732/PMT_27190711_175732_64.root copied
/gpfs/slac/staas/fs1/supercdms/data/CDMS/ANIMAL/R70/Raw/27190711_190010/PMT_27190711_190010_64.root copied
/gpfs/slac/staas/fs1/supercdms/data/CDMS/ANIMAL/R70/Raw/27190711_155539/PMT_27190711_155539-conf.root copied
/gpfs/slac/staas/fs1/supercdms/data/CDMS/ANIMAL/R70/Raw/27190711_155539/PMT_27190711_155539_14.root copied
/gpfs/slac/staas/fs1/supercdms/data/CDMS/ANIMAL/R70/Raw/27190711_190010/PMT_27190711_190010_31.root copied
/gpfs/slac/staas/fs1/supercdms/data/CDMS/ANIMAL/R70/Raw/27190711_145524/PMT_27190711_145524_78.root copied
/gpfs/slac/staas/fs1/supercdms/data/CDMS/ANIMAL/R70/Raw/27190711_220357/PMT_27190711_220357_8.root copied
/gpfs/slac/staas/fs1/supercdms/data/CDMS/ANIMAL/R70/Raw/27190711_190010/PMT_27190711_190010_76.root copied
/gpfs/slac/staas/fs1/supercdms/data/CDMS/ANIMAL/R70/Raw/27190711_175732/PMT_27190711_175732_59.root copied
/gpfs/slac/staas/fs1/supercdms/data/CDMS/ANIMAL/R70/Raw/27190711_155539/PMT_27190711_155539_11.root copied
/gpfs/slac/staas/fs1/supercdms/data/CDMS/ANIMAL/R70/Raw/27190711_155539/PMT_27190711_155539_57.root copied
/gpfs/slac/staas/fs1/supercdms/data/CDMS/ANIMAL/R70/Raw/27190711_115309/PMT_27190711_115309_26.root copied
/gpfs/slac/staas/fs1/supercdms/data/CDMS/ANIMAL/R70/Raw/27190711_115309/PMT_27190711_115309_11.root copied
/gpfs/slac/staas/fs1/supercdms/data/CDMS/ANIMAL/R70/Raw/27190711_115309/PMT_27190711_115309_10.root copied
/gpfs/slac/staas/fs1/supercdms/data/CDMS/ANIMAL/R70/Raw/27190711_145524/PMT_27190711_145524_62.root copied
/gpfs/slac/staas/fs1/supercdms/data/CDMS/ANIMAL/R70/Raw/27190711_175732/PMT_27190711_175732_12.root copied
/gpfs/slac/staas/fs1/supercdms/data/CDMS/ANIMAL/R70/Raw/27190711_175732/PMT_27190711_175732_47.root copied
/gpfs/slac/staas/fs1/supercdms/data/CDMS/ANIMAL/R70/Raw/27190711_115309/PMT_27190711_115309_71.root copied
/gpfs/slac/staas/fs1/supercdms/data/CDMS/ANIMAL/R70/Raw/27190711_210305/PMT_27190711_210305_61.root copied
/gpfs/slac/staas/fs1/supercdms/data/CDMS/ANIMAL/R70/Raw/27190711_165710/PMT_27190711_165710_19.root copied
/gpfs/slac/staas/fs1/supercdms/data/CDMS/ANIMAL/R70/Raw/27190711_210305/PMT_27190711_210305_31.root copied
/gpfs/slac/staas/fs1/supercdms/data/CDMS/ANIMAL/R70/Raw/27190711_165710/PMT_27190711_165710_64.root copied
/gpfs/slac/staas/fs1/supercdms/data/CDMS/ANIMAL/R70/Raw/27190711_155539/PMT_27190711_155539_6.root copied
/gpfs/slac/staas/fs1/supercdms/data/CDMS/ANIMAL/R70/Raw/27190711_210305/PMT_27190711_210305_15.root copied
/gpfs/slac/staas/fs1/supercdms/data/CDMS/ANIMAL/R70/Raw/27190711_115309/PMT_27190711_115309_59.root copied
/gpfs/slac/staas/fs1/supercdms/data/CDMS/ANIMAL/R70/Raw/27190711_165710/PMT_27190711_165710_66.root copied
/gpfs/slac/staas/fs1/supercdms/data/CDMS/ANIMAL/R70/Raw/27190711_155539/PMT_27190711_155539_39.root copied
/gpfs/slac/staas/fs1/supercdms/data/CDMS/ANIMAL/R70/Raw/27190711_210305/PMT_27190711_210305_3.root copied
/gpfs/slac/staas/fs1/supercdms/data/CDMS/ANIMAL/R70/Raw/27190711_175732/PMT_27190711_175732_50.root copied
/gpfs/slac/staas/fs1/supercdms/data/CDMS/ANIMAL/R70/Raw/27190711_125332/PMT_27190711_125332_68.root copied
/gpfs/slac/staas/fs1/supercdms/data/CDMS/ANIMAL/R70/Raw/27190711_125332/PMT_27190711_125332_50.root copied
/gpfs/slac/staas/fs1/supercdms/data/CDMS/ANIMAL/R70/Raw/27190711_175732/PMT_27190711_175732_2.root copied
/gpfs/slac/staas/fs1/supercdms/data/CDMS/ANIMAL/R70/Raw/27190711_115309/PMT_27190711_115309_53.root copied
/gpfs/slac/staas/fs1/supercdms/data/CDMS/ANIMAL/R70/Raw/27190711_190010/PMT_27190711_190010_36.root copied
/gpfs/slac/staas/fs1/supercdms/data/CDMS/ANIMAL/R70/Raw/27190711_190010/PMT_27190711_190010_15.root copied
/gpfs/slac/staas/fs1/supercdms/data/CDMS/ANIMAL/R70/Raw/27190711_200227/PMT_27190711_200227_69.root copied
/gpfs/slac/staas/fs1/supercdms/data/CDMS/ANIMAL/R70/Raw/27190711_210305/PMT_27190711_210305_22.root copied
/gpfs/slac/staas/fs1/supercdms/data/CDMS/ANIMAL/R70/Raw/27190711_175732/PMT_27190711_175732_21.root copied
/gpfs/slac/staas/fs1/supercdms/data/CDMS/ANIMAL/R70/Raw/27190711_115309/PMT_27190711_115309_2.root copied
/gpfs/slac/staas/fs1/supercdms/data/CDMS/ANIMAL/R70/Raw/27190711_145524/PMT_27190711_145524_46.root copied
/gpfs/slac/staas/fs1/supercdms/data/CDMS/ANIMAL/R70/Raw/27190711_200227/PMT_27190711_200227_56.root copied
/gpfs/slac/staas/fs1/supercdms/data/CDMS/ANIMAL/R70/Raw/27190711_145524/PMT_27190711_145524_33.root copied
/gpfs/slac/staas/fs1/supercdms/data/CDMS/ANIMAL/R70/Raw/27190711_175732/PMT_27190711_175732_30.root copied
/gpfs/slac/staas/fs1/supercdms/data/CDMS/ANIMAL/R70/Raw/27190711_200227/PMT_27190711_200227_41.root copied
/gpfs/slac/staas/fs1/supercdms/data/CDMS/ANIMAL/R70/Raw/27190711_145524/PMT_27190711_145524_43.root copied
/gpfs/slac/staas/fs1/supercdms/data/CDMS/ANIMAL/R70/Raw/27190711_220357/PMT_27190711_220357_47.root copied
/gpfs/slac/staas/fs1/supercdms/data/CDMS/ANIMAL/R70/Raw/27190711_165710/PMT_27190711_165710_65.root copied
/gpfs/slac/staas/fs1/supercdms/data/CDMS/ANIMAL/R70/Raw/27190711_155539/PMT_27190711_155539_20.root copied
/gpfs/slac/staas/fs1/supercdms/data/CDMS/ANIMAL/R70/Raw/27190711_200227/PMT_27190711_200227_23.root copied
/gpfs/slac/staas/fs1/supercdms/data/CDMS/ANIMAL/R70/Raw/27190711_135451/PMT_27190711_135451_23.root copied
/gpfs/slac/staas/fs1/supercdms/data/CDMS/ANIMAL/R70/Raw/27190711_145524/PMT_27190711_145524_2.root copied
/gpfs/slac/staas/fs1/supercdms/data/CDMS/ANIMAL/R70/Raw/27190711_165710/PMT_27190711_165710_2.root copied
/gpfs/slac/staas/fs1/supercdms/data/CDMS/ANIMAL/R70/Raw/27190711_200227/PMT_27190711_200227_5.root copied
/gpfs/slac/staas/fs1/supercdms/data/CDMS/ANIMAL/R70/Raw/27190711_125332/PMT_27190711_125332_9.root copied
/gpfs/slac/staas/fs1/supercdms/data/CDMS/ANIMAL/R70/Raw/27190711_135451/PMT_27190711_135451_40.root copied
/gpfs/slac/staas/fs1/supercdms/data/CDMS/ANIMAL/R70/Raw/27190711_210305/PMT_27190711_210305_41.root copied
/gpfs/slac/staas/fs1/supercdms/data/CDMS/ANIMAL/R70/Raw/27190711_220357/PMT_27190711_220357_26.root copied
/gpfs/slac/staas/fs1/supercdms/data/CDMS/ANIMAL/R70/Raw/27190711_210305/PMT_27190711_210305_14.root copied
/gpfs/slac/staas/fs1/supercdms/data/CDMS/ANIMAL/R70/Raw/27190711_145524/PMT_27190711_145524_38.root copied
/gpfs/slac/staas/fs1/supercdms/data/CDMS/ANIMAL/R70/Raw/27190711_200227/PMT_27190711_200227_24.root copied
/gpfs/slac/staas/fs1/supercdms/data/CDMS/ANIMAL/R70/Raw/27190711_220357/PMT_27190711_220357_9.root copied
/gpfs/slac/staas/fs1/supercdms/data/CDMS/ANIMAL/R70/Raw/27190711_175732/PMT_27190711_175732_33.root copied
/gpfs/slac/staas/fs1/supercdms/data/CDMS/ANIMAL/R70/Raw/27190711_175732/PMT_27190711_175732_68.root copied
/gpfs/slac/staas/fs1/supercdms/data/CDMS/ANIMAL/R70/Raw/27190711_175732/PMT_27190711_175732_48.root copied
/gpfs/slac/staas/fs1/supercdms/data/CDMS/ANIMAL/R70/Raw/27190711_135451/PMT_27190711_135451_18.root copied
/gpfs/slac/staas/fs1/supercdms/data/CDMS/ANIMAL/R70/Raw/27190711_155539/PMT_27190711_155539_18.root copied
/gpfs/slac/staas/fs1/supercdms/data/CDMS/ANIMAL/R70/Raw/27190711_135451/PMT_27190711_135451_60.root copied
/gpfs/slac/staas/fs1/supercdms/data/CDMS/ANIMAL/R70/Raw/27190711_220357/PMT_27190711_220357_11.root copied
/gpfs/slac/staas/fs1/supercdms/data/CDMS/ANIMAL/R70/Raw/27190711_145524/PMT_27190711_145524_65.root copied
/gpfs/slac/staas/fs1/supercdms/data/CDMS/ANIMAL/R70/Raw/27190711_115309/PMT_27190711_115309_18.root copied
/gpfs/slac/staas/fs1/supercdms/data/CDMS/ANIMAL/R70/Raw/27190711_125332/PMT_27190711_125332_70.root copied
/gpfs/slac/staas/fs1/supercdms/data/CDMS/ANIMAL/R70/Raw/27190711_135451/PMT_27190711_135451_6.root copied
/gpfs/slac/staas/fs1/supercdms/data/CDMS/ANIMAL/R70/Raw/27190711_175732/PMT_27190711_175732_75.root copied
/gpfs/slac/staas/fs1/supercdms/data/CDMS/ANIMAL/R70/Raw/27190711_190010/PMT_27190711_190010_1.root copied
/gpfs/slac/staas/fs1/supercdms/data/CDMS/ANIMAL/R70/Raw/27190711_200227/PMT_27190711_200227_42.root copied
/gpfs/slac/staas/fs1/supercdms/data/CDMS/ANIMAL/R70/Raw/27190711_165710/PMT_27190711_165710_43.root copied
/gpfs/slac/staas/fs1/supercdms/data/CDMS/ANIMAL/R70/Raw/27190711_145524/PMT_27190711_145524_75.root copied
/gpfs/slac/staas/fs1/supercdms/data/CDMS/ANIMAL/R70/Raw/27190711_220357/PMT_27190711_220357_34.root copied
/gpfs/slac/staas/fs1/supercdms/data/CDMS/ANIMAL/R70/Raw/27190711_135451/PMT_27190711_135451_45.root copied
/gpfs/slac/staas/fs1/supercdms/data/CDMS/ANIMAL/R70/Raw/27190711_125332/PMT_27190711_125332_1.root copied
/gpfs/slac/staas/fs1/supercdms/data/CDMS/ANIMAL/R70/Raw/27190711_190010/PMT_27190711_190010_62.root copied
/gpfs/slac/staas/fs1/supercdms/data/CDMS/ANIMAL/R70/Raw/27190711_175732/PMT_27190711_175732_39.root copied
/gpfs/slac/staas/fs1/supercdms/data/CDMS/ANIMAL/R70/Raw/27190711_155539/PMT_27190711_155539_23.root copied
/gpfs/slac/staas/fs1/supercdms/data/CDMS/ANIMAL/R70/Raw/27190711_165710/PMT_27190711_165710_73.root copied
/gpfs/slac/staas/fs1/supercdms/data/CDMS/ANIMAL/R70/Raw/27190711_165710/PMT_27190711_165710_52.root copied
/gpfs/slac/staas/fs1/supercdms/data/CDMS/ANIMAL/R70/Raw/27190711_135451/PMT_27190711_135451_25.root copied
/gpfs/slac/staas/fs1/supercdms/data/CDMS/ANIMAL/R70/Raw/27190711_135451/PMT_27190711_135451_7.root copied
/gpfs/slac/staas/fs1/supercdms/data/CDMS/ANIMAL/R70/Raw/27190711_125332/PMT_27190711_125332_77.root copied
/gpfs/slac/staas/fs1/supercdms/data/CDMS/ANIMAL/R70/Raw/27190711_135451/PMT_27190711_135451_62.root copied
/gpfs/slac/staas/fs1/supercdms/data/CDMS/ANIMAL/R70/Raw/27190711_115309/PMT_27190711_115309_39.root copied
/gpfs/slac/staas/fs1/supercdms/data/CDMS/ANIMAL/R70/Raw/27190711_115309/PMT_27190711_115309_38.root copied
/gpfs/slac/staas/fs1/supercdms/data/CDMS/ANIMAL/R70/Raw/27190711_200227/PMT_27190711_200227_34.root copied
/gpfs/slac/staas/fs1/supercdms/data/CDMS/ANIMAL/R70/Raw/27190711_200227/PMT_27190711_200227_32.root copied
/gpfs/slac/staas/fs1/supercdms/data/CDMS/ANIMAL/R70/Raw/27190711_190010/PMT_27190711_190010_55.root copied
/gpfs/slac/staas/fs1/supercdms/data/CDMS/ANIMAL/R70/Raw/27190711_145524/PMT_27190711_145524_54.root copied
/gpfs/slac/staas/fs1/supercdms/data/CDMS/ANIMAL/R70/Raw/27190711_135451/PMT_27190711_135451_11.root copied
/gpfs/slac/staas/fs1/supercdms/data/CDMS/ANIMAL/R70/Raw/27190711_165710/PMT_27190711_165710_26.root copied
27190711_104116 didnt exist, now it does
/gpfs/slac/staas/fs1/supercdms/data/CDMS/ANIMAL/R70/Raw/27190711_104116/PMT_27190711_104116-conf.root copied
/gpfs/slac/staas/fs1/supercdms/data/CDMS/ANIMAL/R70/Raw/27190711_210305/PMT_27190711_210305_26.root copied
/gpfs/slac/staas/fs1/supercdms/data/CDMS/ANIMAL/R70/Raw/27190711_155539/PMT_27190711_155539_17.root copied
/gpfs/slac/staas/fs1/supercdms/data/CDMS/ANIMAL/R70/Raw/27190711_155539/PMT_27190711_155539_78.root copied
/gpfs/slac/staas/fs1/supercdms/data/CDMS/ANIMAL/R70/Raw/27190711_210305/PMT_27190711_210305_71.root copied
/gpfs/slac/staas/fs1/supercdms/data/CDMS/ANIMAL/R70/Raw/27190711_115309/PMT_27190711_115309_65.root copied
/gpfs/slac/staas/fs1/supercdms/data/CDMS/ANIMAL/R70/Raw/27190711_210305/PMT_27190711_210305_55.root copied
/gpfs/slac/staas/fs1/supercdms/data/CDMS/ANIMAL/R70/Raw/27190711_125332/PMT_27190711_125332_44.root copied
/gpfs/slac/staas/fs1/supercdms/data/CDMS/ANIMAL/R70/Raw/27190711_125332/PMT_27190711_125332_46.root copied
/gpfs/slac/staas/fs1/supercdms/data/CDMS/ANIMAL/R70/Raw/27190711_125332/PMT_27190711_125332_79.root copied
/gpfs/slac/staas/fs1/supercdms/data/CDMS/ANIMAL/R70/Raw/27190711_190010/PMT_27190711_190010_70.root copied
/gpfs/slac/staas/fs1/supercdms/data/CDMS/ANIMAL/R70/Raw/27190711_200227/PMT_27190711_200227_38.root copied
/gpfs/slac/staas/fs1/supercdms/data/CDMS/ANIMAL/R70/Raw/27190711_135451/PMT_27190711_135451_57.root copied
/gpfs/slac/staas/fs1/supercdms/data/CDMS/ANIMAL/R70/Raw/27190711_115309/PMT_27190711_115309_31.root copied
/gpfs/slac/staas/fs1/supercdms/data/CDMS/ANIMAL/R70/Raw/27190711_200227/PMT_27190711_200227_76.root copied
/gpfs/slac/staas/fs1/supercdms/data/CDMS/ANIMAL/R70/Raw/27190711_135451/PMT_27190711_135451_4.root copied
/gpfs/slac/staas/fs1/supercdms/data/CDMS/ANIMAL/R70/Raw/27190711_210305/PMT_27190711_210305_59.root copied
/gpfs/slac/staas/fs1/supercdms/data/CDMS/ANIMAL/R70/Raw/27190711_210305/PMT_27190711_210305_20.root copied
/gpfs/slac/staas/fs1/supercdms/data/CDMS/ANIMAL/R70/Raw/27190711_165710/PMT_27190711_165710_51.root copied
/gpfs/slac/staas/fs1/supercdms/data/CDMS/ANIMAL/R70/Raw/27190711_210305/PMT_27190711_210305_18.root copied
/gpfs/slac/staas/fs1/supercdms/data/CDMS/ANIMAL/R70/Raw/27190711_125332/PMT_27190711_125332_30.root copied
/gpfs/slac/staas/fs1/supercdms/data/CDMS/ANIMAL/R70/Raw/27190711_220357/PMT_27190711_220357_38.root copied
/gpfs/slac/staas/fs1/supercdms/data/CDMS/ANIMAL/R70/Raw/27190711_115309/PMT_27190711_115309_35.root copied
/gpfs/slac/staas/fs1/supercdms/data/CDMS/ANIMAL/R70/Raw/27190711_165710/PMT_27190711_165710_59.root copied
/gpfs/slac/staas/fs1/supercdms/data/CDMS/ANIMAL/R70/Raw/27190711_155539/PMT_27190711_155539_1.root copied
/gpfs/slac/staas/fs1/supercdms/data/CDMS/ANIMAL/R70/Raw/27190711_220357/PMT_27190711_220357_1.root copied
/gpfs/slac/staas/fs1/supercdms/data/CDMS/ANIMAL/R70/Raw/27190711_210305/PMT_27190711_210305_74.root copied
/gpfs/slac/staas/fs1/supercdms/data/CDMS/ANIMAL/R70/Raw/27190711_125332/PMT_27190711_125332_45.root copied
/gpfs/slac/staas/fs1/supercdms/data/CDMS/ANIMAL/R70/Raw/27190711_155539/PMT_27190711_155539_2.root copied
/gpfs/slac/staas/fs1/supercdms/data/CDMS/ANIMAL/R70/Raw/27190711_115309/PMT_27190711_115309_66.root copied
/gpfs/slac/staas/fs1/supercdms/data/CDMS/ANIMAL/R70/Raw/27190711_135451/PMT_27190711_135451_29.root copied
/gpfs/slac/staas/fs1/supercdms/data/CDMS/ANIMAL/R70/Raw/27190711_125332/PMT_27190711_125332_54.root copied
/gpfs/slac/staas/fs1/supercdms/data/CDMS/ANIMAL/R70/Raw/27190711_135451/PMT_27190711_135451_72.root copied
/gpfs/slac/staas/fs1/supercdms/data/CDMS/ANIMAL/R70/Raw/27190711_125332/PMT_27190711_125332_17.root copied
/gpfs/slac/staas/fs1/supercdms/data/CDMS/ANIMAL/R70/Raw/27190711_125332/PMT_27190711_125332_71.root copied
/gpfs/slac/staas/fs1/supercdms/data/CDMS/ANIMAL/R70/Raw/27190711_135451/PMT_27190711_135451_16.root copied
/gpfs/slac/staas/fs1/supercdms/data/CDMS/ANIMAL/R70/Raw/27190711_210305/PMT_27190711_210305_13.root copied
/gpfs/slac/staas/fs1/supercdms/data/CDMS/ANIMAL/R70/Raw/27190711_115309/PMT_27190711_115309_4.root copied
/gpfs/slac/staas/fs1/supercdms/data/CDMS/ANIMAL/R70/Raw/27190711_135451/PMT_27190711_135451_33.root copied
/gpfs/slac/staas/fs1/supercdms/data/CDMS/ANIMAL/R70/Raw/27190711_190010/PMT_27190711_190010_44.root copied
/gpfs/slac/staas/fs1/supercdms/data/CDMS/ANIMAL/R70/Raw/27190711_190010/PMT_27190711_190010_28.root copied
/gpfs/slac/staas/fs1/supercdms/data/CDMS/ANIMAL/R70/Raw/27190711_190010/PMT_27190711_190010_21.root copied
/gpfs/slac/staas/fs1/supercdms/data/CDMS/ANIMAL/R70/Raw/27190711_190010/PMT_27190711_190010_24.root copied
/gpfs/slac/staas/fs1/supercdms/data/CDMS/ANIMAL/R70/Raw/27190711_190010/PMT_27190711_190010_5.root copied
/gpfs/slac/staas/fs1/supercdms/data/CDMS/ANIMAL/R70/Raw/27190711_145524/PMT_27190711_145524-conf.root copied
/gpfs/slac/staas/fs1/supercdms/data/CDMS/ANIMAL/R70/Raw/27190711_210305/PMT_27190711_210305_32.root copied
/gpfs/slac/staas/fs1/supercdms/data/CDMS/ANIMAL/R70/Raw/27190711_135451/PMT_27190711_135451_26.root copied
/gpfs/slac/staas/fs1/supercdms/data/CDMS/ANIMAL/R70/Raw/27190711_135451/PMT_27190711_135451_31.root copied
/gpfs/slac/staas/fs1/supercdms/data/CDMS/ANIMAL/R70/Raw/27190711_165710/PMT_27190711_165710_6.root copied
/gpfs/slac/staas/fs1/supercdms/data/CDMS/ANIMAL/R70/Raw/27190711_155539/PMT_27190711_155539_22.root copied
/gpfs/slac/staas/fs1/supercdms/data/CDMS/ANIMAL/R70/Raw/27190711_190010/PMT_27190711_190010_9.root copied
/gpfs/slac/staas/fs1/supercdms/data/CDMS/ANIMAL/R70/Raw/27190711_125332/PMT_27190711_125332_22.root copied
/gpfs/slac/staas/fs1/supercdms/data/CDMS/ANIMAL/R70/Raw/27190711_115309/PMT_27190711_115309_28.root copied
/gpfs/slac/staas/fs1/supercdms/data/CDMS/ANIMAL/R70/Raw/27190711_200227/PMT_27190711_200227_72.root copied
/gpfs/slac/staas/fs1/supercdms/data/CDMS/ANIMAL/R70/Raw/27190711_200227/PMT_27190711_200227_18.root copied
/gpfs/slac/staas/fs1/supercdms/data/CDMS/ANIMAL/R70/Raw/27190711_155539/PMT_27190711_155539_66.root copied
/gpfs/slac/staas/fs1/supercdms/data/CDMS/ANIMAL/R70/Raw/27190711_200227/PMT_27190711_200227_26.root copied
/gpfs/slac/staas/fs1/supercdms/data/CDMS/ANIMAL/R70/Raw/27190711_135451/PMT_27190711_135451_8.root copied
/gpfs/slac/staas/fs1/supercdms/data/CDMS/ANIMAL/R70/Raw/27190711_210305/PMT_27190711_210305_21.root copied
/gpfs/slac/staas/fs1/supercdms/data/CDMS/ANIMAL/R70/Raw/27190711_155539/PMT_27190711_155539_69.root copied
/gpfs/slac/staas/fs1/supercdms/data/CDMS/ANIMAL/R70/Raw/27190711_200227/PMT_27190711_200227_78.root copied
/gpfs/slac/staas/fs1/supercdms/data/CDMS/ANIMAL/R70/Raw/27190711_135451/PMT_27190711_135451_53.root copied
/gpfs/slac/staas/fs1/supercdms/data/CDMS/ANIMAL/R70/Raw/27190711_125332/PMT_27190711_125332_73.root copied
/gpfs/slac/staas/fs1/supercdms/data/CDMS/ANIMAL/R70/Raw/27190711_165710/PMT_27190711_165710_13.root copied
/gpfs/slac/staas/fs1/supercdms/data/CDMS/ANIMAL/R70/Raw/27190711_165710/PMT_27190711_165710_72.root copied
/gpfs/slac/staas/fs1/supercdms/data/CDMS/ANIMAL/R70/Raw/27190711_135451/PMT_27190711_135451_48.root copied
/gpfs/slac/staas/fs1/supercdms/data/CDMS/ANIMAL/R70/Raw/27190711_175732/PMT_27190711_175732_23.root copied
/gpfs/slac/staas/fs1/supercdms/data/CDMS/ANIMAL/R70/Raw/27190711_145524/PMT_27190711_145524_5.root copied
/gpfs/slac/staas/fs1/supercdms/data/CDMS/ANIMAL/R70/Raw/27190711_190010/PMT_27190711_190010_12.root copied
/gpfs/slac/staas/fs1/supercdms/data/CDMS/ANIMAL/R70/Raw/27190711_175732/PMT_27190711_175732_51.root copied
/gpfs/slac/staas/fs1/supercdms/data/CDMS/ANIMAL/R70/Raw/27190711_210305/PMT_27190711_210305_57.root copied
/gpfs/slac/staas/fs1/supercdms/data/CDMS/ANIMAL/R70/Raw/27190711_145524/PMT_27190711_145524_24.root copied
/gpfs/slac/staas/fs1/supercdms/data/CDMS/ANIMAL/R70/Raw/27190711_145524/PMT_27190711_145524_64.root copied
/gpfs/slac/staas/fs1/supercdms/data/CDMS/ANIMAL/R70/Raw/27190711_145524/PMT_27190711_145524_58.root copied
/gpfs/slac/staas/fs1/supercdms/data/CDMS/ANIMAL/R70/Raw/27190711_190010/PMT_27190711_190010_65.root copied
/gpfs/slac/staas/fs1/supercdms/data/CDMS/ANIMAL/R70/Raw/27190711_135451/PMT_27190711_135451_47.root copied
/gpfs/slac/staas/fs1/supercdms/data/CDMS/ANIMAL/R70/Raw/27190711_220357/PMT_27190711_220357_36.root copied
/gpfs/slac/staas/fs1/supercdms/data/CDMS/ANIMAL/R70/Raw/27190711_200227/PMT_27190711_200227-conf.root copied
/gpfs/slac/staas/fs1/supercdms/data/CDMS/ANIMAL/R70/Raw/27190711_145524/PMT_27190711_145524_71.root copied
/gpfs/slac/staas/fs1/supercdms/data/CDMS/ANIMAL/R70/Raw/27190711_135451/PMT_27190711_135451_2.root copied
/gpfs/slac/staas/fs1/supercdms/data/CDMS/ANIMAL/R70/Raw/27190711_115309/PMT_27190711_115309_75.root copied
/gpfs/slac/staas/fs1/supercdms/data/CDMS/ANIMAL/R70/Raw/27190711_155539/PMT_27190711_155539_58.root copied
/gpfs/slac/staas/fs1/supercdms/data/CDMS/ANIMAL/R70/Raw/27190711_145524/PMT_27190711_145524_61.root copied
/gpfs/slac/staas/fs1/supercdms/data/CDMS/ANIMAL/R70/Raw/27190711_145524/PMT_27190711_145524_36.root copied
/gpfs/slac/staas/fs1/supercdms/data/CDMS/ANIMAL/R70/Raw/27190711_220357/PMT_27190711_220357_17.root copied
/gpfs/slac/staas/fs1/supercdms/data/CDMS/ANIMAL/R70/Raw/27190711_115309/PMT_27190711_115309_6.root copied
/gpfs/slac/staas/fs1/supercdms/data/CDMS/ANIMAL/R70/Raw/27190711_135451/PMT_27190711_135451_56.root copied
/gpfs/slac/staas/fs1/supercdms/data/CDMS/ANIMAL/R70/Raw/27190711_145524/PMT_27190711_145524_77.root copied
/gpfs/slac/staas/fs1/supercdms/data/CDMS/ANIMAL/R70/Raw/27190711_190010/PMT_27190711_190010_29.root copied
/gpfs/slac/staas/fs1/supercdms/data/CDMS/ANIMAL/R70/Raw/27190711_125332/PMT_27190711_125332_72.root copied
/gpfs/slac/staas/fs1/supercdms/data/CDMS/ANIMAL/R70/Raw/27190711_175732/PMT_27190711_175732_1.root copied
/gpfs/slac/staas/fs1/supercdms/data/CDMS/ANIMAL/R70/Raw/27190711_155539/PMT_27190711_155539_31.root copied
/gpfs/slac/staas/fs1/supercdms/data/CDMS/ANIMAL/R70/Raw/27190711_155539/PMT_27190711_155539_55.root copied
/gpfs/slac/staas/fs1/supercdms/data/CDMS/ANIMAL/R70/Raw/27190711_145524/PMT_27190711_145524_34.root copied
/gpfs/slac/staas/fs1/supercdms/data/CDMS/ANIMAL/R70/Raw/27190711_145524/PMT_27190711_145524_31.root copied
/gpfs/slac/staas/fs1/supercdms/data/CDMS/ANIMAL/R70/Raw/27190711_220357/PMT_27190711_220357_12.root copied
/gpfs/slac/staas/fs1/supercdms/data/CDMS/ANIMAL/R70/Raw/27190711_175732/PMT_27190711_175732_10.root copied
/gpfs/slac/staas/fs1/supercdms/data/CDMS/ANIMAL/R70/Raw/27190711_145524/PMT_27190711_145524_74.root copied
/gpfs/slac/staas/fs1/supercdms/data/CDMS/ANIMAL/R70/Raw/27190711_220357/PMT_27190711_220357_4.root copied
/gpfs/slac/staas/fs1/supercdms/data/CDMS/ANIMAL/R70/Raw/27190711_165710/PMT_27190711_165710_77.root copied
/gpfs/slac/staas/fs1/supercdms/data/CDMS/ANIMAL/R70/Raw/27190711_155539/PMT_27190711_155539_26.root copied
/gpfs/slac/staas/fs1/supercdms/data/CDMS/ANIMAL/R70/Raw/27190711_175732/PMT_27190711_175732_76.root copied
/gpfs/slac/staas/fs1/supercdms/data/CDMS/ANIMAL/R70/Raw/27190711_165710/PMT_27190711_165710_24.root copied
/gpfs/slac/staas/fs1/supercdms/data/CDMS/ANIMAL/R70/Raw/27190711_165710/PMT_27190711_165710_29.root copied
/gpfs/slac/staas/fs1/supercdms/data/CDMS/ANIMAL/R70/Raw/27190711_200227/PMT_27190711_200227_58.root copied
/gpfs/slac/staas/fs1/supercdms/data/CDMS/ANIMAL/R70/Raw/27190711_115309/PMT_27190711_115309_70.root copied
/gpfs/slac/staas/fs1/supercdms/data/CDMS/ANIMAL/R70/Raw/27190711_125332/PMT_27190711_125332_65.root copied
/gpfs/slac/staas/fs1/supercdms/data/CDMS/ANIMAL/R70/Raw/27190711_115309/PMT_27190711_115309-conf.root copied
/gpfs/slac/staas/fs1/supercdms/data/CDMS/ANIMAL/R70/Raw/27190711_155539/PMT_27190711_155539_73.root copied
/gpfs/slac/staas/fs1/supercdms/data/CDMS/ANIMAL/R70/Raw/27190711_220357/PMT_27190711_220357_37.root copied
/gpfs/slac/staas/fs1/supercdms/data/CDMS/ANIMAL/R70/Raw/27190711_210305/PMT_27190711_210305_77.root copied
/gpfs/slac/staas/fs1/supercdms/data/CDMS/ANIMAL/R70/Raw/27190711_220357/PMT_27190711_220357_39.root copied
/gpfs/slac/staas/fs1/supercdms/data/CDMS/ANIMAL/R70/Raw/27190711_115309/PMT_27190711_115309_20.root copied
/gpfs/slac/staas/fs1/supercdms/data/CDMS/ANIMAL/R70/Raw/27190711_190010/PMT_27190711_190010_53.root copied
/gpfs/slac/staas/fs1/supercdms/data/CDMS/ANIMAL/R70/Raw/27190711_155539/PMT_27190711_155539_43.root copied
/gpfs/slac/staas/fs1/supercdms/data/CDMS/ANIMAL/R70/Raw/27190711_200227/PMT_27190711_200227_43.root copied
/gpfs/slac/staas/fs1/supercdms/data/CDMS/ANIMAL/R70/Raw/27190711_155539/PMT_27190711_155539_75.root copied
/gpfs/slac/staas/fs1/supercdms/data/CDMS/ANIMAL/R70/Raw/27190711_210305/PMT_27190711_210305_1.root copied
/gpfs/slac/staas/fs1/supercdms/data/CDMS/ANIMAL/R70/Raw/27190711_145524/PMT_27190711_145524_28.root copied
/gpfs/slac/staas/fs1/supercdms/data/CDMS/ANIMAL/R70/Raw/27190711_220357/PMT_27190711_220357_18.root copied
/gpfs/slac/staas/fs1/supercdms/data/CDMS/ANIMAL/R70/Raw/27190711_220357/PMT_27190711_220357_22.root copied
/gpfs/slac/staas/fs1/supercdms/data/CDMS/ANIMAL/R70/Raw/27190711_220357/PMT_27190711_220357_40.root copied
/gpfs/slac/staas/fs1/supercdms/data/CDMS/ANIMAL/R70/Raw/27190711_210305/PMT_27190711_210305_65.root copied
/gpfs/slac/staas/fs1/supercdms/data/CDMS/ANIMAL/R70/Raw/27190711_175732/PMT_27190711_175732_43.root copied
/gpfs/slac/staas/fs1/supercdms/data/CDMS/ANIMAL/R70/Raw/27190711_175732/PMT_27190711_175732_11.root copied
/gpfs/slac/staas/fs1/supercdms/data/CDMS/ANIMAL/R70/Raw/27190711_200227/PMT_27190711_200227_10.root copied
/gpfs/slac/staas/fs1/supercdms/data/CDMS/ANIMAL/R70/Raw/27190711_200227/PMT_27190711_200227_39.root copied
/gpfs/slac/staas/fs1/supercdms/data/CDMS/ANIMAL/R70/Raw/27190711_135451/PMT_27190711_135451_34.root copied
/gpfs/slac/staas/fs1/supercdms/data/CDMS/ANIMAL/R70/Raw/27190711_165710/PMT_27190711_165710_36.root copied
/gpfs/slac/staas/fs1/supercdms/data/CDMS/ANIMAL/R70/Raw/27190711_135451/PMT_27190711_135451_37.root copied
/gpfs/slac/staas/fs1/supercdms/data/CDMS/ANIMAL/R70/Raw/27190711_200227/PMT_27190711_200227_79.root copied
/gpfs/slac/staas/fs1/supercdms/data/CDMS/ANIMAL/R70/Raw/27190711_135451/PMT_27190711_135451_59.root copied
/gpfs/slac/staas/fs1/supercdms/data/CDMS/ANIMAL/R70/Raw/27190711_190010/PMT_27190711_190010_10.root copied
/gpfs/slac/staas/fs1/supercdms/data/CDMS/ANIMAL/R70/Raw/27190711_210305/PMT_27190711_210305_62.root copied
/gpfs/slac/staas/fs1/supercdms/data/CDMS/ANIMAL/R70/Raw/27190711_200227/PMT_27190711_200227_66.root copied
/gpfs/slac/staas/fs1/supercdms/data/CDMS/ANIMAL/R70/Raw/27190711_190010/PMT_27190711_190010_6.root copied
/gpfs/slac/staas/fs1/supercdms/data/CDMS/ANIMAL/R70/Raw/27190711_145524/PMT_27190711_145524_4.root copied
/gpfs/slac/staas/fs1/supercdms/data/CDMS/ANIMAL/R70/Raw/27190711_200227/PMT_27190711_200227_14.root copied
/gpfs/slac/staas/fs1/supercdms/data/CDMS/ANIMAL/R70/Raw/27190711_175732/PMT_27190711_175732_22.root copied
/gpfs/slac/staas/fs1/supercdms/data/CDMS/ANIMAL/R70/Raw/27190711_200227/PMT_27190711_200227_70.root copied
/gpfs/slac/staas/fs1/supercdms/data/CDMS/ANIMAL/R70/Raw/27190711_165710/PMT_27190711_165710_69.root copied
/gpfs/slac/staas/fs1/supercdms/data/CDMS/ANIMAL/R70/Raw/27190711_165710/PMT_27190711_165710_57.root copied
/gpfs/slac/staas/fs1/supercdms/data/CDMS/ANIMAL/R70/Raw/27190711_115309/PMT_27190711_115309_24.root copied
/gpfs/slac/staas/fs1/supercdms/data/CDMS/ANIMAL/R70/Raw/27190711_190010/PMT_27190711_190010_35.root copied
/gpfs/slac/staas/fs1/supercdms/data/CDMS/ANIMAL/R70/Raw/27190711_165710/PMT_27190711_165710_70.root copied
/gpfs/slac/staas/fs1/supercdms/data/CDMS/ANIMAL/R70/Raw/27190711_210305/PMT_27190711_210305_39.root copied
/gpfs/slac/staas/fs1/supercdms/data/CDMS/ANIMAL/R70/Raw/27190711_200227/PMT_27190711_200227_40.root copied
/gpfs/slac/staas/fs1/supercdms/data/CDMS/ANIMAL/R70/Raw/27190711_165710/PMT_27190711_165710_42.root copied
/gpfs/slac/staas/fs1/supercdms/data/CDMS/ANIMAL/R70/Raw/27190711_200227/PMT_27190711_200227_62.root copied
/gpfs/slac/staas/fs1/supercdms/data/CDMS/ANIMAL/R70/Raw/27190711_210305/PMT_27190711_210305_7.root copied
/gpfs/slac/staas/fs1/supercdms/data/CDMS/ANIMAL/R70/Raw/27190711_200227/PMT_27190711_200227_4.root copied
/gpfs/slac/staas/fs1/supercdms/data/CDMS/ANIMAL/R70/Raw/27190711_220357/PMT_27190711_220357_46.root copied
/gpfs/slac/staas/fs1/supercdms/data/CDMS/ANIMAL/R70/Raw/27190711_155539/PMT_27190711_155539_38.root copied
/gpfs/slac/staas/fs1/supercdms/data/CDMS/ANIMAL/R70/Raw/27190711_155539/PMT_27190711_155539_62.root copied
/gpfs/slac/staas/fs1/supercdms/data/CDMS/ANIMAL/R70/Raw/27190711_175732/PMT_27190711_175732_38.root copied
/gpfs/slac/staas/fs1/supercdms/data/CDMS/ANIMAL/R70/Raw/27190711_220357/PMT_27190711_220357_33.root copied
/gpfs/slac/staas/fs1/supercdms/data/CDMS/ANIMAL/R70/Raw/27190711_155539/PMT_27190711_155539_49.root copied
/gpfs/slac/staas/fs1/supercdms/data/CDMS/ANIMAL/R70/Raw/27190711_200227/PMT_27190711_200227_47.root copied
/gpfs/slac/staas/fs1/supercdms/data/CDMS/ANIMAL/R70/Raw/27190711_125332/PMT_27190711_125332_38.root copied
/gpfs/slac/staas/fs1/supercdms/data/CDMS/ANIMAL/R70/Raw/27190711_145524/PMT_27190711_145524_47.root copied
/gpfs/slac/staas/fs1/supercdms/data/CDMS/ANIMAL/R70/Raw/27190711_200227/PMT_27190711_200227_30.root copied
/gpfs/slac/staas/fs1/supercdms/data/CDMS/ANIMAL/R70/Raw/27190711_200227/PMT_27190711_200227_45.root copied
/gpfs/slac/staas/fs1/supercdms/data/CDMS/ANIMAL/R70/Raw/27190711_155539/PMT_27190711_155539_25.root copied
/gpfs/slac/staas/fs1/supercdms/data/CDMS/ANIMAL/R70/Raw/27190711_145524/PMT_27190711_145524_48.root copied
/gpfs/slac/staas/fs1/supercdms/data/CDMS/ANIMAL/R70/Raw/27190711_200227/PMT_27190711_200227_53.root copied
/gpfs/slac/staas/fs1/supercdms/data/CDMS/ANIMAL/R70/Raw/27190711_135451/PMT_27190711_135451_61.root copied
/gpfs/slac/staas/fs1/supercdms/data/CDMS/ANIMAL/R70/Raw/27190711_155539/PMT_27190711_155539_10.root copied
/gpfs/slac/staas/fs1/supercdms/data/CDMS/ANIMAL/R70/Raw/27190711_200227/PMT_27190711_200227_46.root copied
/gpfs/slac/staas/fs1/supercdms/data/CDMS/ANIMAL/R70/Raw/27190711_175732/PMT_27190711_175732_17.root copied
/gpfs/slac/staas/fs1/supercdms/data/CDMS/ANIMAL/R70/Raw/27190711_200227/PMT_27190711_200227_54.root copied
/gpfs/slac/staas/fs1/supercdms/data/CDMS/ANIMAL/R70/Raw/27190711_210305/PMT_27190711_210305_38.root copied
/gpfs/slac/staas/fs1/supercdms/data/CDMS/ANIMAL/R70/Raw/27190711_135451/PMT_27190711_135451_15.root copied
/gpfs/slac/staas/fs1/supercdms/data/CDMS/ANIMAL/R70/Raw/27190711_145524/PMT_27190711_145524_53.root copied
/gpfs/slac/staas/fs1/supercdms/data/CDMS/ANIMAL/R70/Raw/27190711_200227/PMT_27190711_200227_11.root copied
/gpfs/slac/staas/fs1/supercdms/data/CDMS/ANIMAL/R70/Raw/27190711_115309/PMT_27190711_115309_44.root copied
/gpfs/slac/staas/fs1/supercdms/data/CDMS/ANIMAL/R70/Raw/27190711_135451/PMT_27190711_135451_77.root copied
/gpfs/slac/staas/fs1/supercdms/data/CDMS/ANIMAL/R70/Raw/27190711_125332/PMT_27190711_125332_58.root copied
/gpfs/slac/staas/fs1/supercdms/data/CDMS/ANIMAL/R70/Raw/27190711_115309/PMT_27190711_115309_78.root copied
/gpfs/slac/staas/fs1/supercdms/data/CDMS/ANIMAL/R70/Raw/27190711_190010/PMT_27190711_190010_38.root copied
/gpfs/slac/staas/fs1/supercdms/data/CDMS/ANIMAL/R70/Raw/27190711_115309/PMT_27190711_115309_63.root copied
/gpfs/slac/staas/fs1/supercdms/data/CDMS/ANIMAL/R70/Raw/27190711_115309/PMT_27190711_115309_33.root copied
/gpfs/slac/staas/fs1/supercdms/data/CDMS/ANIMAL/R70/Raw/27190711_200227/PMT_27190711_200227_33.root copied
/gpfs/slac/staas/fs1/supercdms/data/CDMS/ANIMAL/R70/Raw/27190711_125332/PMT_27190711_125332_60.root copied
/gpfs/slac/staas/fs1/supercdms/data/CDMS/ANIMAL/R70/Raw/27190711_220357/PMT_27190711_220357_3.root copied
/gpfs/slac/staas/fs1/supercdms/data/CDMS/ANIMAL/R70/Raw/27190711_125332/PMT_27190711_125332_57.root copied
/gpfs/slac/staas/fs1/supercdms/data/CDMS/ANIMAL/R70/Raw/27190711_155539/PMT_27190711_155539_30.root copied
/gpfs/slac/staas/fs1/supercdms/data/CDMS/ANIMAL/R70/Raw/27190711_190010/PMT_27190711_190010_71.root copied
/gpfs/slac/staas/fs1/supercdms/data/CDMS/ANIMAL/R70/Raw/27190711_135451/PMT_27190711_135451_1.root copied
/gpfs/slac/staas/fs1/supercdms/data/CDMS/ANIMAL/R70/Raw/27190711_115309/PMT_27190711_115309_55.root copied
/gpfs/slac/staas/fs1/supercdms/data/CDMS/ANIMAL/R70/Raw/27190711_125332/PMT_27190711_125332_21.root copied
/gpfs/slac/staas/fs1/supercdms/data/CDMS/ANIMAL/R70/Raw/27190711_200227/PMT_27190711_200227_17.root copied
/gpfs/slac/staas/fs1/supercdms/data/CDMS/ANIMAL/R70/Raw/27190711_175732/PMT_27190711_175732_42.root copied
/gpfs/slac/staas/fs1/supercdms/data/CDMS/ANIMAL/R70/Raw/27190711_155539/PMT_27190711_155539_63.root copied
/gpfs/slac/staas/fs1/supercdms/data/CDMS/ANIMAL/R70/Raw/27190711_145524/PMT_27190711_145524_3.root copied
/gpfs/slac/staas/fs1/supercdms/data/CDMS/ANIMAL/R70/Raw/27190711_175732/PMT_27190711_175732_7.root copied
/gpfs/slac/staas/fs1/supercdms/data/CDMS/ANIMAL/R70/Raw/27190711_175732/PMT_27190711_175732_16.root copied
/gpfs/slac/staas/fs1/supercdms/data/CDMS/ANIMAL/R70/Raw/27190711_190010/PMT_27190711_190010_61.root copied
/gpfs/slac/staas/fs1/supercdms/data/CDMS/ANIMAL/R70/Raw/27190711_135451/PMT_27190711_135451_22.root copied
/gpfs/slac/staas/fs1/supercdms/data/CDMS/ANIMAL/R70/Raw/27190711_155539/PMT_27190711_155539_52.root copied
/gpfs/slac/staas/fs1/supercdms/data/CDMS/ANIMAL/R70/Raw/27190711_200227/PMT_27190711_200227_6.root copied
/gpfs/slac/staas/fs1/supercdms/data/CDMS/ANIMAL/R70/Raw/27190711_135451/PMT_27190711_135451_13.root copied
/gpfs/slac/staas/fs1/supercdms/data/CDMS/ANIMAL/R70/Raw/27190711_200227/PMT_27190711_200227_9.root copied
/gpfs/slac/staas/fs1/supercdms/data/CDMS/ANIMAL/R70/Raw/27190711_125332/PMT_27190711_125332_34.root copied
/gpfs/slac/staas/fs1/supercdms/data/CDMS/ANIMAL/R70/Raw/27190711_175732/PMT_27190711_175732_44.root copied
/gpfs/slac/staas/fs1/supercdms/data/CDMS/ANIMAL/R70/Raw/27190711_135451/PMT_27190711_135451_17.root copied
/gpfs/slac/staas/fs1/supercdms/data/CDMS/ANIMAL/R70/Raw/27190711_135451/PMT_27190711_135451_76.root copied
/gpfs/slac/staas/fs1/supercdms/data/CDMS/ANIMAL/R70/Raw/27190711_190010/PMT_27190711_190010_8.root copied
/gpfs/slac/staas/fs1/supercdms/data/CDMS/ANIMAL/R70/Raw/27190711_175732/PMT_27190711_175732_20.root copied
/gpfs/slac/staas/fs1/supercdms/data/CDMS/ANIMAL/R70/Raw/27190711_135451/PMT_27190711_135451-conf.root copied
/gpfs/slac/staas/fs1/supercdms/data/CDMS/ANIMAL/R70/Raw/27190711_220357/PMT_27190711_220357_7.root copied
/gpfs/slac/staas/fs1/supercdms/data/CDMS/ANIMAL/R70/Raw/27190711_210305/PMT_27190711_210305_28.root copied
/gpfs/slac/staas/fs1/supercdms/data/CDMS/ANIMAL/R70/Raw/27190711_115309/PMT_27190711_115309_73.root copied
/gpfs/slac/staas/fs1/supercdms/data/CDMS/ANIMAL/R70/Raw/27190711_190010/PMT_27190711_190010_50.root copied
/gpfs/slac/staas/fs1/supercdms/data/CDMS/ANIMAL/R70/Raw/27190711_175732/PMT_27190711_175732_15.root copied
/gpfs/slac/staas/fs1/supercdms/data/CDMS/ANIMAL/R70/Raw/27190711_135451/PMT_27190711_135451_68.root copied
/gpfs/slac/staas/fs1/supercdms/data/CDMS/ANIMAL/R70/Raw/27190711_175732/PMT_27190711_175732_46.root copied
/gpfs/slac/staas/fs1/supercdms/data/CDMS/ANIMAL/R70/Raw/27190711_175732/PMT_27190711_175732_19.root copied
/gpfs/slac/staas/fs1/supercdms/data/CDMS/ANIMAL/R70/Raw/27190711_210305/PMT_27190711_210305_45.root copied
/gpfs/slac/staas/fs1/supercdms/data/CDMS/ANIMAL/R70/Raw/27190711_145524/PMT_27190711_145524_40.root copied
/gpfs/slac/staas/fs1/supercdms/data/CDMS/ANIMAL/R70/Raw/27190711_125332/PMT_27190711_125332_5.root copied
/gpfs/slac/staas/fs1/supercdms/data/CDMS/ANIMAL/R70/Raw/27190711_115309/PMT_27190711_115309_14.root copied
/gpfs/slac/staas/fs1/supercdms/data/CDMS/ANIMAL/R70/Raw/27190711_115309/PMT_27190711_115309_9.root copied
/gpfs/slac/staas/fs1/supercdms/data/CDMS/ANIMAL/R70/Raw/27190711_165710/PMT_27190711_165710_33.root copied
/gpfs/slac/staas/fs1/supercdms/data/CDMS/ANIMAL/R70/Raw/27190711_200227/PMT_27190711_200227_55.root copied
/gpfs/slac/staas/fs1/supercdms/data/CDMS/ANIMAL/R70/Raw/27190711_145524/PMT_27190711_145524_66.root copied
/gpfs/slac/staas/fs1/supercdms/data/CDMS/ANIMAL/R70/Raw/27190711_175732/PMT_27190711_175732_57.root copied
/gpfs/slac/staas/fs1/supercdms/data/CDMS/ANIMAL/R70/Raw/27190711_175732/PMT_27190711_175732_13.root copied
/gpfs/slac/staas/fs1/supercdms/data/CDMS/ANIMAL/R70/Raw/27190711_145524/PMT_27190711_145524_15.root copied
/gpfs/slac/staas/fs1/supercdms/data/CDMS/ANIMAL/R70/Raw/27190711_145524/PMT_27190711_145524_13.root copied
/gpfs/slac/staas/fs1/supercdms/data/CDMS/ANIMAL/R70/Raw/27190711_125332/PMT_27190711_125332_11.root copied
/gpfs/slac/staas/fs1/supercdms/data/CDMS/ANIMAL/R70/Raw/27190711_175732/PMT_27190711_175732_25.root copied
/gpfs/slac/staas/fs1/supercdms/data/CDMS/ANIMAL/R70/Raw/27190711_115309/PMT_27190711_115309_69.root copied
/gpfs/slac/staas/fs1/supercdms/data/CDMS/ANIMAL/R70/Raw/27190711_220357/PMT_27190711_220357_19.root copied
/gpfs/slac/staas/fs1/supercdms/data/CDMS/ANIMAL/R70/Raw/27190711_165710/PMT_27190711_165710_15.root copied
/gpfs/slac/staas/fs1/supercdms/data/CDMS/ANIMAL/R70/Raw/27190711_125332/PMT_27190711_125332_31.root copied
/gpfs/slac/staas/fs1/supercdms/data/CDMS/ANIMAL/R70/Raw/27190711_190010/PMT_27190711_190010_25.root copied
/gpfs/slac/staas/fs1/supercdms/data/CDMS/ANIMAL/R70/Raw/27190711_175732/PMT_27190711_175732_60.root copied
/gpfs/slac/staas/fs1/supercdms/data/CDMS/ANIMAL/R70/Raw/27190711_115309/PMT_27190711_115309_64.root copied
/gpfs/slac/staas/fs1/supercdms/data/CDMS/ANIMAL/R70/Raw/27190711_125332/PMT_27190711_125332_8.root copied
/gpfs/slac/staas/fs1/supercdms/data/CDMS/ANIMAL/R70/Raw/27190711_145524/PMT_27190711_145524_27.root copied
/gpfs/slac/staas/fs1/supercdms/data/CDMS/ANIMAL/R70/Raw/27190711_135451/PMT_27190711_135451_46.root copied
/gpfs/slac/staas/fs1/supercdms/data/CDMS/ANIMAL/R70/Raw/27190711_210305/PMT_27190711_210305_64.root copied
/gpfs/slac/staas/fs1/supercdms/data/CDMS/ANIMAL/R70/Raw/27190711_165710/PMT_27190711_165710_63.root copied
/gpfs/slac/staas/fs1/supercdms/data/CDMS/ANIMAL/R70/Raw/27190711_115309/PMT_27190711_115309_15.root copied
/gpfs/slac/staas/fs1/supercdms/data/CDMS/ANIMAL/R70/Raw/27190711_190010/PMT_27190711_190010_54.root copied
/gpfs/slac/staas/fs1/supercdms/data/CDMS/ANIMAL/R70/Raw/27190711_145524/PMT_27190711_145524_17.root copied
/gpfs/slac/staas/fs1/supercdms/data/CDMS/ANIMAL/R70/Raw/27190711_145524/PMT_27190711_145524_30.root copied
/gpfs/slac/staas/fs1/supercdms/data/CDMS/ANIMAL/R70/Raw/27190711_165710/PMT_27190711_165710_47.root copied
/gpfs/slac/staas/fs1/supercdms/data/CDMS/ANIMAL/R70/Raw/27190711_165710/PMT_27190711_165710_23.root copied
/gpfs/slac/staas/fs1/supercdms/data/CDMS/ANIMAL/R70/Raw/27190711_190010/PMT_27190711_190010_39.root copied
/gpfs/slac/staas/fs1/supercdms/data/CDMS/ANIMAL/R70/Raw/27190711_210305/PMT_27190711_210305_56.root copied
/gpfs/slac/staas/fs1/supercdms/data/CDMS/ANIMAL/R70/Raw/27190711_175732/PMT_27190711_175732_73.root copied
/gpfs/slac/staas/fs1/supercdms/data/CDMS/ANIMAL/R70/Raw/27190711_190010/PMT_27190711_190010_23.root copied
/gpfs/slac/staas/fs1/supercdms/data/CDMS/ANIMAL/R70/Raw/27190711_210305/PMT_27190711_210305_23.root copied
/gpfs/slac/staas/fs1/supercdms/data/CDMS/ANIMAL/R70/Raw/27190711_200227/PMT_27190711_200227_7.root copied
/gpfs/slac/staas/fs1/supercdms/data/CDMS/ANIMAL/R70/Raw/27190711_135451/PMT_27190711_135451_58.root copied
/gpfs/slac/staas/fs1/supercdms/data/CDMS/ANIMAL/R70/Raw/27190711_175732/PMT_27190711_175732_53.root copied
/gpfs/slac/staas/fs1/supercdms/data/CDMS/ANIMAL/R70/Raw/27190711_210305/PMT_27190711_210305_52.root copied
/gpfs/slac/staas/fs1/supercdms/data/CDMS/ANIMAL/R70/Raw/27190711_125332/PMT_27190711_125332_53.root copied
/gpfs/slac/staas/fs1/supercdms/data/CDMS/ANIMAL/R70/Raw/27190711_175732/PMT_27190711_175732_14.root copied
/gpfs/slac/staas/fs1/supercdms/data/CDMS/ANIMAL/R70/Raw/27190711_145524/PMT_27190711_145524_9.root copied
/gpfs/slac/staas/fs1/supercdms/data/CDMS/ANIMAL/R70/Raw/27190711_115309/PMT_27190711_115309_50.root copied
/gpfs/slac/staas/fs1/supercdms/data/CDMS/ANIMAL/R70/Raw/27190711_210305/PMT_27190711_210305_12.root copied
/gpfs/slac/staas/fs1/supercdms/data/CDMS/ANIMAL/R70/Raw/27190711_125332/PMT_27190711_125332_7.root copied
/gpfs/slac/staas/fs1/supercdms/data/CDMS/ANIMAL/R70/Raw/27190711_115309/PMT_27190711_115309_23.root copied
/gpfs/slac/staas/fs1/supercdms/data/CDMS/ANIMAL/R70/Raw/27190711_210305/PMT_27190711_210305_40.root copied
/gpfs/slac/staas/fs1/supercdms/data/CDMS/ANIMAL/R70/Raw/27190711_155539/PMT_27190711_155539_59.root copied
/gpfs/slac/staas/fs1/supercdms/data/CDMS/ANIMAL/R70/Raw/27190711_125332/PMT_27190711_125332_23.root copied
/gpfs/slac/staas/fs1/supercdms/data/CDMS/ANIMAL/R70/Raw/27190711_165710/PMT_27190711_165710_68.root copied
/gpfs/slac/staas/fs1/supercdms/data/CDMS/ANIMAL/R70/Raw/27190711_115309/PMT_27190711_115309_57.root copied
/gpfs/slac/staas/fs1/supercdms/data/CDMS/ANIMAL/R70/Raw/27190711_135451/PMT_27190711_135451_70.root copied
/gpfs/slac/staas/fs1/supercdms/data/CDMS/ANIMAL/R70/Raw/27190711_220357/PMT_27190711_220357_16.root copied
/gpfs/slac/staas/fs1/supercdms/data/CDMS/ANIMAL/R70/Raw/27190711_155539/PMT_27190711_155539_19.root copied
/gpfs/slac/staas/fs1/supercdms/data/CDMS/ANIMAL/R70/Raw/27190711_190010/PMT_27190711_190010_34.root copied
/gpfs/slac/staas/fs1/supercdms/data/CDMS/ANIMAL/R70/Raw/27190711_145524/PMT_27190711_145524_21.root copied
/gpfs/slac/staas/fs1/supercdms/data/CDMS/ANIMAL/R70/Raw/27190711_115309/PMT_27190711_115309_42.root copied
/gpfs/slac/staas/fs1/supercdms/data/CDMS/ANIMAL/R70/Raw/27190711_175732/PMT_27190711_175732_58.root copied
/gpfs/slac/staas/fs1/supercdms/data/CDMS/ANIMAL/R70/Raw/27190711_220357/PMT_27190711_220357_30.root copied
/gpfs/slac/staas/fs1/supercdms/data/CDMS/ANIMAL/R70/Raw/27190711_115309/PMT_27190711_115309_72.root copied
/gpfs/slac/staas/fs1/supercdms/data/CDMS/ANIMAL/R70/Raw/27190711_125332/PMT_27190711_125332_51.root copied
/gpfs/slac/staas/fs1/supercdms/data/CDMS/ANIMAL/R70/Raw/27190711_155539/PMT_27190711_155539_32.root copied
/gpfs/slac/staas/fs1/supercdms/data/CDMS/ANIMAL/R70/Raw/27190711_165710/PMT_27190711_165710_28.root copied
/gpfs/slac/staas/fs1/supercdms/data/CDMS/ANIMAL/R70/Raw/27190711_210305/PMT_27190711_210305_54.root copied
/gpfs/slac/staas/fs1/supercdms/data/CDMS/ANIMAL/R70/Raw/27190711_155539/PMT_27190711_155539_46.root copied
/gpfs/slac/staas/fs1/supercdms/data/CDMS/ANIMAL/R70/Raw/27190711_135451/PMT_27190711_135451_19.root copied
/gpfs/slac/staas/fs1/supercdms/data/CDMS/ANIMAL/R70/Raw/27190711_200227/PMT_27190711_200227_73.root copied
/gpfs/slac/staas/fs1/supercdms/data/CDMS/ANIMAL/R70/Raw/27190711_175732/PMT_27190711_175732_62.root copied
/gpfs/slac/staas/fs1/supercdms/data/CDMS/ANIMAL/R70/Raw/27190711_125332/PMT_27190711_125332_29.root copied
/gpfs/slac/staas/fs1/supercdms/data/CDMS/ANIMAL/R70/Raw/27190711_115309/PMT_27190711_115309_1.root copied
/gpfs/slac/staas/fs1/supercdms/data/CDMS/ANIMAL/R70/Raw/27190711_220357/PMT_27190711_220357_28.root copied
/gpfs/slac/staas/fs1/supercdms/data/CDMS/ANIMAL/R70/Raw/27190711_165710/PMT_27190711_165710_53.root copied
/gpfs/slac/staas/fs1/supercdms/data/CDMS/ANIMAL/R70/Raw/27190711_175732/PMT_27190711_175732_74.root copied
/gpfs/slac/staas/fs1/supercdms/data/CDMS/ANIMAL/R70/Raw/27190711_165710/PMT_27190711_165710_55.root copied
/gpfs/slac/staas/fs1/supercdms/data/CDMS/ANIMAL/R70/Raw/27190711_190010/PMT_27190711_190010_59.root copied
/gpfs/slac/staas/fs1/supercdms/data/CDMS/ANIMAL/R70/Raw/27190711_210305/PMT_27190711_210305_46.root copied
/gpfs/slac/staas/fs1/supercdms/data/CDMS/ANIMAL/R70/Raw/27190711_190010/PMT_27190711_190010_26.root copied
/gpfs/slac/staas/fs1/supercdms/data/CDMS/ANIMAL/R70/Raw/27190711_115309/PMT_27190711_115309_5.root copied
/gpfs/slac/staas/fs1/supercdms/data/CDMS/ANIMAL/R70/Raw/27190711_220357/PMT_27190711_220357_21.root copied
/gpfs/slac/staas/fs1/supercdms/data/CDMS/ANIMAL/R70/Raw/27190711_190010/PMT_27190711_190010_27.root copied
/gpfs/slac/staas/fs1/supercdms/data/CDMS/ANIMAL/R70/Raw/27190711_190010/PMT_27190711_190010_56.root copied
/gpfs/slac/staas/fs1/supercdms/data/CDMS/ANIMAL/R70/Raw/27190711_190010/PMT_27190711_190010_69.root copied
/gpfs/slac/staas/fs1/supercdms/data/CDMS/ANIMAL/R70/Raw/27190711_125332/PMT_27190711_125332_59.root copied
/gpfs/slac/staas/fs1/supercdms/data/CDMS/ANIMAL/R70/Raw/27190711_135451/PMT_27190711_135451_51.root copied
/gpfs/slac/staas/fs1/supercdms/data/CDMS/ANIMAL/R70/Raw/27190711_175732/PMT_27190711_175732_61.root copied
/gpfs/slac/staas/fs1/supercdms/data/CDMS/ANIMAL/R70/Raw/27190711_115309/PMT_27190711_115309_8.root copied
/gpfs/slac/staas/fs1/supercdms/data/CDMS/ANIMAL/R70/Raw/27190711_200227/PMT_27190711_200227_28.root copied
/gpfs/slac/staas/fs1/supercdms/data/CDMS/ANIMAL/R70/Raw/27190711_145524/PMT_27190711_145524_73.root copied
/gpfs/slac/staas/fs1/supercdms/data/CDMS/ANIMAL/R70/Raw/27190711_175732/PMT_27190711_175732_70.root copied
/gpfs/slac/staas/fs1/supercdms/data/CDMS/ANIMAL/R70/Raw/27190711_200227/PMT_27190711_200227_3.root copied
/gpfs/slac/staas/fs1/supercdms/data/CDMS/ANIMAL/R70/Raw/27190711_175732/PMT_27190711_175732_8.root copied
/gpfs/slac/staas/fs1/supercdms/data/CDMS/ANIMAL/R70/Raw/27190711_175732/PMT_27190711_175732_71.root copied
/gpfs/slac/staas/fs1/supercdms/data/CDMS/ANIMAL/R70/Raw/27190711_175732/PMT_27190711_175732_72.root copied
/gpfs/slac/staas/fs1/supercdms/data/CDMS/ANIMAL/R70/Raw/27190711_115309/PMT_27190711_115309_47.root copied
/gpfs/slac/staas/fs1/supercdms/data/CDMS/ANIMAL/R70/Raw/27190711_125332/PMT_27190711_125332_41.root copied
/gpfs/slac/staas/fs1/supercdms/data/CDMS/ANIMAL/R70/Raw/27190711_190010/PMT_27190711_190010_4.root copied
/gpfs/slac/staas/fs1/supercdms/data/CDMS/ANIMAL/R70/Raw/27190711_165710/PMT_27190711_165710-conf.root copied
/gpfs/slac/staas/fs1/supercdms/data/CDMS/ANIMAL/R70/Raw/27190711_210305/PMT_27190711_210305_51.root copied
/gpfs/slac/staas/fs1/supercdms/data/CDMS/ANIMAL/R70/Raw/27190711_155539/PMT_27190711_155539_60.root copied
/gpfs/slac/staas/fs1/supercdms/data/CDMS/ANIMAL/R70/Raw/27190711_125332/PMT_27190711_125332_43.root copied
/gpfs/slac/staas/fs1/supercdms/data/CDMS/ANIMAL/R70/Raw/27190711_145524/PMT_27190711_145524_49.root copied
/gpfs/slac/staas/fs1/supercdms/data/CDMS/ANIMAL/R70/Raw/27190711_135451/PMT_27190711_135451_65.root copied
/gpfs/slac/staas/fs1/supercdms/data/CDMS/ANIMAL/R70/Raw/27190711_190010/PMT_27190711_190010_14.root copied
/gpfs/slac/staas/fs1/supercdms/data/CDMS/ANIMAL/R70/Raw/27190711_155539/PMT_27190711_155539_37.root copied
/gpfs/slac/staas/fs1/supercdms/data/CDMS/ANIMAL/R70/Raw/27190711_145524/PMT_27190711_145524_1.root copied
/gpfs/slac/staas/fs1/supercdms/data/CDMS/ANIMAL/R70/Raw/27190711_145524/PMT_27190711_145524_22.root copied
/gpfs/slac/staas/fs1/supercdms/data/CDMS/ANIMAL/R70/Raw/27190711_135451/PMT_27190711_135451_24.root copied
/gpfs/slac/staas/fs1/supercdms/data/CDMS/ANIMAL/R70/Raw/27190711_220357/PMT_27190711_220357_31.root copied
/gpfs/slac/staas/fs1/supercdms/data/CDMS/ANIMAL/R70/Raw/27190711_115309/PMT_27190711_115309_25.root copied
/gpfs/slac/staas/fs1/supercdms/data/CDMS/ANIMAL/R70/Raw/27190711_175732/PMT_27190711_175732_56.root copied
/gpfs/slac/staas/fs1/supercdms/data/CDMS/ANIMAL/R70/Raw/27190711_190010/PMT_27190711_190010_77.root copied
/gpfs/slac/staas/fs1/supercdms/data/CDMS/ANIMAL/R70/Raw/27190711_145524/PMT_27190711_145524_44.root copied
/gpfs/slac/staas/fs1/supercdms/data/CDMS/ANIMAL/R70/Raw/27190711_175732/PMT_27190711_175732_54.root copied
/gpfs/slac/staas/fs1/supercdms/data/CDMS/ANIMAL/R70/Raw/27190711_175732/PMT_27190711_175732_29.root copied
/gpfs/slac/staas/fs1/supercdms/data/CDMS/ANIMAL/R70/Raw/27190711_165710/PMT_27190711_165710_58.root copied
/gpfs/slac/staas/fs1/supercdms/data/CDMS/ANIMAL/R70/Raw/27190711_155539/PMT_27190711_155539_3.root copied
/gpfs/slac/staas/fs1/supercdms/data/CDMS/ANIMAL/R70/Raw/27190711_200227/PMT_27190711_200227_50.root copied
/gpfs/slac/staas/fs1/supercdms/data/CDMS/ANIMAL/R70/Raw/27190711_165710/PMT_27190711_165710_14.root copied
/gpfs/slac/staas/fs1/supercdms/data/CDMS/ANIMAL/R70/Raw/27190711_200227/PMT_27190711_200227_27.root copied
/gpfs/slac/staas/fs1/supercdms/data/CDMS/ANIMAL/R70/Raw/27190711_190010/PMT_27190711_190010_72.root copied
/gpfs/slac/staas/fs1/supercdms/data/CDMS/ANIMAL/R70/Raw/27190711_155539/PMT_27190711_155539_5.root copied
/gpfs/slac/staas/fs1/supercdms/data/CDMS/ANIMAL/R70/Raw/27190711_125332/PMT_27190711_125332_66.root copied
/gpfs/slac/staas/fs1/supercdms/data/CDMS/ANIMAL/R70/Raw/27190711_210305/PMT_27190711_210305_11.root copied
/gpfs/slac/staas/fs1/supercdms/data/CDMS/ANIMAL/R70/Raw/27190711_115309/PMT_27190711_115309_79.root copied
/gpfs/slac/staas/fs1/supercdms/data/CDMS/ANIMAL/R70/Raw/27190711_155539/PMT_27190711_155539_48.root copied
/gpfs/slac/staas/fs1/supercdms/data/CDMS/ANIMAL/R70/Raw/27190711_135451/PMT_27190711_135451_71.root copied
/gpfs/slac/staas/fs1/supercdms/data/CDMS/ANIMAL/R70/Raw/27190711_190010/PMT_27190711_190010_30.root copied
/gpfs/slac/staas/fs1/supercdms/data/CDMS/ANIMAL/R70/Raw/27190711_175732/PMT_27190711_175732_40.root copied
/gpfs/slac/staas/fs1/supercdms/data/CDMS/ANIMAL/R70/Raw/27190711_115309/PMT_27190711_115309_74.root copied
/gpfs/slac/staas/fs1/supercdms/data/CDMS/ANIMAL/R70/Raw/27190711_104116/PMT_27190711_104116_1.root copied
/gpfs/slac/staas/fs1/supercdms/data/CDMS/ANIMAL/R70/Raw/27190711_190010/PMT_27190711_190010_18.root copied
/gpfs/slac/staas/fs1/supercdms/data/CDMS/ANIMAL/R70/Raw/27190711_190010/PMT_27190711_190010_60.root copied
/gpfs/slac/staas/fs1/supercdms/data/CDMS/ANIMAL/R70/Raw/27190711_190010/PMT_27190711_190010-conf.root copied
/gpfs/slac/staas/fs1/supercdms/data/CDMS/ANIMAL/R70/Raw/27190711_190010/PMT_27190711_190010_51.root copied
/gpfs/slac/staas/fs1/supercdms/data/CDMS/ANIMAL/R70/Raw/27190711_210305/PMT_27190711_210305_58.root copied
/gpfs/slac/staas/fs1/supercdms/data/CDMS/ANIMAL/R70/Raw/27190711_155539/PMT_27190711_155539_67.root copied
/gpfs/slac/staas/fs1/supercdms/data/CDMS/ANIMAL/R70/Raw/27190711_200227/PMT_27190711_200227_65.root copied
/gpfs/slac/staas/fs1/supercdms/data/CDMS/ANIMAL/R70/Raw/27190711_115309/PMT_27190711_115309_46.root copied
/gpfs/slac/staas/fs1/supercdms/data/CDMS/ANIMAL/R70/Raw/27190711_210305/PMT_27190711_210305_10.root copied
/gpfs/slac/staas/fs1/supercdms/data/CDMS/ANIMAL/R70/Raw/27190711_190010/PMT_27190711_190010_67.root copied
/gpfs/slac/staas/fs1/supercdms/data/CDMS/ANIMAL/R70/Raw/27190711_135451/PMT_27190711_135451_5.root copied
/gpfs/slac/staas/fs1/supercdms/data/CDMS/ANIMAL/R70/Raw/27190711_210305/PMT_27190711_210305_5.root copied
/gpfs/slac/staas/fs1/supercdms/data/CDMS/ANIMAL/R70/Raw/27190711_220357/PMT_27190711_220357_24.root copied
/gpfs/slac/staas/fs1/supercdms/data/CDMS/ANIMAL/R70/Raw/27190711_210305/PMT_27190711_210305_43.root copied
/gpfs/slac/staas/fs1/supercdms/data/CDMS/ANIMAL/R70/Raw/27190711_135451/PMT_27190711_135451_27.root copied
/gpfs/slac/staas/fs1/supercdms/data/CDMS/ANIMAL/R70/Raw/27190711_175732/PMT_27190711_175732_18.root copied
/gpfs/slac/staas/fs1/supercdms/data/CDMS/ANIMAL/R70/Raw/27190711_155539/PMT_27190711_155539_33.root copied
/gpfs/slac/staas/fs1/supercdms/data/CDMS/ANIMAL/R70/Raw/27190711_135451/PMT_27190711_135451_73.root copied
/gpfs/slac/staas/fs1/supercdms/data/CDMS/ANIMAL/R70/Raw/27190711_125332/PMT_27190711_125332_32.root copied
/gpfs/slac/staas/fs1/supercdms/data/CDMS/ANIMAL/R70/Raw/27190711_200227/PMT_27190711_200227_35.root copied
/gpfs/slac/staas/fs1/supercdms/data/CDMS/ANIMAL/R70/Raw/27190711_210305/PMT_27190711_210305_35.root copied
/gpfs/slac/staas/fs1/supercdms/data/CDMS/ANIMAL/R70/Raw/27190711_145524/PMT_27190711_145524_12.root copied
/gpfs/slac/staas/fs1/supercdms/data/CDMS/ANIMAL/R70/Raw/27190711_165710/PMT_27190711_165710_48.root copied
/gpfs/slac/staas/fs1/supercdms/data/CDMS/ANIMAL/R70/Raw/27190711_125332/PMT_27190711_125332_69.root copied
/gpfs/slac/staas/fs1/supercdms/data/CDMS/ANIMAL/R70/Raw/27190711_155539/PMT_27190711_155539_35.root copied
/gpfs/slac/staas/fs1/supercdms/data/CDMS/ANIMAL/R70/Raw/27190711_145524/PMT_27190711_145524_70.root copied
/gpfs/slac/staas/fs1/supercdms/data/CDMS/ANIMAL/R70/Raw/27190711_115309/PMT_27190711_115309_56.root copied
/gpfs/slac/staas/fs1/supercdms/data/CDMS/ANIMAL/R70/Raw/27190711_210305/PMT_27190711_210305_60.root copied
/gpfs/slac/staas/fs1/supercdms/data/CDMS/ANIMAL/R70/Raw/27190711_190010/PMT_27190711_190010_47.root copied
/gpfs/slac/staas/fs1/supercdms/data/CDMS/ANIMAL/R70/Raw/27190711_175732/PMT_27190711_175732_3.root copied
/gpfs/slac/staas/fs1/supercdms/data/CDMS/ANIMAL/R70/Raw/27190711_135451/PMT_27190711_135451_52.root copied
/gpfs/slac/staas/fs1/supercdms/data/CDMS/ANIMAL/R70/Raw/27190711_165710/PMT_27190711_165710_22.root copied
/gpfs/slac/staas/fs1/supercdms/data/CDMS/ANIMAL/R70/Raw/27190711_155539/PMT_27190711_155539_76.root copied
/gpfs/slac/staas/fs1/supercdms/data/CDMS/ANIMAL/R70/Raw/27190711_220357/PMT_27190711_220357_6.root copied
/gpfs/slac/staas/fs1/supercdms/data/CDMS/ANIMAL/R70/Raw/27190711_145524/PMT_27190711_145524_35.root copied
/gpfs/slac/staas/fs1/supercdms/data/CDMS/ANIMAL/R70/Raw/27190711_135451/PMT_27190711_135451_20.root copied
/gpfs/slac/staas/fs1/supercdms/data/CDMS/ANIMAL/R70/Raw/27190711_200227/PMT_27190711_200227_48.root copied
/gpfs/slac/staas/fs1/supercdms/data/CDMS/ANIMAL/R70/Raw/27190711_210305/PMT_27190711_210305-conf.root copied
/gpfs/slac/staas/fs1/supercdms/data/CDMS/ANIMAL/R70/Raw/27190711_155539/PMT_27190711_155539_36.root copied
/gpfs/slac/staas/fs1/supercdms/data/CDMS/ANIMAL/R70/Raw/27190711_155539/PMT_27190711_155539_54.root copied
/gpfs/slac/staas/fs1/supercdms/data/CDMS/ANIMAL/R70/Raw/27190711_125332/PMT_27190711_125332_63.root copied
/gpfs/slac/staas/fs1/supercdms/data/CDMS/ANIMAL/R70/Raw/27190711_125332/PMT_27190711_125332_47.root copied
/gpfs/slac/staas/fs1/supercdms/data/CDMS/ANIMAL/R70/Raw/27190711_135451/PMT_27190711_135451_39.root copied
/gpfs/slac/staas/fs1/supercdms/data/CDMS/ANIMAL/R70/Raw/27190711_210305/PMT_27190711_210305_29.root copied
/gpfs/slac/staas/fs1/supercdms/data/CDMS/ANIMAL/R70/Raw/27190711_155539/PMT_27190711_155539_4.root copied
/gpfs/slac/staas/fs1/supercdms/data/CDMS/ANIMAL/R70/Raw/27190711_155539/PMT_27190711_155539_77.root copied
/gpfs/slac/staas/fs1/supercdms/data/CDMS/ANIMAL/R70/Raw/27190711_175732/PMT_27190711_175732_79.root copied
/gpfs/slac/staas/fs1/supercdms/data/CDMS/ANIMAL/R70/Raw/27190711_145524/PMT_27190711_145524_10.root copied
/gpfs/slac/staas/fs1/supercdms/data/CDMS/ANIMAL/R70/Raw/27190711_125332/PMT_27190711_125332_13.root copied
/gpfs/slac/staas/fs1/supercdms/data/CDMS/ANIMAL/R70/Raw/27190711_165710/PMT_27190711_165710_5.root copied
/gpfs/slac/staas/fs1/supercdms/data/CDMS/ANIMAL/R70/Raw/27190711_155539/PMT_27190711_155539_53.root copied
/gpfs/slac/staas/fs1/supercdms/data/CDMS/ANIMAL/R70/Raw/27190711_115309/PMT_27190711_115309_19.root copied
/gpfs/slac/staas/fs1/supercdms/data/CDMS/ANIMAL/R70/Raw/27190711_200227/PMT_27190711_200227_20.root copied
/gpfs/slac/staas/fs1/supercdms/data/CDMS/ANIMAL/R70/Raw/27190711_210305/PMT_27190711_210305_36.root copied
/gpfs/slac/staas/fs1/supercdms/data/CDMS/ANIMAL/R70/Raw/27190711_115309/PMT_27190711_115309_36.root copied
/gpfs/slac/staas/fs1/supercdms/data/CDMS/ANIMAL/R70/Raw/27190711_135451/PMT_27190711_135451_64.root copied
/gpfs/slac/staas/fs1/supercdms/data/CDMS/ANIMAL/R70/Raw/27190711_210305/PMT_27190711_210305_50.root copied
/gpfs/slac/staas/fs1/supercdms/data/CDMS/ANIMAL/R70/Raw/27190711_220357/PMT_27190711_220357_15.root copied
/gpfs/slac/staas/fs1/supercdms/data/CDMS/ANIMAL/R70/Raw/27190711_210305/PMT_27190711_210305_34.root copied
/gpfs/slac/staas/fs1/supercdms/data/CDMS/ANIMAL/R70/Raw/27190711_165710/PMT_27190711_165710_34.root copied
/gpfs/slac/staas/fs1/supercdms/data/CDMS/ANIMAL/R70/Raw/27190711_190010/PMT_27190711_190010_78.root copied
/gpfs/slac/staas/fs1/supercdms/data/CDMS/ANIMAL/R70/Raw/27190711_220357/PMT_27190711_220357_29.root copied
/gpfs/slac/staas/fs1/supercdms/data/CDMS/ANIMAL/R70/Raw/27190711_115309/PMT_27190711_115309_61.root copied
/gpfs/slac/staas/fs1/supercdms/data/CDMS/ANIMAL/R70/Raw/27190711_135451/PMT_27190711_135451_78.root copied
27190719_141513 didnt exist, now it does
/gpfs/slac/staas/fs1/supercdms/data/CDMS/ANIMAL/R70/Raw/27190719_141513/PMT_27190719_141513_69.root copied
/gpfs/slac/staas/fs1/supercdms/data/CDMS/ANIMAL/R70/Raw/27190719_172135/PMT_27190719_172135_56.root copied
27190719_131458 didnt exist, now it does
/gpfs/slac/staas/fs1/supercdms/data/CDMS/ANIMAL/R70/Raw/27190719_131458/PMT_27190719_131458_30.root copied
/gpfs/slac/staas/fs1/supercdms/data/CDMS/ANIMAL/R70/Raw/27190719_141513/PMT_27190719_141513_10.root copied
27190719_182145 didnt exist, now it does
/gpfs/slac/staas/fs1/supercdms/data/CDMS/ANIMAL/R70/Raw/27190719_182145/PMT_27190719_182145_6.root copied
27190719_151926 didnt exist, now it does
/gpfs/slac/staas/fs1/supercdms/data/CDMS/ANIMAL/R70/Raw/27190719_151926/PMT_27190719_151926_47.root copied
/gpfs/slac/staas/fs1/supercdms/data/CDMS/ANIMAL/R70/Raw/27190719_212445/PMT_27190719_212445_49.root copied
/gpfs/slac/staas/fs1/supercdms/data/CDMS/ANIMAL/R70/Raw/27190719_182145/PMT_27190719_182145_44.root copied
/gpfs/slac/staas/fs1/supercdms/data/CDMS/ANIMAL/R70/Raw/27190719_151926/PMT_27190719_151926_49.root copied
27190719_192156 didnt exist, now it does
/gpfs/slac/staas/fs1/supercdms/data/CDMS/ANIMAL/R70/Raw/27190719_192156/PMT_27190719_192156_7.root copied
/gpfs/slac/staas/fs1/supercdms/data/CDMS/ANIMAL/R70/Raw/27190719_151926/PMT_27190719_151926-conf.root copied
/gpfs/slac/staas/fs1/supercdms/data/CDMS/ANIMAL/R70/Raw/27190719_172135/PMT_27190719_172135_7.root copied
/gpfs/slac/staas/fs1/supercdms/data/CDMS/ANIMAL/R70/Raw/27190719_141513/PMT_27190719_141513_78.root copied
/gpfs/slac/staas/fs1/supercdms/data/CDMS/ANIMAL/R70/Raw/27190719_131458/PMT_27190719_131458_9.root copied
/gpfs/slac/staas/fs1/supercdms/data/CDMS/ANIMAL/R70/Raw/27190719_131458/PMT_27190719_131458_45.root copied
/gpfs/slac/staas/fs1/supercdms/data/CDMS/ANIMAL/R70/Raw/27190719_212445/PMT_27190719_212445_27.root copied
/gpfs/slac/staas/fs1/supercdms/data/CDMS/ANIMAL/R70/Raw/27190719_172135/PMT_27190719_172135_72.root copied
/gpfs/slac/staas/fs1/supercdms/data/CDMS/ANIMAL/R70/Raw/27190719_192156/PMT_27190719_192156_63.root copied
/gpfs/slac/staas/fs1/supercdms/data/CDMS/ANIMAL/R70/Raw/27190719_131458/PMT_27190719_131458_38.root copied
27190719_202209 didnt exist, now it does
/gpfs/slac/staas/fs1/supercdms/data/CDMS/ANIMAL/R70/Raw/27190719_202209/PMT_27190719_202209_69.root copied
27190719_162113 didnt exist, now it does
/gpfs/slac/staas/fs1/supercdms/data/CDMS/ANIMAL/R70/Raw/27190719_162113/PMT_27190719_162113_12.root copied
/gpfs/slac/staas/fs1/supercdms/data/CDMS/ANIMAL/R70/Raw/27190719_182145/PMT_27190719_182145_27.root copied
27190719_222600 didnt exist, now it does
/gpfs/slac/staas/fs1/supercdms/data/CDMS/ANIMAL/R70/Raw/27190719_222600/PMT_27190719_222600_20.root copied
/gpfs/slac/staas/fs1/supercdms/data/CDMS/ANIMAL/R70/Raw/27190719_141513/PMT_27190719_141513_6.root copied
/gpfs/slac/staas/fs1/supercdms/data/CDMS/ANIMAL/R70/Raw/27190719_212445/PMT_27190719_212445_43.root copied
/gpfs/slac/staas/fs1/supercdms/data/CDMS/ANIMAL/R70/Raw/27190719_131458/PMT_27190719_131458_2.root copied
/gpfs/slac/staas/fs1/supercdms/data/CDMS/ANIMAL/R70/Raw/27190719_202209/PMT_27190719_202209_8.root copied
/gpfs/slac/staas/fs1/supercdms/data/CDMS/ANIMAL/R70/Raw/27190719_141513/PMT_27190719_141513_13.root copied
/gpfs/slac/staas/fs1/supercdms/data/CDMS/ANIMAL/R70/Raw/27190719_162113/PMT_27190719_162113_15.root copied
/gpfs/slac/staas/fs1/supercdms/data/CDMS/ANIMAL/R70/Raw/27190719_172135/PMT_27190719_172135_12.root copied
/gpfs/slac/staas/fs1/supercdms/data/CDMS/ANIMAL/R70/Raw/27190719_212445/PMT_27190719_212445_54.root copied
/gpfs/slac/staas/fs1/supercdms/data/CDMS/ANIMAL/R70/Raw/27190719_172135/PMT_27190719_172135_71.root copied
/gpfs/slac/staas/fs1/supercdms/data/CDMS/ANIMAL/R70/Raw/27190719_182145/PMT_27190719_182145_58.root copied
/gpfs/slac/staas/fs1/supercdms/data/CDMS/ANIMAL/R70/Raw/27190719_202209/PMT_27190719_202209_63.root copied
/gpfs/slac/staas/fs1/supercdms/data/CDMS/ANIMAL/R70/Raw/27190719_182145/PMT_27190719_182145_71.root copied
/gpfs/slac/staas/fs1/supercdms/data/CDMS/ANIMAL/R70/Raw/27190719_162113/PMT_27190719_162113_28.root copied
/gpfs/slac/staas/fs1/supercdms/data/CDMS/ANIMAL/R70/Raw/27190719_162113/PMT_27190719_162113_48.root copied
/gpfs/slac/staas/fs1/supercdms/data/CDMS/ANIMAL/R70/Raw/27190719_192156/PMT_27190719_192156_35.root copied
/gpfs/slac/staas/fs1/supercdms/data/CDMS/ANIMAL/R70/Raw/27190719_172135/PMT_27190719_172135_3.root copied
/gpfs/slac/staas/fs1/supercdms/data/CDMS/ANIMAL/R70/Raw/27190719_172135/PMT_27190719_172135_23.root copied
/gpfs/slac/staas/fs1/supercdms/data/CDMS/ANIMAL/R70/Raw/27190719_182145/PMT_27190719_182145_48.root copied
/gpfs/slac/staas/fs1/supercdms/data/CDMS/ANIMAL/R70/Raw/27190719_212445/PMT_27190719_212445_8.root copied
/gpfs/slac/staas/fs1/supercdms/data/CDMS/ANIMAL/R70/Raw/27190719_202209/PMT_27190719_202209_57.root copied
/gpfs/slac/staas/fs1/supercdms/data/CDMS/ANIMAL/R70/Raw/27190719_182145/PMT_27190719_182145_7.root copied
/gpfs/slac/staas/fs1/supercdms/data/CDMS/ANIMAL/R70/Raw/27190719_151926/PMT_27190719_151926_25.root copied
/gpfs/slac/staas/fs1/supercdms/data/CDMS/ANIMAL/R70/Raw/27190719_172135/PMT_27190719_172135_60.root copied
/gpfs/slac/staas/fs1/supercdms/data/CDMS/ANIMAL/R70/Raw/27190719_141513/PMT_27190719_141513_4.root copied
/gpfs/slac/staas/fs1/supercdms/data/CDMS/ANIMAL/R70/Raw/27190719_192156/PMT_27190719_192156_18.root copied
/gpfs/slac/staas/fs1/supercdms/data/CDMS/ANIMAL/R70/Raw/27190719_131458/PMT_27190719_131458_39.root copied
/gpfs/slac/staas/fs1/supercdms/data/CDMS/ANIMAL/R70/Raw/27190719_212445/PMT_27190719_212445_6.root copied
/gpfs/slac/staas/fs1/supercdms/data/CDMS/ANIMAL/R70/Raw/27190719_222600/PMT_27190719_222600_13.root copied
/gpfs/slac/staas/fs1/supercdms/data/CDMS/ANIMAL/R70/Raw/27190719_192156/PMT_27190719_192156_42.root copied
/gpfs/slac/staas/fs1/supercdms/data/CDMS/ANIMAL/R70/Raw/27190719_212445/PMT_27190719_212445_28.root copied
/gpfs/slac/staas/fs1/supercdms/data/CDMS/ANIMAL/R70/Raw/27190719_182145/PMT_27190719_182145_22.root copied
/gpfs/slac/staas/fs1/supercdms/data/CDMS/ANIMAL/R70/Raw/27190719_192156/PMT_27190719_192156_45.root copied
/gpfs/slac/staas/fs1/supercdms/data/CDMS/ANIMAL/R70/Raw/27190719_192156/PMT_27190719_192156_48.root copied
/gpfs/slac/staas/fs1/supercdms/data/CDMS/ANIMAL/R70/Raw/27190719_202209/PMT_27190719_202209_66.root copied
/gpfs/slac/staas/fs1/supercdms/data/CDMS/ANIMAL/R70/Raw/27190719_222600/PMT_27190719_222600_54.root copied
/gpfs/slac/staas/fs1/supercdms/data/CDMS/ANIMAL/R70/Raw/27190719_131458/PMT_27190719_131458_77.root copied
/gpfs/slac/staas/fs1/supercdms/data/CDMS/ANIMAL/R70/Raw/27190719_162113/PMT_27190719_162113_41.root copied
/gpfs/slac/staas/fs1/supercdms/data/CDMS/ANIMAL/R70/Raw/27190719_131458/PMT_27190719_131458_75.root copied
/gpfs/slac/staas/fs1/supercdms/data/CDMS/ANIMAL/R70/Raw/27190719_172135/PMT_27190719_172135_63.root copied
/gpfs/slac/staas/fs1/supercdms/data/CDMS/ANIMAL/R70/Raw/27190719_141513/PMT_27190719_141513_47.root copied
/gpfs/slac/staas/fs1/supercdms/data/CDMS/ANIMAL/R70/Raw/27190719_202209/PMT_27190719_202209_67.root copied
/gpfs/slac/staas/fs1/supercdms/data/CDMS/ANIMAL/R70/Raw/27190719_131458/PMT_27190719_131458_24.root copied
/gpfs/slac/staas/fs1/supercdms/data/CDMS/ANIMAL/R70/Raw/27190719_162113/PMT_27190719_162113_30.root copied
/gpfs/slac/staas/fs1/supercdms/data/CDMS/ANIMAL/R70/Raw/27190719_151926/PMT_27190719_151926_40.root copied
/gpfs/slac/staas/fs1/supercdms/data/CDMS/ANIMAL/R70/Raw/27190719_172135/PMT_27190719_172135_4.root copied
/gpfs/slac/staas/fs1/supercdms/data/CDMS/ANIMAL/R70/Raw/27190719_131458/PMT_27190719_131458_13.root copied
/gpfs/slac/staas/fs1/supercdms/data/CDMS/ANIMAL/R70/Raw/27190719_151926/PMT_27190719_151926_22.root copied
/gpfs/slac/staas/fs1/supercdms/data/CDMS/ANIMAL/R70/Raw/27190719_151926/PMT_27190719_151926_16.root copied
/gpfs/slac/staas/fs1/supercdms/data/CDMS/ANIMAL/R70/Raw/27190719_212445/PMT_27190719_212445_56.root copied
/gpfs/slac/staas/fs1/supercdms/data/CDMS/ANIMAL/R70/Raw/27190719_151926/PMT_27190719_151926_52.root copied
/gpfs/slac/staas/fs1/supercdms/data/CDMS/ANIMAL/R70/Raw/27190719_222600/PMT_27190719_222600_51.root copied
/gpfs/slac/staas/fs1/supercdms/data/CDMS/ANIMAL/R70/Raw/27190719_222600/PMT_27190719_222600_28.root copied
/gpfs/slac/staas/fs1/supercdms/data/CDMS/ANIMAL/R70/Raw/27190719_202209/PMT_27190719_202209_49.root copied
/gpfs/slac/staas/fs1/supercdms/data/CDMS/ANIMAL/R70/Raw/27190719_222600/PMT_27190719_222600_24.root copied
/gpfs/slac/staas/fs1/supercdms/data/CDMS/ANIMAL/R70/Raw/27190719_131458/PMT_27190719_131458_62.root copied
/gpfs/slac/staas/fs1/supercdms/data/CDMS/ANIMAL/R70/Raw/27190719_151926/PMT_27190719_151926_44.root copied
/gpfs/slac/staas/fs1/supercdms/data/CDMS/ANIMAL/R70/Raw/27190719_131458/PMT_27190719_131458_33.root copied
/gpfs/slac/staas/fs1/supercdms/data/CDMS/ANIMAL/R70/Raw/27190719_162113/PMT_27190719_162113_70.root copied
/gpfs/slac/staas/fs1/supercdms/data/CDMS/ANIMAL/R70/Raw/27190719_172135/PMT_27190719_172135_36.root copied
/gpfs/slac/staas/fs1/supercdms/data/CDMS/ANIMAL/R70/Raw/27190719_192156/PMT_27190719_192156_52.root copied
/gpfs/slac/staas/fs1/supercdms/data/CDMS/ANIMAL/R70/Raw/27190719_131458/PMT_27190719_131458_63.root copied
/gpfs/slac/staas/fs1/supercdms/data/CDMS/ANIMAL/R70/Raw/27190719_182145/PMT_27190719_182145_63.root copied
/gpfs/slac/staas/fs1/supercdms/data/CDMS/ANIMAL/R70/Raw/27190719_202209/PMT_27190719_202209-conf.root copied
/gpfs/slac/staas/fs1/supercdms/data/CDMS/ANIMAL/R70/Raw/27190719_172135/PMT_27190719_172135_13.root copied
/gpfs/slac/staas/fs1/supercdms/data/CDMS/ANIMAL/R70/Raw/27190719_222600/PMT_27190719_222600_25.root copied
/gpfs/slac/staas/fs1/supercdms/data/CDMS/ANIMAL/R70/Raw/27190719_222600/PMT_27190719_222600_59.root copied
/gpfs/slac/staas/fs1/supercdms/data/CDMS/ANIMAL/R70/Raw/27190719_202209/PMT_27190719_202209_30.root copied
/gpfs/slac/staas/fs1/supercdms/data/CDMS/ANIMAL/R70/Raw/27190719_151926/PMT_27190719_151926_34.root copied
/gpfs/slac/staas/fs1/supercdms/data/CDMS/ANIMAL/R70/Raw/27190719_172135/PMT_27190719_172135_64.root copied
/gpfs/slac/staas/fs1/supercdms/data/CDMS/ANIMAL/R70/Raw/27190719_162113/PMT_27190719_162113_18.root copied
/gpfs/slac/staas/fs1/supercdms/data/CDMS/ANIMAL/R70/Raw/27190719_162113/PMT_27190719_162113_44.root copied
/gpfs/slac/staas/fs1/supercdms/data/CDMS/ANIMAL/R70/Raw/27190719_192156/PMT_27190719_192156_40.root copied
/gpfs/slac/staas/fs1/supercdms/data/CDMS/ANIMAL/R70/Raw/27190719_222600/PMT_27190719_222600_15.root copied
/gpfs/slac/staas/fs1/supercdms/data/CDMS/ANIMAL/R70/Raw/27190719_212445/PMT_27190719_212445_48.root copied
/gpfs/slac/staas/fs1/supercdms/data/CDMS/ANIMAL/R70/Raw/27190719_151926/PMT_27190719_151926_54.root copied
/gpfs/slac/staas/fs1/supercdms/data/CDMS/ANIMAL/R70/Raw/27190719_162113/PMT_27190719_162113_24.root copied
/gpfs/slac/staas/fs1/supercdms/data/CDMS/ANIMAL/R70/Raw/27190719_202209/PMT_27190719_202209_70.root copied
/gpfs/slac/staas/fs1/supercdms/data/CDMS/ANIMAL/R70/Raw/27190719_192156/PMT_27190719_192156_61.root copied
/gpfs/slac/staas/fs1/supercdms/data/CDMS/ANIMAL/R70/Raw/27190719_192156/PMT_27190719_192156_75.root copied
/gpfs/slac/staas/fs1/supercdms/data/CDMS/ANIMAL/R70/Raw/27190719_192156/PMT_27190719_192156_31.root copied
/gpfs/slac/staas/fs1/supercdms/data/CDMS/ANIMAL/R70/Raw/27190719_202209/PMT_27190719_202209_59.root copied
/gpfs/slac/staas/fs1/supercdms/data/CDMS/ANIMAL/R70/Raw/27190719_202209/PMT_27190719_202209_50.root copied
/gpfs/slac/staas/fs1/supercdms/data/CDMS/ANIMAL/R70/Raw/27190719_141513/PMT_27190719_141513_61.root copied
/gpfs/slac/staas/fs1/supercdms/data/CDMS/ANIMAL/R70/Raw/27190719_192156/PMT_27190719_192156_24.root copied
/gpfs/slac/staas/fs1/supercdms/data/CDMS/ANIMAL/R70/Raw/27190719_182145/PMT_27190719_182145_37.root copied
/gpfs/slac/staas/fs1/supercdms/data/CDMS/ANIMAL/R70/Raw/27190719_131458/PMT_27190719_131458_57.root copied
/gpfs/slac/staas/fs1/supercdms/data/CDMS/ANIMAL/R70/Raw/27190719_141513/PMT_27190719_141513_23.root copied
/gpfs/slac/staas/fs1/supercdms/data/CDMS/ANIMAL/R70/Raw/27190719_151926/PMT_27190719_151926_61.root copied
/gpfs/slac/staas/fs1/supercdms/data/CDMS/ANIMAL/R70/Raw/27190719_162113/PMT_27190719_162113_49.root copied
/gpfs/slac/staas/fs1/supercdms/data/CDMS/ANIMAL/R70/Raw/27190719_192156/PMT_27190719_192156_80.root copied
/gpfs/slac/staas/fs1/supercdms/data/CDMS/ANIMAL/R70/Raw/27190719_222600/PMT_27190719_222600_22.root copied
/gpfs/slac/staas/fs1/supercdms/data/CDMS/ANIMAL/R70/Raw/27190719_192156/PMT_27190719_192156_62.root copied
/gpfs/slac/staas/fs1/supercdms/data/CDMS/ANIMAL/R70/Raw/27190719_151926/PMT_27190719_151926_65.root copied
/gpfs/slac/staas/fs1/supercdms/data/CDMS/ANIMAL/R70/Raw/27190719_212445/PMT_27190719_212445_72.root copied
/gpfs/slac/staas/fs1/supercdms/data/CDMS/ANIMAL/R70/Raw/27190719_182145/PMT_27190719_182145_61.root copied
/gpfs/slac/staas/fs1/supercdms/data/CDMS/ANIMAL/R70/Raw/27190719_182145/PMT_27190719_182145_2.root copied
/gpfs/slac/staas/fs1/supercdms/data/CDMS/ANIMAL/R70/Raw/27190719_222600/PMT_27190719_222600_33.root copied
/gpfs/slac/staas/fs1/supercdms/data/CDMS/ANIMAL/R70/Raw/27190719_141513/PMT_27190719_141513_65.root copied
/gpfs/slac/staas/fs1/supercdms/data/CDMS/ANIMAL/R70/Raw/27190719_151926/PMT_27190719_151926_48.root copied
/gpfs/slac/staas/fs1/supercdms/data/CDMS/ANIMAL/R70/Raw/27190719_222600/PMT_27190719_222600_30.root copied
/gpfs/slac/staas/fs1/supercdms/data/CDMS/ANIMAL/R70/Raw/27190719_131458/PMT_27190719_131458_42.root copied
/gpfs/slac/staas/fs1/supercdms/data/CDMS/ANIMAL/R70/Raw/27190719_182145/PMT_27190719_182145_32.root copied
/gpfs/slac/staas/fs1/supercdms/data/CDMS/ANIMAL/R70/Raw/27190719_202209/PMT_27190719_202209_32.root copied
/gpfs/slac/staas/fs1/supercdms/data/CDMS/ANIMAL/R70/Raw/27190719_222600/PMT_27190719_222600_19.root copied
/gpfs/slac/staas/fs1/supercdms/data/CDMS/ANIMAL/R70/Raw/27190719_212445/PMT_27190719_212445-conf.root copied
/gpfs/slac/staas/fs1/supercdms/data/CDMS/ANIMAL/R70/Raw/27190719_222600/PMT_27190719_222600_2.root copied
/gpfs/slac/staas/fs1/supercdms/data/CDMS/ANIMAL/R70/Raw/27190719_141513/PMT_27190719_141513_11.root copied
/gpfs/slac/staas/fs1/supercdms/data/CDMS/ANIMAL/R70/Raw/27190719_192156/PMT_27190719_192156_69.root copied
/gpfs/slac/staas/fs1/supercdms/data/CDMS/ANIMAL/R70/Raw/27190719_222600/PMT_27190719_222600_78.root copied
/gpfs/slac/staas/fs1/supercdms/data/CDMS/ANIMAL/R70/Raw/27190719_131458/PMT_27190719_131458_41.root copied
/gpfs/slac/staas/fs1/supercdms/data/CDMS/ANIMAL/R70/Raw/27190719_131458/PMT_27190719_131458_17.root copied
/gpfs/slac/staas/fs1/supercdms/data/CDMS/ANIMAL/R70/Raw/27190719_131458/PMT_27190719_131458_59.root copied
/gpfs/slac/staas/fs1/supercdms/data/CDMS/ANIMAL/R70/Raw/27190719_151926/PMT_27190719_151926_8.root copied
/gpfs/slac/staas/fs1/supercdms/data/CDMS/ANIMAL/R70/Raw/27190719_141513/PMT_27190719_141513_33.root copied
/gpfs/slac/staas/fs1/supercdms/data/CDMS/ANIMAL/R70/Raw/27190719_202209/PMT_27190719_202209_22.root copied
/gpfs/slac/staas/fs1/supercdms/data/CDMS/ANIMAL/R70/Raw/27190719_162113/PMT_27190719_162113_31.root copied
/gpfs/slac/staas/fs1/supercdms/data/CDMS/ANIMAL/R70/Raw/27190719_172135/PMT_27190719_172135_45.root copied
/gpfs/slac/staas/fs1/supercdms/data/CDMS/ANIMAL/R70/Raw/27190719_222600/PMT_27190719_222600_32.root copied
/gpfs/slac/staas/fs1/supercdms/data/CDMS/ANIMAL/R70/Raw/27190719_141513/PMT_27190719_141513_54.root copied
/gpfs/slac/staas/fs1/supercdms/data/CDMS/ANIMAL/R70/Raw/27190719_192156/PMT_27190719_192156_4.root copied
/gpfs/slac/staas/fs1/supercdms/data/CDMS/ANIMAL/R70/Raw/27190719_202209/PMT_27190719_202209_53.root copied
/gpfs/slac/staas/fs1/supercdms/data/CDMS/ANIMAL/R70/Raw/27190719_222600/PMT_27190719_222600_37.root copied
/gpfs/slac/staas/fs1/supercdms/data/CDMS/ANIMAL/R70/Raw/27190719_131458/PMT_27190719_131458_28.root copied
/gpfs/slac/staas/fs1/supercdms/data/CDMS/ANIMAL/R70/Raw/27190719_222600/PMT_27190719_222600_75.root copied
/gpfs/slac/staas/fs1/supercdms/data/CDMS/ANIMAL/R70/Raw/27190719_151926/PMT_27190719_151926_76.root copied
/gpfs/slac/staas/fs1/supercdms/data/CDMS/ANIMAL/R70/Raw/27190719_212445/PMT_27190719_212445_17.root copied
/gpfs/slac/staas/fs1/supercdms/data/CDMS/ANIMAL/R70/Raw/27190719_172135/PMT_27190719_172135_65.root copied
/gpfs/slac/staas/fs1/supercdms/data/CDMS/ANIMAL/R70/Raw/27190719_141513/PMT_27190719_141513_36.root copied
/gpfs/slac/staas/fs1/supercdms/data/CDMS/ANIMAL/R70/Raw/27190719_141513/PMT_27190719_141513_42.root copied
/gpfs/slac/staas/fs1/supercdms/data/CDMS/ANIMAL/R70/Raw/27190719_151926/PMT_27190719_151926_13.root copied
/gpfs/slac/staas/fs1/supercdms/data/CDMS/ANIMAL/R70/Raw/27190719_182145/PMT_27190719_182145_21.root copied
/gpfs/slac/staas/fs1/supercdms/data/CDMS/ANIMAL/R70/Raw/27190719_141513/PMT_27190719_141513_58.root copied
/gpfs/slac/staas/fs1/supercdms/data/CDMS/ANIMAL/R70/Raw/27190719_192156/PMT_27190719_192156_41.root copied
/gpfs/slac/staas/fs1/supercdms/data/CDMS/ANIMAL/R70/Raw/27190719_192156/PMT_27190719_192156_74.root copied
/gpfs/slac/staas/fs1/supercdms/data/CDMS/ANIMAL/R70/Raw/27190719_141513/PMT_27190719_141513_26.root copied
/gpfs/slac/staas/fs1/supercdms/data/CDMS/ANIMAL/R70/Raw/27190719_202209/PMT_27190719_202209_13.root copied
/gpfs/slac/staas/fs1/supercdms/data/CDMS/ANIMAL/R70/Raw/27190719_162113/PMT_27190719_162113_4.root copied
/gpfs/slac/staas/fs1/supercdms/data/CDMS/ANIMAL/R70/Raw/27190719_182145/PMT_27190719_182145_14.root copied
/gpfs/slac/staas/fs1/supercdms/data/CDMS/ANIMAL/R70/Raw/27190719_202209/PMT_27190719_202209_2.root copied
/gpfs/slac/staas/fs1/supercdms/data/CDMS/ANIMAL/R70/Raw/27190719_131458/PMT_27190719_131458_12.root copied
/gpfs/slac/staas/fs1/supercdms/data/CDMS/ANIMAL/R70/Raw/27190719_162113/PMT_27190719_162113_74.root copied
/gpfs/slac/staas/fs1/supercdms/data/CDMS/ANIMAL/R70/Raw/27190719_212445/PMT_27190719_212445_47.root copied
/gpfs/slac/staas/fs1/supercdms/data/CDMS/ANIMAL/R70/Raw/27190719_162113/PMT_27190719_162113_60.root copied
/gpfs/slac/staas/fs1/supercdms/data/CDMS/ANIMAL/R70/Raw/27190719_192156/PMT_27190719_192156_10.root copied
/gpfs/slac/staas/fs1/supercdms/data/CDMS/ANIMAL/R70/Raw/27190719_131458/PMT_27190719_131458_19.root copied
/gpfs/slac/staas/fs1/supercdms/data/CDMS/ANIMAL/R70/Raw/27190719_212445/PMT_27190719_212445_80.root copied
/gpfs/slac/staas/fs1/supercdms/data/CDMS/ANIMAL/R70/Raw/27190719_151926/PMT_27190719_151926_30.root copied
/gpfs/slac/staas/fs1/supercdms/data/CDMS/ANIMAL/R70/Raw/27190719_172135/PMT_27190719_172135_79.root copied
/gpfs/slac/staas/fs1/supercdms/data/CDMS/ANIMAL/R70/Raw/27190719_162113/PMT_27190719_162113_58.root copied
/gpfs/slac/staas/fs1/supercdms/data/CDMS/ANIMAL/R70/Raw/27190719_182145/PMT_27190719_182145_12.root copied
/gpfs/slac/staas/fs1/supercdms/data/CDMS/ANIMAL/R70/Raw/27190719_212445/PMT_27190719_212445_58.root copied
/gpfs/slac/staas/fs1/supercdms/data/CDMS/ANIMAL/R70/Raw/27190719_202209/PMT_27190719_202209_73.root copied
/gpfs/slac/staas/fs1/supercdms/data/CDMS/ANIMAL/R70/Raw/27190719_182145/PMT_27190719_182145_11.root copied
/gpfs/slac/staas/fs1/supercdms/data/CDMS/ANIMAL/R70/Raw/27190719_182145/PMT_27190719_182145_35.root copied
/gpfs/slac/staas/fs1/supercdms/data/CDMS/ANIMAL/R70/Raw/27190719_162113/PMT_27190719_162113_51.root copied
/gpfs/slac/staas/fs1/supercdms/data/CDMS/ANIMAL/R70/Raw/27190719_222600/PMT_27190719_222600_10.root copied
/gpfs/slac/staas/fs1/supercdms/data/CDMS/ANIMAL/R70/Raw/27190719_222600/PMT_27190719_222600_50.root copied
/gpfs/slac/staas/fs1/supercdms/data/CDMS/ANIMAL/R70/Raw/27190719_162113/PMT_27190719_162113_8.root copied
/gpfs/slac/staas/fs1/supercdms/data/CDMS/ANIMAL/R70/Raw/27190719_151926/PMT_27190719_151926_64.root copied
/gpfs/slac/staas/fs1/supercdms/data/CDMS/ANIMAL/R70/Raw/27190719_172135/PMT_27190719_172135_43.root copied
/gpfs/slac/staas/fs1/supercdms/data/CDMS/ANIMAL/R70/Raw/27190719_182145/PMT_27190719_182145_47.root copied
/gpfs/slac/staas/fs1/supercdms/data/CDMS/ANIMAL/R70/Raw/27190719_202209/PMT_27190719_202209_58.root copied
/gpfs/slac/staas/fs1/supercdms/data/CDMS/ANIMAL/R70/Raw/27190719_212445/PMT_27190719_212445_79.root copied
/gpfs/slac/staas/fs1/supercdms/data/CDMS/ANIMAL/R70/Raw/27190719_141513/PMT_27190719_141513_62.root copied
/gpfs/slac/staas/fs1/supercdms/data/CDMS/ANIMAL/R70/Raw/27190719_131458/PMT_27190719_131458_55.root copied
/gpfs/slac/staas/fs1/supercdms/data/CDMS/ANIMAL/R70/Raw/27190719_212445/PMT_27190719_212445_61.root copied
/gpfs/slac/staas/fs1/supercdms/data/CDMS/ANIMAL/R70/Raw/27190719_172135/PMT_27190719_172135_29.root copied
/gpfs/slac/staas/fs1/supercdms/data/CDMS/ANIMAL/R70/Raw/27190719_131458/PMT_27190719_131458_7.root copied
/gpfs/slac/staas/fs1/supercdms/data/CDMS/ANIMAL/R70/Raw/27190719_202209/PMT_27190719_202209_1.root copied
/gpfs/slac/staas/fs1/supercdms/data/CDMS/ANIMAL/R70/Raw/27190719_151926/PMT_27190719_151926_62.root copied
/gpfs/slac/staas/fs1/supercdms/data/CDMS/ANIMAL/R70/Raw/27190719_141513/PMT_27190719_141513_30.root copied
/gpfs/slac/staas/fs1/supercdms/data/CDMS/ANIMAL/R70/Raw/27190719_212445/PMT_27190719_212445_51.root copied
/gpfs/slac/staas/fs1/supercdms/data/CDMS/ANIMAL/R70/Raw/27190719_141513/PMT_27190719_141513_79.root copied
/gpfs/slac/staas/fs1/supercdms/data/CDMS/ANIMAL/R70/Raw/27190719_151926/PMT_27190719_151926_45.root copied
/gpfs/slac/staas/fs1/supercdms/data/CDMS/ANIMAL/R70/Raw/27190719_162113/PMT_27190719_162113_67.root copied
/gpfs/slac/staas/fs1/supercdms/data/CDMS/ANIMAL/R70/Raw/27190719_182145/PMT_27190719_182145_77.root copied
/gpfs/slac/staas/fs1/supercdms/data/CDMS/ANIMAL/R70/Raw/27190719_192156/PMT_27190719_192156_11.root copied
/gpfs/slac/staas/fs1/supercdms/data/CDMS/ANIMAL/R70/Raw/27190719_151926/PMT_27190719_151926_51.root copied
/gpfs/slac/staas/fs1/supercdms/data/CDMS/ANIMAL/R70/Raw/27190719_131458/PMT_27190719_131458_53.root copied
/gpfs/slac/staas/fs1/supercdms/data/CDMS/ANIMAL/R70/Raw/27190719_172135/PMT_27190719_172135_54.root copied
/gpfs/slac/staas/fs1/supercdms/data/CDMS/ANIMAL/R70/Raw/27190719_192156/PMT_27190719_192156_8.root copied
/gpfs/slac/staas/fs1/supercdms/data/CDMS/ANIMAL/R70/Raw/27190719_222600/PMT_27190719_222600_38.root copied
/gpfs/slac/staas/fs1/supercdms/data/CDMS/ANIMAL/R70/Raw/27190719_141513/PMT_27190719_141513_71.root copied
/gpfs/slac/staas/fs1/supercdms/data/CDMS/ANIMAL/R70/Raw/27190719_151926/PMT_27190719_151926_72.root copied
/gpfs/slac/staas/fs1/supercdms/data/CDMS/ANIMAL/R70/Raw/27190719_222600/PMT_27190719_222600_76.root copied
/gpfs/slac/staas/fs1/supercdms/data/CDMS/ANIMAL/R70/Raw/27190719_222600/PMT_27190719_222600_52.root copied
/gpfs/slac/staas/fs1/supercdms/data/CDMS/ANIMAL/R70/Raw/27190719_202209/PMT_27190719_202209_4.root copied
/gpfs/slac/staas/fs1/supercdms/data/CDMS/ANIMAL/R70/Raw/27190719_172135/PMT_27190719_172135_37.root copied
/gpfs/slac/staas/fs1/supercdms/data/CDMS/ANIMAL/R70/Raw/27190719_192156/PMT_27190719_192156_30.root copied
/gpfs/slac/staas/fs1/supercdms/data/CDMS/ANIMAL/R70/Raw/27190719_192156/PMT_27190719_192156_60.root copied
/gpfs/slac/staas/fs1/supercdms/data/CDMS/ANIMAL/R70/Raw/27190719_162113/PMT_27190719_162113_21.root copied
/gpfs/slac/staas/fs1/supercdms/data/CDMS/ANIMAL/R70/Raw/27190719_182145/PMT_27190719_182145_9.root copied
/gpfs/slac/staas/fs1/supercdms/data/CDMS/ANIMAL/R70/Raw/27190719_162113/PMT_27190719_162113_59.root copied
/gpfs/slac/staas/fs1/supercdms/data/CDMS/ANIMAL/R70/Raw/27190719_141513/PMT_27190719_141513_74.root copied
/gpfs/slac/staas/fs1/supercdms/data/CDMS/ANIMAL/R70/Raw/27190719_222600/PMT_27190719_222600_67.root copied
/gpfs/slac/staas/fs1/supercdms/data/CDMS/ANIMAL/R70/Raw/27190719_212445/PMT_27190719_212445_19.root copied
/gpfs/slac/staas/fs1/supercdms/data/CDMS/ANIMAL/R70/Raw/27190719_212445/PMT_27190719_212445_7.root copied
/gpfs/slac/staas/fs1/supercdms/data/CDMS/ANIMAL/R70/Raw/27190719_182145/PMT_27190719_182145_18.root copied
/gpfs/slac/staas/fs1/supercdms/data/CDMS/ANIMAL/R70/Raw/27190719_151926/PMT_27190719_151926_4.root copied
/gpfs/slac/staas/fs1/supercdms/data/CDMS/ANIMAL/R70/Raw/27190719_162113/PMT_27190719_162113_19.root copied
/gpfs/slac/staas/fs1/supercdms/data/CDMS/ANIMAL/R70/Raw/27190719_192156/PMT_27190719_192156_2.root copied
/gpfs/slac/staas/fs1/supercdms/data/CDMS/ANIMAL/R70/Raw/27190719_172135/PMT_27190719_172135_33.root copied
/gpfs/slac/staas/fs1/supercdms/data/CDMS/ANIMAL/R70/Raw/27190719_172135/PMT_27190719_172135_20.root copied
/gpfs/slac/staas/fs1/supercdms/data/CDMS/ANIMAL/R70/Raw/27190719_192156/PMT_27190719_192156_3.root copied
/gpfs/slac/staas/fs1/supercdms/data/CDMS/ANIMAL/R70/Raw/27190719_212445/PMT_27190719_212445_30.root copied
/gpfs/slac/staas/fs1/supercdms/data/CDMS/ANIMAL/R70/Raw/27190719_151926/PMT_27190719_151926_17.root copied
27190719_100344 didnt exist, now it does
/gpfs/slac/staas/fs1/supercdms/data/CDMS/ANIMAL/R70/Raw/27190719_100344/PMT_27190719_100344-conf.root copied
/gpfs/slac/staas/fs1/supercdms/data/CDMS/ANIMAL/R70/Raw/27190719_141513/PMT_27190719_141513_43.root copied
/gpfs/slac/staas/fs1/supercdms/data/CDMS/ANIMAL/R70/Raw/27190719_172135/PMT_27190719_172135_14.root copied
/gpfs/slac/staas/fs1/supercdms/data/CDMS/ANIMAL/R70/Raw/27190719_172135/PMT_27190719_172135_6.root copied
/gpfs/slac/staas/fs1/supercdms/data/CDMS/ANIMAL/R70/Raw/27190719_202209/PMT_27190719_202209_23.root copied
/gpfs/slac/staas/fs1/supercdms/data/CDMS/ANIMAL/R70/Raw/27190719_182145/PMT_27190719_182145_39.root copied
/gpfs/slac/staas/fs1/supercdms/data/CDMS/ANIMAL/R70/Raw/27190719_172135/PMT_27190719_172135_10.root copied
/gpfs/slac/staas/fs1/supercdms/data/CDMS/ANIMAL/R70/Raw/27190719_212445/PMT_27190719_212445_53.root copied
/gpfs/slac/staas/fs1/supercdms/data/CDMS/ANIMAL/R70/Raw/27190719_141513/PMT_27190719_141513_27.root copied
/gpfs/slac/staas/fs1/supercdms/data/CDMS/ANIMAL/R70/Raw/27190719_182145/PMT_27190719_182145_62.root copied
/gpfs/slac/staas/fs1/supercdms/data/CDMS/ANIMAL/R70/Raw/27190719_162113/PMT_27190719_162113_3.root copied
/gpfs/slac/staas/fs1/supercdms/data/CDMS/ANIMAL/R70/Raw/27190719_202209/PMT_27190719_202209_35.root copied
/gpfs/slac/staas/fs1/supercdms/data/CDMS/ANIMAL/R70/Raw/27190719_131458/PMT_27190719_131458_58.root copied
/gpfs/slac/staas/fs1/supercdms/data/CDMS/ANIMAL/R70/Raw/27190719_222600/PMT_27190719_222600_1.root copied
/gpfs/slac/staas/fs1/supercdms/data/CDMS/ANIMAL/R70/Raw/27190719_202209/PMT_27190719_202209_54.root copied
/gpfs/slac/staas/fs1/supercdms/data/CDMS/ANIMAL/R70/Raw/27190719_172135/PMT_27190719_172135_11.root copied
/gpfs/slac/staas/fs1/supercdms/data/CDMS/ANIMAL/R70/Raw/27190719_172135/PMT_27190719_172135-conf.root copied
/gpfs/slac/staas/fs1/supercdms/data/CDMS/ANIMAL/R70/Raw/27190719_182145/PMT_27190719_182145_20.root copied
/gpfs/slac/staas/fs1/supercdms/data/CDMS/ANIMAL/R70/Raw/27190719_212445/PMT_27190719_212445_41.root copied
/gpfs/slac/staas/fs1/supercdms/data/CDMS/ANIMAL/R70/Raw/27190719_131458/PMT_27190719_131458_35.root copied
/gpfs/slac/staas/fs1/supercdms/data/CDMS/ANIMAL/R70/Raw/27190719_212445/PMT_27190719_212445_44.root copied
/gpfs/slac/staas/fs1/supercdms/data/CDMS/ANIMAL/R70/Raw/27190719_131458/PMT_27190719_131458_22.root copied
/gpfs/slac/staas/fs1/supercdms/data/CDMS/ANIMAL/R70/Raw/27190719_151926/PMT_27190719_151926_41.root copied
/gpfs/slac/staas/fs1/supercdms/data/CDMS/ANIMAL/R70/Raw/27190719_151926/PMT_27190719_151926_67.root copied
/gpfs/slac/staas/fs1/supercdms/data/CDMS/ANIMAL/R70/Raw/27190719_172135/PMT_27190719_172135_70.root copied
/gpfs/slac/staas/fs1/supercdms/data/CDMS/ANIMAL/R70/Raw/27190719_162113/PMT_27190719_162113_79.root copied
/gpfs/slac/staas/fs1/supercdms/data/CDMS/ANIMAL/R70/Raw/27190719_141513/PMT_27190719_141513_9.root copied
/gpfs/slac/staas/fs1/supercdms/data/CDMS/ANIMAL/R70/Raw/27190719_172135/PMT_27190719_172135_31.root copied
/gpfs/slac/staas/fs1/supercdms/data/CDMS/ANIMAL/R70/Raw/27190719_162113/PMT_27190719_162113_68.root copied
/gpfs/slac/staas/fs1/supercdms/data/CDMS/ANIMAL/R70/Raw/27190719_151926/PMT_27190719_151926_7.root copied
/gpfs/slac/staas/fs1/supercdms/data/CDMS/ANIMAL/R70/Raw/27190719_202209/PMT_27190719_202209_33.root copied
/gpfs/slac/staas/fs1/supercdms/data/CDMS/ANIMAL/R70/Raw/27190719_131458/PMT_27190719_131458_70.root copied
/gpfs/slac/staas/fs1/supercdms/data/CDMS/ANIMAL/R70/Raw/27190719_141513/PMT_27190719_141513_77.root copied
/gpfs/slac/staas/fs1/supercdms/data/CDMS/ANIMAL/R70/Raw/27190719_151926/PMT_27190719_151926_1.root copied
/gpfs/slac/staas/fs1/supercdms/data/CDMS/ANIMAL/R70/Raw/27190719_162113/PMT_27190719_162113_72.root copied
/gpfs/slac/staas/fs1/supercdms/data/CDMS/ANIMAL/R70/Raw/27190719_182145/PMT_27190719_182145_57.root copied
/gpfs/slac/staas/fs1/supercdms/data/CDMS/ANIMAL/R70/Raw/27190719_222600/PMT_27190719_222600_40.root copied
/gpfs/slac/staas/fs1/supercdms/data/CDMS/ANIMAL/R70/Raw/27190719_222600/PMT_27190719_222600_36.root copied
/gpfs/slac/staas/fs1/supercdms/data/CDMS/ANIMAL/R70/Raw/27190719_141513/PMT_27190719_141513_12.root copied
/gpfs/slac/staas/fs1/supercdms/data/CDMS/ANIMAL/R70/Raw/27190719_151926/PMT_27190719_151926_18.root copied
/gpfs/slac/staas/fs1/supercdms/data/CDMS/ANIMAL/R70/Raw/27190719_182145/PMT_27190719_182145_24.root copied
/gpfs/slac/staas/fs1/supercdms/data/CDMS/ANIMAL/R70/Raw/27190719_212445/PMT_27190719_212445_16.root copied
/gpfs/slac/staas/fs1/supercdms/data/CDMS/ANIMAL/R70/Raw/27190719_222600/PMT_27190719_222600_3.root copied
/gpfs/slac/staas/fs1/supercdms/data/CDMS/ANIMAL/R70/Raw/27190719_182145/PMT_27190719_182145_56.root copied
/gpfs/slac/staas/fs1/supercdms/data/CDMS/ANIMAL/R70/Raw/27190719_182145/PMT_27190719_182145_40.root copied
/gpfs/slac/staas/fs1/supercdms/data/CDMS/ANIMAL/R70/Raw/27190719_182145/PMT_27190719_182145_3.root copied
/gpfs/slac/staas/fs1/supercdms/data/CDMS/ANIMAL/R70/Raw/27190719_131458/PMT_27190719_131458_43.root copied
/gpfs/slac/staas/fs1/supercdms/data/CDMS/ANIMAL/R70/Raw/27190719_222600/PMT_27190719_222600_79.root copied
/gpfs/slac/staas/fs1/supercdms/data/CDMS/ANIMAL/R70/Raw/27190719_172135/PMT_27190719_172135_22.root copied
/gpfs/slac/staas/fs1/supercdms/data/CDMS/ANIMAL/R70/Raw/27190719_141513/PMT_27190719_141513_17.root copied
/gpfs/slac/staas/fs1/supercdms/data/CDMS/ANIMAL/R70/Raw/27190719_222600/PMT_27190719_222600_42.root copied
/gpfs/slac/staas/fs1/supercdms/data/CDMS/ANIMAL/R70/Raw/27190719_151926/PMT_27190719_151926_80.root copied
/gpfs/slac/staas/fs1/supercdms/data/CDMS/ANIMAL/R70/Raw/27190719_141513/PMT_27190719_141513_38.root copied
/gpfs/slac/staas/fs1/supercdms/data/CDMS/ANIMAL/R70/Raw/27190719_212445/PMT_27190719_212445_10.root copied
/gpfs/slac/staas/fs1/supercdms/data/CDMS/ANIMAL/R70/Raw/27190719_151926/PMT_27190719_151926_27.root copied
/gpfs/slac/staas/fs1/supercdms/data/CDMS/ANIMAL/R70/Raw/27190719_222600/PMT_27190719_222600_5.root copied
/gpfs/slac/staas/fs1/supercdms/data/CDMS/ANIMAL/R70/Raw/27190719_131458/PMT_27190719_131458_78.root copied
/gpfs/slac/staas/fs1/supercdms/data/CDMS/ANIMAL/R70/Raw/27190719_162113/PMT_27190719_162113_36.root copied
/gpfs/slac/staas/fs1/supercdms/data/CDMS/ANIMAL/R70/Raw/27190719_192156/PMT_27190719_192156_32.root copied
/gpfs/slac/staas/fs1/supercdms/data/CDMS/ANIMAL/R70/Raw/27190719_141513/PMT_27190719_141513_7.root copied
/gpfs/slac/staas/fs1/supercdms/data/CDMS/ANIMAL/R70/Raw/27190719_222600/PMT_27190719_222600_18.root copied
/gpfs/slac/staas/fs1/supercdms/data/CDMS/ANIMAL/R70/Raw/27190719_162113/PMT_27190719_162113_64.root copied
/gpfs/slac/staas/fs1/supercdms/data/CDMS/ANIMAL/R70/Raw/27190719_202209/PMT_27190719_202209_68.root copied
/gpfs/slac/staas/fs1/supercdms/data/CDMS/ANIMAL/R70/Raw/27190719_141513/PMT_27190719_141513_60.root copied
/gpfs/slac/staas/fs1/supercdms/data/CDMS/ANIMAL/R70/Raw/27190719_212445/PMT_27190719_212445_2.root copied
/gpfs/slac/staas/fs1/supercdms/data/CDMS/ANIMAL/R70/Raw/27190719_182145/PMT_27190719_182145_76.root copied
/gpfs/slac/staas/fs1/supercdms/data/CDMS/ANIMAL/R70/Raw/27190719_192156/PMT_27190719_192156_58.root copied
/gpfs/slac/staas/fs1/supercdms/data/CDMS/ANIMAL/R70/Raw/27190719_131458/PMT_27190719_131458_44.root copied
/gpfs/slac/staas/fs1/supercdms/data/CDMS/ANIMAL/R70/Raw/27190719_192156/PMT_27190719_192156_26.root copied
/gpfs/slac/staas/fs1/supercdms/data/CDMS/ANIMAL/R70/Raw/27190719_131458/PMT_27190719_131458_71.root copied
/gpfs/slac/staas/fs1/supercdms/data/CDMS/ANIMAL/R70/Raw/27190719_222600/PMT_27190719_222600_65.root copied
/gpfs/slac/staas/fs1/supercdms/data/CDMS/ANIMAL/R70/Raw/27190719_212445/PMT_27190719_212445_73.root copied
/gpfs/slac/staas/fs1/supercdms/data/CDMS/ANIMAL/R70/Raw/27190719_202209/PMT_27190719_202209_47.root copied
/gpfs/slac/staas/fs1/supercdms/data/CDMS/ANIMAL/R70/Raw/27190719_212445/PMT_27190719_212445_46.root copied
/gpfs/slac/staas/fs1/supercdms/data/CDMS/ANIMAL/R70/Raw/27190719_151926/PMT_27190719_151926_24.root copied
/gpfs/slac/staas/fs1/supercdms/data/CDMS/ANIMAL/R70/Raw/27190719_192156/PMT_27190719_192156_20.root copied
/gpfs/slac/staas/fs1/supercdms/data/CDMS/ANIMAL/R70/Raw/27190719_131458/PMT_27190719_131458_11.root copied
/gpfs/slac/staas/fs1/supercdms/data/CDMS/ANIMAL/R70/Raw/27190719_172135/PMT_27190719_172135_32.root copied
/gpfs/slac/staas/fs1/supercdms/data/CDMS/ANIMAL/R70/Raw/27190719_100344/PMT_27190719_100344_1.root copied
/gpfs/slac/staas/fs1/supercdms/data/CDMS/ANIMAL/R70/Raw/27190719_172135/PMT_27190719_172135_67.root copied
/gpfs/slac/staas/fs1/supercdms/data/CDMS/ANIMAL/R70/Raw/27190719_212445/PMT_27190719_212445_60.root copied
/gpfs/slac/staas/fs1/supercdms/data/CDMS/ANIMAL/R70/Raw/27190719_182145/PMT_27190719_182145_68.root copied
/gpfs/slac/staas/fs1/supercdms/data/CDMS/ANIMAL/R70/Raw/27190719_131458/PMT_27190719_131458_69.root copied
/gpfs/slac/staas/fs1/supercdms/data/CDMS/ANIMAL/R70/Raw/27190719_182145/PMT_27190719_182145_65.root copied
/gpfs/slac/staas/fs1/supercdms/data/CDMS/ANIMAL/R70/Raw/27190719_182145/PMT_27190719_182145_10.root copied
/gpfs/slac/staas/fs1/supercdms/data/CDMS/ANIMAL/R70/Raw/27190719_151926/PMT_27190719_151926_28.root copied
/gpfs/slac/staas/fs1/supercdms/data/CDMS/ANIMAL/R70/Raw/27190719_212445/PMT_27190719_212445_45.root copied
/gpfs/slac/staas/fs1/supercdms/data/CDMS/ANIMAL/R70/Raw/27190719_182145/PMT_27190719_182145_26.root copied
/gpfs/slac/staas/fs1/supercdms/data/CDMS/ANIMAL/R70/Raw/27190719_182145/PMT_27190719_182145_53.root copied
/gpfs/slac/staas/fs1/supercdms/data/CDMS/ANIMAL/R70/Raw/27190719_222600/PMT_27190719_222600_62.root copied
/gpfs/slac/staas/fs1/supercdms/data/CDMS/ANIMAL/R70/Raw/27190719_151926/PMT_27190719_151926_15.root copied
/gpfs/slac/staas/fs1/supercdms/data/CDMS/ANIMAL/R70/Raw/27190719_202209/PMT_27190719_202209_55.root copied
/gpfs/slac/staas/fs1/supercdms/data/CDMS/ANIMAL/R70/Raw/27190719_202209/PMT_27190719_202209_43.root copied
/gpfs/slac/staas/fs1/supercdms/data/CDMS/ANIMAL/R70/Raw/27190719_151926/PMT_27190719_151926_32.root copied
/gpfs/slac/staas/fs1/supercdms/data/CDMS/ANIMAL/R70/Raw/27190719_162113/PMT_27190719_162113_77.root copied
/gpfs/slac/staas/fs1/supercdms/data/CDMS/ANIMAL/R70/Raw/27190719_172135/PMT_27190719_172135_61.root copied
/gpfs/slac/staas/fs1/supercdms/data/CDMS/ANIMAL/R70/Raw/27190719_202209/PMT_27190719_202209_37.root copied
/gpfs/slac/staas/fs1/supercdms/data/CDMS/ANIMAL/R70/Raw/27190719_202209/PMT_27190719_202209_16.root copied
/gpfs/slac/staas/fs1/supercdms/data/CDMS/ANIMAL/R70/Raw/27190719_222600/PMT_27190719_222600_56.root copied
/gpfs/slac/staas/fs1/supercdms/data/CDMS/ANIMAL/R70/Raw/27190719_192156/PMT_27190719_192156_13.root copied
/gpfs/slac/staas/fs1/supercdms/data/CDMS/ANIMAL/R70/Raw/27190719_151926/PMT_27190719_151926_69.root copied
/gpfs/slac/staas/fs1/supercdms/data/CDMS/ANIMAL/R70/Raw/27190719_212445/PMT_27190719_212445_11.root copied
/gpfs/slac/staas/fs1/supercdms/data/CDMS/ANIMAL/R70/Raw/27190719_151926/PMT_27190719_151926_9.root copied
/gpfs/slac/staas/fs1/supercdms/data/CDMS/ANIMAL/R70/Raw/27190719_182145/PMT_27190719_182145_17.root copied
/gpfs/slac/staas/fs1/supercdms/data/CDMS/ANIMAL/R70/Raw/27190719_172135/PMT_27190719_172135_35.root copied
/gpfs/slac/staas/fs1/supercdms/data/CDMS/ANIMAL/R70/Raw/27190719_222600/PMT_27190719_222600_41.root copied
/gpfs/slac/staas/fs1/supercdms/data/CDMS/ANIMAL/R70/Raw/27190719_141513/PMT_27190719_141513_2.root copied
/gpfs/slac/staas/fs1/supercdms/data/CDMS/ANIMAL/R70/Raw/27190719_131458/PMT_27190719_131458_56.root copied
/gpfs/slac/staas/fs1/supercdms/data/CDMS/ANIMAL/R70/Raw/27190719_162113/PMT_27190719_162113_76.root copied
/gpfs/slac/staas/fs1/supercdms/data/CDMS/ANIMAL/R70/Raw/27190719_162113/PMT_27190719_162113_73.root copied
/gpfs/slac/staas/fs1/supercdms/data/CDMS/ANIMAL/R70/Raw/27190719_172135/PMT_27190719_172135_76.root copied
/gpfs/slac/staas/fs1/supercdms/data/CDMS/ANIMAL/R70/Raw/27190719_131458/PMT_27190719_131458_29.root copied
/gpfs/slac/staas/fs1/supercdms/data/CDMS/ANIMAL/R70/Raw/27190719_212445/PMT_27190719_212445_52.root copied
/gpfs/slac/staas/fs1/supercdms/data/CDMS/ANIMAL/R70/Raw/27190719_162113/PMT_27190719_162113_65.root copied
/gpfs/slac/staas/fs1/supercdms/data/CDMS/ANIMAL/R70/Raw/27190719_162113/PMT_27190719_162113_13.root copied
/gpfs/slac/staas/fs1/supercdms/data/CDMS/ANIMAL/R70/Raw/27190719_141513/PMT_27190719_141513_44.root copied
/gpfs/slac/staas/fs1/supercdms/data/CDMS/ANIMAL/R70/Raw/27190719_192156/PMT_27190719_192156-conf.root copied
/gpfs/slac/staas/fs1/supercdms/data/CDMS/ANIMAL/R70/Raw/27190719_162113/PMT_27190719_162113_33.root copied
/gpfs/slac/staas/fs1/supercdms/data/CDMS/ANIMAL/R70/Raw/27190719_131458/PMT_27190719_131458_61.root copied
/gpfs/slac/staas/fs1/supercdms/data/CDMS/ANIMAL/R70/Raw/27190719_222600/PMT_27190719_222600_46.root copied
/gpfs/slac/staas/fs1/supercdms/data/CDMS/ANIMAL/R70/Raw/27190719_162113/PMT_27190719_162113_32.root copied
/gpfs/slac/staas/fs1/supercdms/data/CDMS/ANIMAL/R70/Raw/27190719_141513/PMT_27190719_141513_22.root copied
/gpfs/slac/staas/fs1/supercdms/data/CDMS/ANIMAL/R70/Raw/27190719_131458/PMT_27190719_131458_18.root copied
/gpfs/slac/staas/fs1/supercdms/data/CDMS/ANIMAL/R70/Raw/27190719_212445/PMT_27190719_212445_36.root copied
/gpfs/slac/staas/fs1/supercdms/data/CDMS/ANIMAL/R70/Raw/27190719_151926/PMT_27190719_151926_19.root copied
/gpfs/slac/staas/fs1/supercdms/data/CDMS/ANIMAL/R70/Raw/27190719_222600/PMT_27190719_222600_53.root copied
/gpfs/slac/staas/fs1/supercdms/data/CDMS/ANIMAL/R70/Raw/27190719_172135/PMT_27190719_172135_46.root copied
/gpfs/slac/staas/fs1/supercdms/data/CDMS/ANIMAL/R70/Raw/27190719_202209/PMT_27190719_202209_39.root copied
/gpfs/slac/staas/fs1/supercdms/data/CDMS/ANIMAL/R70/Raw/27190719_131458/PMT_27190719_131458_67.root copied
/gpfs/slac/staas/fs1/supercdms/data/CDMS/ANIMAL/R70/Raw/27190719_212445/PMT_27190719_212445_63.root copied
/gpfs/slac/staas/fs1/supercdms/data/CDMS/ANIMAL/R70/Raw/27190719_192156/PMT_27190719_192156_49.root copied
/gpfs/slac/staas/fs1/supercdms/data/CDMS/ANIMAL/R70/Raw/27190719_222600/PMT_27190719_222600_64.root copied
/gpfs/slac/staas/fs1/supercdms/data/CDMS/ANIMAL/R70/Raw/27190719_162113/PMT_27190719_162113_23.root copied
/gpfs/slac/staas/fs1/supercdms/data/CDMS/ANIMAL/R70/Raw/27190719_131458/PMT_27190719_131458_32.root copied
/gpfs/slac/staas/fs1/supercdms/data/CDMS/ANIMAL/R70/Raw/27190719_131458/PMT_27190719_131458_31.root copied
/gpfs/slac/staas/fs1/supercdms/data/CDMS/ANIMAL/R70/Raw/27190719_222600/PMT_27190719_222600_27.root copied
/gpfs/slac/staas/fs1/supercdms/data/CDMS/ANIMAL/R70/Raw/27190719_212445/PMT_27190719_212445_26.root copied
/gpfs/slac/staas/fs1/supercdms/data/CDMS/ANIMAL/R70/Raw/27190719_141513/PMT_27190719_141513_31.root copied
/gpfs/slac/staas/fs1/supercdms/data/CDMS/ANIMAL/R70/Raw/27190719_131458/PMT_27190719_131458_68.root copied
/gpfs/slac/staas/fs1/supercdms/data/CDMS/ANIMAL/R70/Raw/27190719_192156/PMT_27190719_192156_21.root copied
/gpfs/slac/staas/fs1/supercdms/data/CDMS/ANIMAL/R70/Raw/27190719_162113/PMT_27190719_162113_40.root copied
/gpfs/slac/staas/fs1/supercdms/data/CDMS/ANIMAL/R70/Raw/27190719_182145/PMT_27190719_182145_41.root copied
/gpfs/slac/staas/fs1/supercdms/data/CDMS/ANIMAL/R70/Raw/27190719_172135/PMT_27190719_172135_2.root copied
/gpfs/slac/staas/fs1/supercdms/data/CDMS/ANIMAL/R70/Raw/27190719_212445/PMT_27190719_212445_40.root copied
/gpfs/slac/staas/fs1/supercdms/data/CDMS/ANIMAL/R70/Raw/27190719_202209/PMT_27190719_202209_44.root copied
/gpfs/slac/staas/fs1/supercdms/data/CDMS/ANIMAL/R70/Raw/27190719_141513/PMT_27190719_141513_15.root copied
/gpfs/slac/staas/fs1/supercdms/data/CDMS/ANIMAL/R70/Raw/27190719_141513/PMT_27190719_141513_1.root copied
/gpfs/slac/staas/fs1/supercdms/data/CDMS/ANIMAL/R70/Raw/27190719_192156/PMT_27190719_192156_12.root copied
/gpfs/slac/staas/fs1/supercdms/data/CDMS/ANIMAL/R70/Raw/27190719_131458/PMT_27190719_131458_8.root copied
/gpfs/slac/staas/fs1/supercdms/data/CDMS/ANIMAL/R70/Raw/27190719_162113/PMT_27190719_162113_66.root copied
/gpfs/slac/staas/fs1/supercdms/data/CDMS/ANIMAL/R70/Raw/27190719_131458/PMT_27190719_131458_25.root copied
/gpfs/slac/staas/fs1/supercdms/data/CDMS/ANIMAL/R70/Raw/27190719_222600/PMT_27190719_222600_58.root copied
/gpfs/slac/staas/fs1/supercdms/data/CDMS/ANIMAL/R70/Raw/27190719_192156/PMT_27190719_192156_33.root copied
/gpfs/slac/staas/fs1/supercdms/data/CDMS/ANIMAL/R70/Raw/27190719_202209/PMT_27190719_202209_5.root copied
/gpfs/slac/staas/fs1/supercdms/data/CDMS/ANIMAL/R70/Raw/27190719_202209/PMT_27190719_202209_74.root copied
/gpfs/slac/staas/fs1/supercdms/data/CDMS/ANIMAL/R70/Raw/27190719_151926/PMT_27190719_151926_77.root copied
/gpfs/slac/staas/fs1/supercdms/data/CDMS/ANIMAL/R70/Raw/27190719_192156/PMT_27190719_192156_73.root copied
/gpfs/slac/staas/fs1/supercdms/data/CDMS/ANIMAL/R70/Raw/27190719_162113/PMT_27190719_162113_11.root copied
/gpfs/slac/staas/fs1/supercdms/data/CDMS/ANIMAL/R70/Raw/27190719_162113/PMT_27190719_162113_17.root copied
/gpfs/slac/staas/fs1/supercdms/data/CDMS/ANIMAL/R70/Raw/27190719_162113/PMT_27190719_162113_75.root copied
/gpfs/slac/staas/fs1/supercdms/data/CDMS/ANIMAL/R70/Raw/27190719_202209/PMT_27190719_202209_60.root copied
/gpfs/slac/staas/fs1/supercdms/data/CDMS/ANIMAL/R70/Raw/27190719_141513/PMT_27190719_141513_57.root copied
/gpfs/slac/staas/fs1/supercdms/data/CDMS/ANIMAL/R70/Raw/27190719_131458/PMT_27190719_131458_74.root copied
/gpfs/slac/staas/fs1/supercdms/data/CDMS/ANIMAL/R70/Raw/27190719_151926/PMT_27190719_151926_56.root copied
/gpfs/slac/staas/fs1/supercdms/data/CDMS/ANIMAL/R70/Raw/27190719_222600/PMT_27190719_222600_11.root copied
/gpfs/slac/staas/fs1/supercdms/data/CDMS/ANIMAL/R70/Raw/27190719_202209/PMT_27190719_202209_40.root copied
/gpfs/slac/staas/fs1/supercdms/data/CDMS/ANIMAL/R70/Raw/27190719_141513/PMT_27190719_141513_51.root copied
/gpfs/slac/staas/fs1/supercdms/data/CDMS/ANIMAL/R70/Raw/27190719_131458/PMT_27190719_131458_20.root copied
/gpfs/slac/staas/fs1/supercdms/data/CDMS/ANIMAL/R70/Raw/27190719_141513/PMT_27190719_141513_53.root copied
/gpfs/slac/staas/fs1/supercdms/data/CDMS/ANIMAL/R70/Raw/27190719_212445/PMT_27190719_212445_4.root copied
/gpfs/slac/staas/fs1/supercdms/data/CDMS/ANIMAL/R70/Raw/27190719_202209/PMT_27190719_202209_76.root copied
/gpfs/slac/staas/fs1/supercdms/data/CDMS/ANIMAL/R70/Raw/27190719_212445/PMT_27190719_212445_32.root copied
/gpfs/slac/staas/fs1/supercdms/data/CDMS/ANIMAL/R70/Raw/27190719_172135/PMT_27190719_172135_9.root copied
/gpfs/slac/staas/fs1/supercdms/data/CDMS/ANIMAL/R70/Raw/27190719_192156/PMT_27190719_192156_78.root copied
/gpfs/slac/staas/fs1/supercdms/data/CDMS/ANIMAL/R70/Raw/27190719_182145/PMT_27190719_182145_33.root copied
/gpfs/slac/staas/fs1/supercdms/data/CDMS/ANIMAL/R70/Raw/27190719_222600/PMT_27190719_222600_8.root copied
/gpfs/slac/staas/fs1/supercdms/data/CDMS/ANIMAL/R70/Raw/27190719_151926/PMT_27190719_151926_35.root copied
/gpfs/slac/staas/fs1/supercdms/data/CDMS/ANIMAL/R70/Raw/27190719_172135/PMT_27190719_172135_18.root copied
/gpfs/slac/staas/fs1/supercdms/data/CDMS/ANIMAL/R70/Raw/27190719_212445/PMT_27190719_212445_75.root copied
/gpfs/slac/staas/fs1/supercdms/data/CDMS/ANIMAL/R70/Raw/27190719_222600/PMT_27190719_222600_70.root copied
/gpfs/slac/staas/fs1/supercdms/data/CDMS/ANIMAL/R70/Raw/27190719_222600/PMT_27190719_222600_14.root copied
/gpfs/slac/staas/fs1/supercdms/data/CDMS/ANIMAL/R70/Raw/27190719_212445/PMT_27190719_212445_78.root copied
/gpfs/slac/staas/fs1/supercdms/data/CDMS/ANIMAL/R70/Raw/27190719_192156/PMT_27190719_192156_17.root copied
/gpfs/slac/staas/fs1/supercdms/data/CDMS/ANIMAL/R70/Raw/27190719_202209/PMT_27190719_202209_72.root copied
/gpfs/slac/staas/fs1/supercdms/data/CDMS/ANIMAL/R70/Raw/27190719_131458/PMT_27190719_131458_10.root copied
/gpfs/slac/staas/fs1/supercdms/data/CDMS/ANIMAL/R70/Raw/27190719_192156/PMT_27190719_192156_47.root copied
/gpfs/slac/staas/fs1/supercdms/data/CDMS/ANIMAL/R70/Raw/27190719_172135/PMT_27190719_172135_16.root copied
/gpfs/slac/staas/fs1/supercdms/data/CDMS/ANIMAL/R70/Raw/27190719_212445/PMT_27190719_212445_67.root copied
/gpfs/slac/staas/fs1/supercdms/data/CDMS/ANIMAL/R70/Raw/27190719_212445/PMT_27190719_212445_34.root copied
/gpfs/slac/staas/fs1/supercdms/data/CDMS/ANIMAL/R70/Raw/27190719_162113/PMT_27190719_162113_55.root copied
/gpfs/slac/staas/fs1/supercdms/data/CDMS/ANIMAL/R70/Raw/27190719_172135/PMT_27190719_172135_74.root copied
/gpfs/slac/staas/fs1/supercdms/data/CDMS/ANIMAL/R70/Raw/27190719_222600/PMT_27190719_222600_43.root copied
/gpfs/slac/staas/fs1/supercdms/data/CDMS/ANIMAL/R70/Raw/27190719_202209/PMT_27190719_202209_19.root copied
/gpfs/slac/staas/fs1/supercdms/data/CDMS/ANIMAL/R70/Raw/27190719_162113/PMT_27190719_162113_7.root copied
/gpfs/slac/staas/fs1/supercdms/data/CDMS/ANIMAL/R70/Raw/27190719_131458/PMT_27190719_131458_6.root copied
/gpfs/slac/staas/fs1/supercdms/data/CDMS/ANIMAL/R70/Raw/27190719_151926/PMT_27190719_151926_5.root copied
/gpfs/slac/staas/fs1/supercdms/data/CDMS/ANIMAL/R70/Raw/27190719_192156/PMT_27190719_192156_1.root copied
/gpfs/slac/staas/fs1/supercdms/data/CDMS/ANIMAL/R70/Raw/27190719_151926/PMT_27190719_151926_12.root copied
/gpfs/slac/staas/fs1/supercdms/data/CDMS/ANIMAL/R70/Raw/27190719_202209/PMT_27190719_202209_14.root copied
/gpfs/slac/staas/fs1/supercdms/data/CDMS/ANIMAL/R70/Raw/27190719_162113/PMT_27190719_162113_37.root copied
/gpfs/slac/staas/fs1/supercdms/data/CDMS/ANIMAL/R70/Raw/27190719_182145/PMT_27190719_182145_66.root copied
/gpfs/slac/staas/fs1/supercdms/data/CDMS/ANIMAL/R70/Raw/27190719_182145/PMT_27190719_182145_34.root copied
/gpfs/slac/staas/fs1/supercdms/data/CDMS/ANIMAL/R70/Raw/27190719_151926/PMT_27190719_151926_53.root copied
/gpfs/slac/staas/fs1/supercdms/data/CDMS/ANIMAL/R70/Raw/27190719_202209/PMT_27190719_202209_41.root copied
/gpfs/slac/staas/fs1/supercdms/data/CDMS/ANIMAL/R70/Raw/27190719_202209/PMT_27190719_202209_34.root copied
/gpfs/slac/staas/fs1/supercdms/data/CDMS/ANIMAL/R70/Raw/27190719_131458/PMT_27190719_131458_72.root copied
/gpfs/slac/staas/fs1/supercdms/data/CDMS/ANIMAL/R70/Raw/27190719_162113/PMT_27190719_162113_10.root copied
/gpfs/slac/staas/fs1/supercdms/data/CDMS/ANIMAL/R70/Raw/27190719_172135/PMT_27190719_172135_44.root copied
/gpfs/slac/staas/fs1/supercdms/data/CDMS/ANIMAL/R70/Raw/27190719_131458/PMT_27190719_131458_60.root copied
/gpfs/slac/staas/fs1/supercdms/data/CDMS/ANIMAL/R70/Raw/27190719_182145/PMT_27190719_182145_49.root copied
/gpfs/slac/staas/fs1/supercdms/data/CDMS/ANIMAL/R70/Raw/27190719_162113/PMT_27190719_162113_35.root copied
/gpfs/slac/staas/fs1/supercdms/data/CDMS/ANIMAL/R70/Raw/27190719_151926/PMT_27190719_151926_63.root copied
/gpfs/slac/staas/fs1/supercdms/data/CDMS/ANIMAL/R70/Raw/27190719_141513/PMT_27190719_141513_56.root copied
/gpfs/slac/staas/fs1/supercdms/data/CDMS/ANIMAL/R70/Raw/27190719_141513/PMT_27190719_141513_37.root copied
/gpfs/slac/staas/fs1/supercdms/data/CDMS/ANIMAL/R70/Raw/27190719_202209/PMT_27190719_202209_46.root copied
/gpfs/slac/staas/fs1/supercdms/data/CDMS/ANIMAL/R70/Raw/27190719_212445/PMT_27190719_212445_18.root copied
/gpfs/slac/staas/fs1/supercdms/data/CDMS/ANIMAL/R70/Raw/27190719_131458/PMT_27190719_131458_50.root copied
/gpfs/slac/staas/fs1/supercdms/data/CDMS/ANIMAL/R70/Raw/27190719_182145/PMT_27190719_182145_46.root copied
/gpfs/slac/staas/fs1/supercdms/data/CDMS/ANIMAL/R70/Raw/27190719_202209/PMT_27190719_202209_78.root copied
/gpfs/slac/staas/fs1/supercdms/data/CDMS/ANIMAL/R70/Raw/27190719_162113/PMT_27190719_162113_78.root copied
/gpfs/slac/staas/fs1/supercdms/data/CDMS/ANIMAL/R70/Raw/27190719_182145/PMT_27190719_182145_74.root copied
/gpfs/slac/staas/fs1/supercdms/data/CDMS/ANIMAL/R70/Raw/27190719_151926/PMT_27190719_151926_2.root copied
/gpfs/slac/staas/fs1/supercdms/data/CDMS/ANIMAL/R70/Raw/27190719_151926/PMT_27190719_151926_14.root copied
/gpfs/slac/staas/fs1/supercdms/data/CDMS/ANIMAL/R70/Raw/27190719_192156/PMT_27190719_192156_5.root copied
/gpfs/slac/staas/fs1/supercdms/data/CDMS/ANIMAL/R70/Raw/27190719_212445/PMT_27190719_212445_35.root copied
/gpfs/slac/staas/fs1/supercdms/data/CDMS/ANIMAL/R70/Raw/27190719_182145/PMT_27190719_182145_1.root copied
/gpfs/slac/staas/fs1/supercdms/data/CDMS/ANIMAL/R70/Raw/27190719_141513/PMT_27190719_141513_76.root copied
/gpfs/slac/staas/fs1/supercdms/data/CDMS/ANIMAL/R70/Raw/27190719_182145/PMT_27190719_182145_23.root copied
/gpfs/slac/staas/fs1/supercdms/data/CDMS/ANIMAL/R70/Raw/27190719_182145/PMT_27190719_182145_38.root copied
/gpfs/slac/staas/fs1/supercdms/data/CDMS/ANIMAL/R70/Raw/27190719_162113/PMT_27190719_162113_39.root copied
/gpfs/slac/staas/fs1/supercdms/data/CDMS/ANIMAL/R70/Raw/27190719_212445/PMT_27190719_212445_21.root copied
/gpfs/slac/staas/fs1/supercdms/data/CDMS/ANIMAL/R70/Raw/27190719_131458/PMT_27190719_131458_16.root copied
/gpfs/slac/staas/fs1/supercdms/data/CDMS/ANIMAL/R70/Raw/27190719_131458/PMT_27190719_131458_46.root copied
/gpfs/slac/staas/fs1/supercdms/data/CDMS/ANIMAL/R70/Raw/27190719_202209/PMT_27190719_202209_24.root copied
/gpfs/slac/staas/fs1/supercdms/data/CDMS/ANIMAL/R70/Raw/27190719_192156/PMT_27190719_192156_67.root copied
/gpfs/slac/staas/fs1/supercdms/data/CDMS/ANIMAL/R70/Raw/27190719_162113/PMT_27190719_162113_71.root copied
/gpfs/slac/staas/fs1/supercdms/data/CDMS/ANIMAL/R70/Raw/27190719_202209/PMT_27190719_202209_6.root copied
/gpfs/slac/staas/fs1/supercdms/data/CDMS/ANIMAL/R70/Raw/27190719_182145/PMT_27190719_182145_51.root copied
/gpfs/slac/staas/fs1/supercdms/data/CDMS/ANIMAL/R70/Raw/27190719_202209/PMT_27190719_202209_3.root copied
/gpfs/slac/staas/fs1/supercdms/data/CDMS/ANIMAL/R70/Raw/27190719_162113/PMT_27190719_162113_80.root copied
/gpfs/slac/staas/fs1/supercdms/data/CDMS/ANIMAL/R70/Raw/27190719_212445/PMT_27190719_212445_15.root copied
/gpfs/slac/staas/fs1/supercdms/data/CDMS/ANIMAL/R70/Raw/27190719_141513/PMT_27190719_141513_35.root copied
/gpfs/slac/staas/fs1/supercdms/data/CDMS/ANIMAL/R70/Raw/27190719_222600/PMT_27190719_222600_55.root copied
/gpfs/slac/staas/fs1/supercdms/data/CDMS/ANIMAL/R70/Raw/27190719_222600/PMT_27190719_222600_35.root copied
/gpfs/slac/staas/fs1/supercdms/data/CDMS/ANIMAL/R70/Raw/27190719_212445/PMT_27190719_212445_37.root copied
/gpfs/slac/staas/fs1/supercdms/data/CDMS/ANIMAL/R70/Raw/27190719_192156/PMT_27190719_192156_54.root copied
/gpfs/slac/staas/fs1/supercdms/data/CDMS/ANIMAL/R70/Raw/27190719_172135/PMT_27190719_172135_73.root copied
/gpfs/slac/staas/fs1/supercdms/data/CDMS/ANIMAL/R70/Raw/27190719_141513/PMT_27190719_141513_41.root copied
/gpfs/slac/staas/fs1/supercdms/data/CDMS/ANIMAL/R70/Raw/27190719_172135/PMT_27190719_172135_38.root copied
/gpfs/slac/staas/fs1/supercdms/data/CDMS/ANIMAL/R70/Raw/27190719_162113/PMT_27190719_162113_62.root copied
/gpfs/slac/staas/fs1/supercdms/data/CDMS/ANIMAL/R70/Raw/27190719_131458/PMT_27190719_131458_34.root copied
/gpfs/slac/staas/fs1/supercdms/data/CDMS/ANIMAL/R70/Raw/27190719_192156/PMT_27190719_192156_79.root copied
/gpfs/slac/staas/fs1/supercdms/data/CDMS/ANIMAL/R70/Raw/27190719_141513/PMT_27190719_141513_19.root copied
/gpfs/slac/staas/fs1/supercdms/data/CDMS/ANIMAL/R70/Raw/27190719_141513/PMT_27190719_141513_48.root copied
/gpfs/slac/staas/fs1/supercdms/data/CDMS/ANIMAL/R70/Raw/27190719_222600/PMT_27190719_222600_74.root copied
/gpfs/slac/staas/fs1/supercdms/data/CDMS/ANIMAL/R70/Raw/27190719_172135/PMT_27190719_172135_78.root copied
/gpfs/slac/staas/fs1/supercdms/data/CDMS/ANIMAL/R70/Raw/27190719_172135/PMT_27190719_172135_51.root copied
/gpfs/slac/staas/fs1/supercdms/data/CDMS/ANIMAL/R70/Raw/27190719_182145/PMT_27190719_182145_70.root copied
/gpfs/slac/staas/fs1/supercdms/data/CDMS/ANIMAL/R70/Raw/27190719_192156/PMT_27190719_192156_28.root copied
/gpfs/slac/staas/fs1/supercdms/data/CDMS/ANIMAL/R70/Raw/27190719_202209/PMT_27190719_202209_36.root copied
/gpfs/slac/staas/fs1/supercdms/data/CDMS/ANIMAL/R70/Raw/27190719_202209/PMT_27190719_202209_12.root copied
/gpfs/slac/staas/fs1/supercdms/data/CDMS/ANIMAL/R70/Raw/27190719_212445/PMT_27190719_212445_77.root copied
/gpfs/slac/staas/fs1/supercdms/data/CDMS/ANIMAL/R70/Raw/27190719_151926/PMT_27190719_151926_39.root copied
/gpfs/slac/staas/fs1/supercdms/data/CDMS/ANIMAL/R70/Raw/27190719_212445/PMT_27190719_212445_42.root copied
/gpfs/slac/staas/fs1/supercdms/data/CDMS/ANIMAL/R70/Raw/27190719_131458/PMT_27190719_131458_79.root copied
/gpfs/slac/staas/fs1/supercdms/data/CDMS/ANIMAL/R70/Raw/27190719_212445/PMT_27190719_212445_76.root copied
/gpfs/slac/staas/fs1/supercdms/data/CDMS/ANIMAL/R70/Raw/27190719_192156/PMT_27190719_192156_9.root copied
/gpfs/slac/staas/fs1/supercdms/data/CDMS/ANIMAL/R70/Raw/27190719_202209/PMT_27190719_202209_20.root copied
/gpfs/slac/staas/fs1/supercdms/data/CDMS/ANIMAL/R70/Raw/27190719_141513/PMT_27190719_141513_28.root copied
/gpfs/slac/staas/fs1/supercdms/data/CDMS/ANIMAL/R70/Raw/27190719_202209/PMT_27190719_202209_11.root copied
/gpfs/slac/staas/fs1/supercdms/data/CDMS/ANIMAL/R70/Raw/27190719_151926/PMT_27190719_151926_37.root copied
/gpfs/slac/staas/fs1/supercdms/data/CDMS/ANIMAL/R70/Raw/27190719_182145/PMT_27190719_182145_78.root copied
/gpfs/slac/staas/fs1/supercdms/data/CDMS/ANIMAL/R70/Raw/27190719_222600/PMT_27190719_222600_12.root copied
/gpfs/slac/staas/fs1/supercdms/data/CDMS/ANIMAL/R70/Raw/27190719_192156/PMT_27190719_192156_43.root copied
/gpfs/slac/staas/fs1/supercdms/data/CDMS/ANIMAL/R70/Raw/27190719_162113/PMT_27190719_162113_50.root copied
/gpfs/slac/staas/fs1/supercdms/data/CDMS/ANIMAL/R70/Raw/27190719_192156/PMT_27190719_192156_34.root copied
/gpfs/slac/staas/fs1/supercdms/data/CDMS/ANIMAL/R70/Raw/27190719_202209/PMT_27190719_202209_31.root copied
/gpfs/slac/staas/fs1/supercdms/data/CDMS/ANIMAL/R70/Raw/27190719_202209/PMT_27190719_202209_77.root copied
/gpfs/slac/staas/fs1/supercdms/data/CDMS/ANIMAL/R70/Raw/27190719_192156/PMT_27190719_192156_70.root copied
/gpfs/slac/staas/fs1/supercdms/data/CDMS/ANIMAL/R70/Raw/27190719_182145/PMT_27190719_182145_75.root copied
/gpfs/slac/staas/fs1/supercdms/data/CDMS/ANIMAL/R70/Raw/27190719_172135/PMT_27190719_172135_39.root copied
/gpfs/slac/staas/fs1/supercdms/data/CDMS/ANIMAL/R70/Raw/27190719_182145/PMT_27190719_182145_45.root copied
/gpfs/slac/staas/fs1/supercdms/data/CDMS/ANIMAL/R70/Raw/27190719_222600/PMT_27190719_222600_29.root copied
/gpfs/slac/staas/fs1/supercdms/data/CDMS/ANIMAL/R70/Raw/27190719_151926/PMT_27190719_151926_29.root copied
/gpfs/slac/staas/fs1/supercdms/data/CDMS/ANIMAL/R70/Raw/27190719_192156/PMT_27190719_192156_68.root copied
/gpfs/slac/staas/fs1/supercdms/data/CDMS/ANIMAL/R70/Raw/27190719_172135/PMT_27190719_172135_30.root copied
/gpfs/slac/staas/fs1/supercdms/data/CDMS/ANIMAL/R70/Raw/27190719_131458/PMT_27190719_131458_40.root copied
/gpfs/slac/staas/fs1/supercdms/data/CDMS/ANIMAL/R70/Raw/27190719_162113/PMT_27190719_162113_38.root copied
/gpfs/slac/staas/fs1/supercdms/data/CDMS/ANIMAL/R70/Raw/27190719_182145/PMT_27190719_182145_36.root copied
/gpfs/slac/staas/fs1/supercdms/data/CDMS/ANIMAL/R70/Raw/27190719_182145/PMT_27190719_182145_31.root copied
/gpfs/slac/staas/fs1/supercdms/data/CDMS/ANIMAL/R70/Raw/27190719_172135/PMT_27190719_172135_62.root copied
/gpfs/slac/staas/fs1/supercdms/data/CDMS/ANIMAL/R70/Raw/27190719_222600/PMT_27190719_222600_44.root copied
/gpfs/slac/staas/fs1/supercdms/data/CDMS/ANIMAL/R70/Raw/27190719_212445/PMT_27190719_212445_1.root copied
/gpfs/slac/staas/fs1/supercdms/data/CDMS/ANIMAL/R70/Raw/27190719_182145/PMT_27190719_182145_64.root copied
/gpfs/slac/staas/fs1/supercdms/data/CDMS/ANIMAL/R70/Raw/27190719_151926/PMT_27190719_151926_38.root copied
/gpfs/slac/staas/fs1/supercdms/data/CDMS/ANIMAL/R70/Raw/27190719_202209/PMT_27190719_202209_28.root copied
/gpfs/slac/staas/fs1/supercdms/data/CDMS/ANIMAL/R70/Raw/27190719_141513/PMT_27190719_141513_20.root copied
/gpfs/slac/staas/fs1/supercdms/data/CDMS/ANIMAL/R70/Raw/27190719_172135/PMT_27190719_172135_40.root copied
/gpfs/slac/staas/fs1/supercdms/data/CDMS/ANIMAL/R70/Raw/27190719_192156/PMT_27190719_192156_71.root copied
/gpfs/slac/staas/fs1/supercdms/data/CDMS/ANIMAL/R70/Raw/27190719_151926/PMT_27190719_151926_33.root copied
/gpfs/slac/staas/fs1/supercdms/data/CDMS/ANIMAL/R70/Raw/27190719_151926/PMT_27190719_151926_3.root copied
/gpfs/slac/staas/fs1/supercdms/data/CDMS/ANIMAL/R70/Raw/27190719_151926/PMT_27190719_151926_79.root copied
/gpfs/slac/staas/fs1/supercdms/data/CDMS/ANIMAL/R70/Raw/27190719_202209/PMT_27190719_202209_61.root copied
/gpfs/slac/staas/fs1/supercdms/data/CDMS/ANIMAL/R70/Raw/27190719_212445/PMT_27190719_212445_59.root copied
/gpfs/slac/staas/fs1/supercdms/data/CDMS/ANIMAL/R70/Raw/27190719_172135/PMT_27190719_172135_69.root copied
/gpfs/slac/staas/fs1/supercdms/data/CDMS/ANIMAL/R70/Raw/27190719_222600/PMT_27190719_222600_4.root copied
/gpfs/slac/staas/fs1/supercdms/data/CDMS/ANIMAL/R70/Raw/27190719_172135/PMT_27190719_172135_1.root copied
/gpfs/slac/staas/fs1/supercdms/data/CDMS/ANIMAL/R70/Raw/27190719_192156/PMT_27190719_192156_51.root copied
/gpfs/slac/staas/fs1/supercdms/data/CDMS/ANIMAL/R70/Raw/27190719_182145/PMT_27190719_182145_25.root copied
/gpfs/slac/staas/fs1/supercdms/data/CDMS/ANIMAL/R70/Raw/27190719_151926/PMT_27190719_151926_43.root copied
/gpfs/slac/staas/fs1/supercdms/data/CDMS/ANIMAL/R70/Raw/27190719_222600/PMT_27190719_222600_69.root copied
/gpfs/slac/staas/fs1/supercdms/data/CDMS/ANIMAL/R70/Raw/27190719_192156/PMT_27190719_192156_22.root copied
/gpfs/slac/staas/fs1/supercdms/data/CDMS/ANIMAL/R70/Raw/27190719_162113/PMT_27190719_162113_26.root copied
/gpfs/slac/staas/fs1/supercdms/data/CDMS/ANIMAL/R70/Raw/27190719_202209/PMT_27190719_202209_71.root copied
/gpfs/slac/staas/fs1/supercdms/data/CDMS/ANIMAL/R70/Raw/27190719_151926/PMT_27190719_151926_55.root copied
/gpfs/slac/staas/fs1/supercdms/data/CDMS/ANIMAL/R70/Raw/27190719_131458/PMT_27190719_131458_21.root copied
/gpfs/slac/staas/fs1/supercdms/data/CDMS/ANIMAL/R70/Raw/27190719_141513/PMT_27190719_141513_80.root copied
/gpfs/slac/staas/fs1/supercdms/data/CDMS/ANIMAL/R70/Raw/27190719_131458/PMT_27190719_131458_47.root copied
/gpfs/slac/staas/fs1/supercdms/data/CDMS/ANIMAL/R70/Raw/27190719_141513/PMT_27190719_141513-conf.root copied
/gpfs/slac/staas/fs1/supercdms/data/CDMS/ANIMAL/R70/Raw/27190719_192156/PMT_27190719_192156_16.root copied
/gpfs/slac/staas/fs1/supercdms/data/CDMS/ANIMAL/R70/Raw/27190719_131458/PMT_27190719_131458_51.root copied
/gpfs/slac/staas/fs1/supercdms/data/CDMS/ANIMAL/R70/Raw/27190719_212445/PMT_27190719_212445_31.root copied
/gpfs/slac/staas/fs1/supercdms/data/CDMS/ANIMAL/R70/Raw/27190719_141513/PMT_27190719_141513_70.root copied
/gpfs/slac/staas/fs1/supercdms/data/CDMS/ANIMAL/R70/Raw/27190719_162113/PMT_27190719_162113_20.root copied
/gpfs/slac/staas/fs1/supercdms/data/CDMS/ANIMAL/R70/Raw/27190719_192156/PMT_27190719_192156_55.root copied
/gpfs/slac/staas/fs1/supercdms/data/CDMS/ANIMAL/R70/Raw/27190719_212445/PMT_27190719_212445_50.root copied
/gpfs/slac/staas/fs1/supercdms/data/CDMS/ANIMAL/R70/Raw/27190719_212445/PMT_27190719_212445_29.root copied
/gpfs/slac/staas/fs1/supercdms/data/CDMS/ANIMAL/R70/Raw/27190719_141513/PMT_27190719_141513_32.root copied
/gpfs/slac/staas/fs1/supercdms/data/CDMS/ANIMAL/R70/Raw/27190719_151926/PMT_27190719_151926_46.root copied
/gpfs/slac/staas/fs1/supercdms/data/CDMS/ANIMAL/R70/Raw/27190719_172135/PMT_27190719_172135_47.root copied
/gpfs/slac/staas/fs1/supercdms/data/CDMS/ANIMAL/R70/Raw/27190719_172135/PMT_27190719_172135_15.root copied
/gpfs/slac/staas/fs1/supercdms/data/CDMS/ANIMAL/R70/Raw/27190719_172135/PMT_27190719_172135_52.root copied
/gpfs/slac/staas/fs1/supercdms/data/CDMS/ANIMAL/R70/Raw/27190719_162113/PMT_27190719_162113_22.root copied
/gpfs/slac/staas/fs1/supercdms/data/CDMS/ANIMAL/R70/Raw/27190719_131458/PMT_27190719_131458_48.root copied
/gpfs/slac/staas/fs1/supercdms/data/CDMS/ANIMAL/R70/Raw/27190719_212445/PMT_27190719_212445_23.root copied
/gpfs/slac/staas/fs1/supercdms/data/CDMS/ANIMAL/R70/Raw/27190719_212445/PMT_27190719_212445_13.root copied
/gpfs/slac/staas/fs1/supercdms/data/CDMS/ANIMAL/R70/Raw/27190719_172135/PMT_27190719_172135_68.root copied
/gpfs/slac/staas/fs1/supercdms/data/CDMS/ANIMAL/R70/Raw/27190719_182145/PMT_27190719_182145_8.root copied
/gpfs/slac/staas/fs1/supercdms/data/CDMS/ANIMAL/R70/Raw/27190719_131458/PMT_27190719_131458-conf.root copied
/gpfs/slac/staas/fs1/supercdms/data/CDMS/ANIMAL/R70/Raw/27190719_212445/PMT_27190719_212445_39.root copied
/gpfs/slac/staas/fs1/supercdms/data/CDMS/ANIMAL/R70/Raw/27190719_131458/PMT_27190719_131458_80.root copied
/gpfs/slac/staas/fs1/supercdms/data/CDMS/ANIMAL/R70/Raw/27190719_192156/PMT_27190719_192156_56.root copied
/gpfs/slac/staas/fs1/supercdms/data/CDMS/ANIMAL/R70/Raw/27190719_222600/PMT_27190719_222600_9.root copied
/gpfs/slac/staas/fs1/supercdms/data/CDMS/ANIMAL/R70/Raw/27190719_182145/PMT_27190719_182145_55.root copied
/gpfs/slac/staas/fs1/supercdms/data/CDMS/ANIMAL/R70/Raw/27190719_141513/PMT_27190719_141513_63.root copied
/gpfs/slac/staas/fs1/supercdms/data/CDMS/ANIMAL/R70/Raw/27190719_162113/PMT_27190719_162113-conf.root copied
/gpfs/slac/staas/fs1/supercdms/data/CDMS/ANIMAL/R70/Raw/27190719_131458/PMT_27190719_131458_36.root copied
/gpfs/slac/staas/fs1/supercdms/data/CDMS/ANIMAL/R70/Raw/27190719_162113/PMT_27190719_162113_25.root copied
/gpfs/slac/staas/fs1/supercdms/data/CDMS/ANIMAL/R70/Raw/27190719_162113/PMT_27190719_162113_69.root copied
/gpfs/slac/staas/fs1/supercdms/data/CDMS/ANIMAL/R70/Raw/27190719_192156/PMT_27190719_192156_64.root copied
/gpfs/slac/staas/fs1/supercdms/data/CDMS/ANIMAL/R70/Raw/27190719_172135/PMT_27190719_172135_19.root copied
/gpfs/slac/staas/fs1/supercdms/data/CDMS/ANIMAL/R70/Raw/27190719_192156/PMT_27190719_192156_19.root copied
/gpfs/slac/staas/fs1/supercdms/data/CDMS/ANIMAL/R70/Raw/27190719_222600/PMT_27190719_222600_21.root copied
/gpfs/slac/staas/fs1/supercdms/data/CDMS/ANIMAL/R70/Raw/27190719_222600/PMT_27190719_222600_71.root copied
/gpfs/slac/staas/fs1/supercdms/data/CDMS/ANIMAL/R70/Raw/27190719_222600/PMT_27190719_222600_39.root copied
/gpfs/slac/staas/fs1/supercdms/data/CDMS/ANIMAL/R70/Raw/27190719_192156/PMT_27190719_192156_77.root copied
/gpfs/slac/staas/fs1/supercdms/data/CDMS/ANIMAL/R70/Raw/27190719_202209/PMT_27190719_202209_48.root copied
/gpfs/slac/staas/fs1/supercdms/data/CDMS/ANIMAL/R70/Raw/27190719_141513/PMT_27190719_141513_52.root copied
/gpfs/slac/staas/fs1/supercdms/data/CDMS/ANIMAL/R70/Raw/27190719_222600/PMT_27190719_222600_17.root copied
/gpfs/slac/staas/fs1/supercdms/data/CDMS/ANIMAL/R70/Raw/27190719_182145/PMT_27190719_182145_13.root copied
/gpfs/slac/staas/fs1/supercdms/data/CDMS/ANIMAL/R70/Raw/27190719_172135/PMT_27190719_172135_42.root copied
/gpfs/slac/staas/fs1/supercdms/data/CDMS/ANIMAL/R70/Raw/27190719_202209/PMT_27190719_202209_64.root copied
/gpfs/slac/staas/fs1/supercdms/data/CDMS/ANIMAL/R70/Raw/27190719_131458/PMT_27190719_131458_37.root copied
/gpfs/slac/staas/fs1/supercdms/data/CDMS/ANIMAL/R70/Raw/27190719_172135/PMT_27190719_172135_49.root copied
/gpfs/slac/staas/fs1/supercdms/data/CDMS/ANIMAL/R70/Raw/27190719_151926/PMT_27190719_151926_58.root copied
/gpfs/slac/staas/fs1/supercdms/data/CDMS/ANIMAL/R70/Raw/27190719_162113/PMT_27190719_162113_5.root copied
/gpfs/slac/staas/fs1/supercdms/data/CDMS/ANIMAL/R70/Raw/27190719_192156/PMT_27190719_192156_36.root copied
/gpfs/slac/staas/fs1/supercdms/data/CDMS/ANIMAL/R70/Raw/27190719_202209/PMT_27190719_202209_65.root copied
/gpfs/slac/staas/fs1/supercdms/data/CDMS/ANIMAL/R70/Raw/27190719_141513/PMT_27190719_141513_50.root copied
/gpfs/slac/staas/fs1/supercdms/data/CDMS/ANIMAL/R70/Raw/27190719_172135/PMT_27190719_172135_24.root copied
/gpfs/slac/staas/fs1/supercdms/data/CDMS/ANIMAL/R70/Raw/27190719_172135/PMT_27190719_172135_48.root copied
/gpfs/slac/staas/fs1/supercdms/data/CDMS/ANIMAL/R70/Raw/27190719_202209/PMT_27190719_202209_15.root copied
/gpfs/slac/staas/fs1/supercdms/data/CDMS/ANIMAL/R70/Raw/27190719_131458/PMT_27190719_131458_5.root copied
/gpfs/slac/staas/fs1/supercdms/data/CDMS/ANIMAL/R70/Raw/27190719_182145/PMT_27190719_182145_29.root copied
/gpfs/slac/staas/fs1/supercdms/data/CDMS/ANIMAL/R70/Raw/27190719_141513/PMT_27190719_141513_34.root copied
/gpfs/slac/staas/fs1/supercdms/data/CDMS/ANIMAL/R70/Raw/27190719_151926/PMT_27190719_151926_20.root copied
/gpfs/slac/staas/fs1/supercdms/data/CDMS/ANIMAL/R70/Raw/27190719_192156/PMT_27190719_192156_50.root copied
/gpfs/slac/staas/fs1/supercdms/data/CDMS/ANIMAL/R70/Raw/27190719_182145/PMT_27190719_182145_60.root copied
/gpfs/slac/staas/fs1/supercdms/data/CDMS/ANIMAL/R70/Raw/27190719_141513/PMT_27190719_141513_55.root copied
/gpfs/slac/staas/fs1/supercdms/data/CDMS/ANIMAL/R70/Raw/27190719_182145/PMT_27190719_182145_15.root copied
/gpfs/slac/staas/fs1/supercdms/data/CDMS/ANIMAL/R70/Raw/27190719_192156/PMT_27190719_192156_15.root copied
/gpfs/slac/staas/fs1/supercdms/data/CDMS/ANIMAL/R70/Raw/27190719_131458/PMT_27190719_131458_76.root copied
/gpfs/slac/staas/fs1/supercdms/data/CDMS/ANIMAL/R70/Raw/27190719_202209/PMT_27190719_202209_38.root copied
/gpfs/slac/staas/fs1/supercdms/data/CDMS/ANIMAL/R70/Raw/27190719_222600/PMT_27190719_222600_47.root copied
/gpfs/slac/staas/fs1/supercdms/data/CDMS/ANIMAL/R70/Raw/27190719_162113/PMT_27190719_162113_43.root copied
/gpfs/slac/staas/fs1/supercdms/data/CDMS/ANIMAL/R70/Raw/27190719_202209/PMT_27190719_202209_26.root copied
/gpfs/slac/staas/fs1/supercdms/data/CDMS/ANIMAL/R70/Raw/27190719_212445/PMT_27190719_212445_33.root copied
/gpfs/slac/staas/fs1/supercdms/data/CDMS/ANIMAL/R70/Raw/27190719_192156/PMT_27190719_192156_76.root copied
/gpfs/slac/staas/fs1/supercdms/data/CDMS/ANIMAL/R70/Raw/27190719_202209/PMT_27190719_202209_51.root copied
/gpfs/slac/staas/fs1/supercdms/data/CDMS/ANIMAL/R70/Raw/27190719_212445/PMT_27190719_212445_55.root copied
/gpfs/slac/staas/fs1/supercdms/data/CDMS/ANIMAL/R70/Raw/27190719_172135/PMT_27190719_172135_25.root copied
/gpfs/slac/staas/fs1/supercdms/data/CDMS/ANIMAL/R70/Raw/27190719_162113/PMT_27190719_162113_27.root copied
/gpfs/slac/staas/fs1/supercdms/data/CDMS/ANIMAL/R70/Raw/27190719_182145/PMT_27190719_182145_73.root copied
/gpfs/slac/staas/fs1/supercdms/data/CDMS/ANIMAL/R70/Raw/27190719_182145/PMT_27190719_182145_4.root copied
/gpfs/slac/staas/fs1/supercdms/data/CDMS/ANIMAL/R70/Raw/27190719_141513/PMT_27190719_141513_8.root copied
/gpfs/slac/staas/fs1/supercdms/data/CDMS/ANIMAL/R70/Raw/27190719_212445/PMT_27190719_212445_69.root copied
/gpfs/slac/staas/fs1/supercdms/data/CDMS/ANIMAL/R70/Raw/27190719_162113/PMT_27190719_162113_29.root copied
/gpfs/slac/staas/fs1/supercdms/data/CDMS/ANIMAL/R70/Raw/27190719_222600/PMT_27190719_222600_73.root copied
/gpfs/slac/staas/fs1/supercdms/data/CDMS/ANIMAL/R70/Raw/27190719_141513/PMT_27190719_141513_68.root copied
/gpfs/slac/staas/fs1/supercdms/data/CDMS/ANIMAL/R70/Raw/27190719_162113/PMT_27190719_162113_16.root copied
/gpfs/slac/staas/fs1/supercdms/data/CDMS/ANIMAL/R70/Raw/27190719_172135/PMT_27190719_172135_75.root copied
/gpfs/slac/staas/fs1/supercdms/data/CDMS/ANIMAL/R70/Raw/27190719_151926/PMT_27190719_151926_26.root copied
/gpfs/slac/staas/fs1/supercdms/data/CDMS/ANIMAL/R70/Raw/27190719_182145/PMT_27190719_182145_30.root copied
/gpfs/slac/staas/fs1/supercdms/data/CDMS/ANIMAL/R70/Raw/27190719_212445/PMT_27190719_212445_14.root copied
/gpfs/slac/staas/fs1/supercdms/data/CDMS/ANIMAL/R70/Raw/27190719_192156/PMT_27190719_192156_57.root copied
/gpfs/slac/staas/fs1/supercdms/data/CDMS/ANIMAL/R70/Raw/27190719_202209/PMT_27190719_202209_27.root copied
/gpfs/slac/staas/fs1/supercdms/data/CDMS/ANIMAL/R70/Raw/27190719_162113/PMT_27190719_162113_57.root copied
/gpfs/slac/staas/fs1/supercdms/data/CDMS/ANIMAL/R70/Raw/27190719_151926/PMT_27190719_151926_36.root copied
/gpfs/slac/staas/fs1/supercdms/data/CDMS/ANIMAL/R70/Raw/27190719_141513/PMT_27190719_141513_67.root copied
/gpfs/slac/staas/fs1/supercdms/data/CDMS/ANIMAL/R70/Raw/27190719_151926/PMT_27190719_151926_78.root copied
/gpfs/slac/staas/fs1/supercdms/data/CDMS/ANIMAL/R70/Raw/27190719_212445/PMT_27190719_212445_64.root copied
/gpfs/slac/staas/fs1/supercdms/data/CDMS/ANIMAL/R70/Raw/27190719_141513/PMT_27190719_141513_3.root copied
/gpfs/slac/staas/fs1/supercdms/data/CDMS/ANIMAL/R70/Raw/27190719_202209/PMT_27190719_202209_10.root copied
/gpfs/slac/staas/fs1/supercdms/data/CDMS/ANIMAL/R70/Raw/27190719_182145/PMT_27190719_182145_80.root copied
/gpfs/slac/staas/fs1/supercdms/data/CDMS/ANIMAL/R70/Raw/27190719_192156/PMT_27190719_192156_37.root copied
/gpfs/slac/staas/fs1/supercdms/data/CDMS/ANIMAL/R70/Raw/27190719_222600/PMT_27190719_222600_72.root copied
/gpfs/slac/staas/fs1/supercdms/data/CDMS/ANIMAL/R70/Raw/27190719_222600/PMT_27190719_222600-conf.root copied
/gpfs/slac/staas/fs1/supercdms/data/CDMS/ANIMAL/R70/Raw/27190719_172135/PMT_27190719_172135_34.root copied
/gpfs/slac/staas/fs1/supercdms/data/CDMS/ANIMAL/R70/Raw/27190719_162113/PMT_27190719_162113_53.root copied
/gpfs/slac/staas/fs1/supercdms/data/CDMS/ANIMAL/R70/Raw/27190719_172135/PMT_27190719_172135_77.root copied
/gpfs/slac/staas/fs1/supercdms/data/CDMS/ANIMAL/R70/Raw/27190719_162113/PMT_27190719_162113_45.root copied
/gpfs/slac/staas/fs1/supercdms/data/CDMS/ANIMAL/R70/Raw/27190719_212445/PMT_27190719_212445_70.root copied
/gpfs/slac/staas/fs1/supercdms/data/CDMS/ANIMAL/R70/Raw/27190719_131458/PMT_27190719_131458_23.root copied
/gpfs/slac/staas/fs1/supercdms/data/CDMS/ANIMAL/R70/Raw/27190719_182145/PMT_27190719_182145-conf.root copied
/gpfs/slac/staas/fs1/supercdms/data/CDMS/ANIMAL/R70/Raw/27190719_141513/PMT_27190719_141513_45.root copied
/gpfs/slac/staas/fs1/supercdms/data/CDMS/ANIMAL/R70/Raw/27190719_131458/PMT_27190719_131458_52.root copied
/gpfs/slac/staas/fs1/supercdms/data/CDMS/ANIMAL/R70/Raw/27190719_141513/PMT_27190719_141513_73.root copied
/gpfs/slac/staas/fs1/supercdms/data/CDMS/ANIMAL/R70/Raw/27190719_222600/PMT_27190719_222600_77.root copied
/gpfs/slac/staas/fs1/supercdms/data/CDMS/ANIMAL/R70/Raw/27190719_212445/PMT_27190719_212445_3.root copied
/gpfs/slac/staas/fs1/supercdms/data/CDMS/ANIMAL/R70/Raw/27190719_212445/PMT_27190719_212445_62.root copied
/gpfs/slac/staas/fs1/supercdms/data/CDMS/ANIMAL/R70/Raw/27190719_162113/PMT_27190719_162113_9.root copied
/gpfs/slac/staas/fs1/supercdms/data/CDMS/ANIMAL/R70/Raw/27190719_202209/PMT_27190719_202209_75.root copied
/gpfs/slac/staas/fs1/supercdms/data/CDMS/ANIMAL/R70/Raw/27190719_192156/PMT_27190719_192156_46.root copied
/gpfs/slac/staas/fs1/supercdms/data/CDMS/ANIMAL/R70/Raw/27190719_151926/PMT_27190719_151926_71.root copied
/gpfs/slac/staas/fs1/supercdms/data/CDMS/ANIMAL/R70/Raw/27190719_151926/PMT_27190719_151926_57.root copied
/gpfs/slac/staas/fs1/supercdms/data/CDMS/ANIMAL/R70/Raw/27190719_141513/PMT_27190719_141513_29.root copied
/gpfs/slac/staas/fs1/supercdms/data/CDMS/ANIMAL/R70/Raw/27190719_222600/PMT_27190719_222600_31.root copied
/gpfs/slac/staas/fs1/supercdms/data/CDMS/ANIMAL/R70/Raw/27190719_182145/PMT_27190719_182145_5.root copied
/gpfs/slac/staas/fs1/supercdms/data/CDMS/ANIMAL/R70/Raw/27190719_182145/PMT_27190719_182145_72.root copied
/gpfs/slac/staas/fs1/supercdms/data/CDMS/ANIMAL/R70/Raw/27190719_192156/PMT_27190719_192156_23.root copied
/gpfs/slac/staas/fs1/supercdms/data/CDMS/ANIMAL/R70/Raw/27190719_141513/PMT_27190719_141513_40.root copied
/gpfs/slac/staas/fs1/supercdms/data/CDMS/ANIMAL/R70/Raw/27190719_182145/PMT_27190719_182145_19.root copied
/gpfs/slac/staas/fs1/supercdms/data/CDMS/ANIMAL/R70/Raw/27190719_162113/PMT_27190719_162113_47.root copied
/gpfs/slac/staas/fs1/supercdms/data/CDMS/ANIMAL/R70/Raw/27190719_212445/PMT_27190719_212445_74.root copied
/gpfs/slac/staas/fs1/supercdms/data/CDMS/ANIMAL/R70/Raw/27190719_202209/PMT_27190719_202209_17.root copied
/gpfs/slac/staas/fs1/supercdms/data/CDMS/ANIMAL/R70/Raw/27190719_222600/PMT_27190719_222600_26.root copied
/gpfs/slac/staas/fs1/supercdms/data/CDMS/ANIMAL/R70/Raw/27190719_131458/PMT_27190719_131458_64.root copied
/gpfs/slac/staas/fs1/supercdms/data/CDMS/ANIMAL/R70/Raw/27190719_172135/PMT_27190719_172135_28.root copied
/gpfs/slac/staas/fs1/supercdms/data/CDMS/ANIMAL/R70/Raw/27190719_141513/PMT_27190719_141513_49.root copied
/gpfs/slac/staas/fs1/supercdms/data/CDMS/ANIMAL/R70/Raw/27190719_172135/PMT_27190719_172135_66.root copied
/gpfs/slac/staas/fs1/supercdms/data/CDMS/ANIMAL/R70/Raw/27190719_212445/PMT_27190719_212445_24.root copied
/gpfs/slac/staas/fs1/supercdms/data/CDMS/ANIMAL/R70/Raw/27190719_192156/PMT_27190719_192156_65.root copied
/gpfs/slac/staas/fs1/supercdms/data/CDMS/ANIMAL/R70/Raw/27190719_192156/PMT_27190719_192156_39.root copied
/gpfs/slac/staas/fs1/supercdms/data/CDMS/ANIMAL/R70/Raw/27190719_172135/PMT_27190719_172135_27.root copied
/gpfs/slac/staas/fs1/supercdms/data/CDMS/ANIMAL/R70/Raw/27190719_131458/PMT_27190719_131458_15.root copied
/gpfs/slac/staas/fs1/supercdms/data/CDMS/ANIMAL/R70/Raw/27190719_151926/PMT_27190719_151926_6.root copied
/gpfs/slac/staas/fs1/supercdms/data/CDMS/ANIMAL/R70/Raw/27190719_131458/PMT_27190719_131458_66.root copied
/gpfs/slac/staas/fs1/supercdms/data/CDMS/ANIMAL/R70/Raw/27190719_192156/PMT_27190719_192156_59.root copied
/gpfs/slac/staas/fs1/supercdms/data/CDMS/ANIMAL/R70/Raw/27190719_131458/PMT_27190719_131458_27.root copied
/gpfs/slac/staas/fs1/supercdms/data/CDMS/ANIMAL/R70/Raw/27190719_212445/PMT_27190719_212445_20.root copied
/gpfs/slac/staas/fs1/supercdms/data/CDMS/ANIMAL/R70/Raw/27190719_212445/PMT_27190719_212445_25.root copied
/gpfs/slac/staas/fs1/supercdms/data/CDMS/ANIMAL/R70/Raw/27190719_202209/PMT_27190719_202209_29.root copied
/gpfs/slac/staas/fs1/supercdms/data/CDMS/ANIMAL/R70/Raw/27190719_222600/PMT_27190719_222600_7.root copied
/gpfs/slac/staas/fs1/supercdms/data/CDMS/ANIMAL/R70/Raw/27190719_202209/PMT_27190719_202209_62.root copied
/gpfs/slac/staas/fs1/supercdms/data/CDMS/ANIMAL/R70/Raw/27190719_162113/PMT_27190719_162113_56.root copied
/gpfs/slac/staas/fs1/supercdms/data/CDMS/ANIMAL/R70/Raw/27190719_192156/PMT_27190719_192156_44.root copied
/gpfs/slac/staas/fs1/supercdms/data/CDMS/ANIMAL/R70/Raw/27190719_222600/PMT_27190719_222600_57.root copied
/gpfs/slac/staas/fs1/supercdms/data/CDMS/ANIMAL/R70/Raw/27190719_162113/PMT_27190719_162113_46.root copied
/gpfs/slac/staas/fs1/supercdms/data/CDMS/ANIMAL/R70/Raw/27190719_222600/PMT_27190719_222600_80.root copied
/gpfs/slac/staas/fs1/supercdms/data/CDMS/ANIMAL/R70/Raw/27190719_212445/PMT_27190719_212445_65.root copied
/gpfs/slac/staas/fs1/supercdms/data/CDMS/ANIMAL/R70/Raw/27190719_141513/PMT_27190719_141513_64.root copied
/gpfs/slac/staas/fs1/supercdms/data/CDMS/ANIMAL/R70/Raw/27190719_162113/PMT_27190719_162113_6.root copied
/gpfs/slac/staas/fs1/supercdms/data/CDMS/ANIMAL/R70/Raw/27190719_182145/PMT_27190719_182145_50.root copied
/gpfs/slac/staas/fs1/supercdms/data/CDMS/ANIMAL/R70/Raw/27190719_182145/PMT_27190719_182145_79.root copied
/gpfs/slac/staas/fs1/supercdms/data/CDMS/ANIMAL/R70/Raw/27190719_141513/PMT_27190719_141513_72.root copied
/gpfs/slac/staas/fs1/supercdms/data/CDMS/ANIMAL/R70/Raw/27190719_222600/PMT_27190719_222600_63.root copied
/gpfs/slac/staas/fs1/supercdms/data/CDMS/ANIMAL/R70/Raw/27190719_222600/PMT_27190719_222600_60.root copied
/gpfs/slac/staas/fs1/supercdms/data/CDMS/ANIMAL/R70/Raw/27190719_162113/PMT_27190719_162113_54.root copied
/gpfs/slac/staas/fs1/supercdms/data/CDMS/ANIMAL/R70/Raw/27190719_131458/PMT_27190719_131458_26.root copied
/gpfs/slac/staas/fs1/supercdms/data/CDMS/ANIMAL/R70/Raw/27190719_192156/PMT_27190719_192156_25.root copied
/gpfs/slac/staas/fs1/supercdms/data/CDMS/ANIMAL/R70/Raw/27190719_141513/PMT_27190719_141513_21.root copied
/gpfs/slac/staas/fs1/supercdms/data/CDMS/ANIMAL/R70/Raw/27190719_172135/PMT_27190719_172135_26.root copied
/gpfs/slac/staas/fs1/supercdms/data/CDMS/ANIMAL/R70/Raw/27190719_151926/PMT_27190719_151926_31.root copied
/gpfs/slac/staas/fs1/supercdms/data/CDMS/ANIMAL/R70/Raw/27190719_162113/PMT_27190719_162113_14.root copied
/gpfs/slac/staas/fs1/supercdms/data/CDMS/ANIMAL/R70/Raw/27190719_131458/PMT_27190719_131458_14.root copied
/gpfs/slac/staas/fs1/supercdms/data/CDMS/ANIMAL/R70/Raw/27190719_202209/PMT_27190719_202209_45.root copied
/gpfs/slac/staas/fs1/supercdms/data/CDMS/ANIMAL/R70/Raw/27190719_151926/PMT_27190719_151926_11.root copied
/gpfs/slac/staas/fs1/supercdms/data/CDMS/ANIMAL/R70/Raw/27190719_131458/PMT_27190719_131458_3.root copied
/gpfs/slac/staas/fs1/supercdms/data/CDMS/ANIMAL/R70/Raw/27190719_222600/PMT_27190719_222600_23.root copied
/gpfs/slac/staas/fs1/supercdms/data/CDMS/ANIMAL/R70/Raw/27190719_141513/PMT_27190719_141513_24.root copied
/gpfs/slac/staas/fs1/supercdms/data/CDMS/ANIMAL/R70/Raw/27190719_222600/PMT_27190719_222600_16.root copied
/gpfs/slac/staas/fs1/supercdms/data/CDMS/ANIMAL/R70/Raw/27190719_162113/PMT_27190719_162113_34.root copied
/gpfs/slac/staas/fs1/supercdms/data/CDMS/ANIMAL/R70/Raw/27190719_162113/PMT_27190719_162113_63.root copied
/gpfs/slac/staas/fs1/supercdms/data/CDMS/ANIMAL/R70/Raw/27190719_141513/PMT_27190719_141513_75.root copied
/gpfs/slac/staas/fs1/supercdms/data/CDMS/ANIMAL/R70/Raw/27190719_212445/PMT_27190719_212445_38.root copied
/gpfs/slac/staas/fs1/supercdms/data/CDMS/ANIMAL/R70/Raw/27190719_182145/PMT_27190719_182145_28.root copied
/gpfs/slac/staas/fs1/supercdms/data/CDMS/ANIMAL/R70/Raw/27190719_202209/PMT_27190719_202209_21.root copied
/gpfs/slac/staas/fs1/supercdms/data/CDMS/ANIMAL/R70/Raw/27190719_172135/PMT_27190719_172135_53.root copied
/gpfs/slac/staas/fs1/supercdms/data/CDMS/ANIMAL/R70/Raw/27190719_212445/PMT_27190719_212445_12.root copied
/gpfs/slac/staas/fs1/supercdms/data/CDMS/ANIMAL/R70/Raw/27190719_212445/PMT_27190719_212445_9.root copied
/gpfs/slac/staas/fs1/supercdms/data/CDMS/ANIMAL/R70/Raw/27190719_131458/PMT_27190719_131458_54.root copied
/gpfs/slac/staas/fs1/supercdms/data/CDMS/ANIMAL/R70/Raw/27190719_172135/PMT_27190719_172135_55.root copied
/gpfs/slac/staas/fs1/supercdms/data/CDMS/ANIMAL/R70/Raw/27190719_192156/PMT_27190719_192156_72.root copied
/gpfs/slac/staas/fs1/supercdms/data/CDMS/ANIMAL/R70/Raw/27190719_131458/PMT_27190719_131458_1.root copied
/gpfs/slac/staas/fs1/supercdms/data/CDMS/ANIMAL/R70/Raw/27190719_172135/PMT_27190719_172135_59.root copied
/gpfs/slac/staas/fs1/supercdms/data/CDMS/ANIMAL/R70/Raw/27190719_202209/PMT_27190719_202209_25.root copied
/gpfs/slac/staas/fs1/supercdms/data/CDMS/ANIMAL/R70/Raw/27190719_202209/PMT_27190719_202209_56.root copied
/gpfs/slac/staas/fs1/supercdms/data/CDMS/ANIMAL/R70/Raw/27190719_212445/PMT_27190719_212445_57.root copied
/gpfs/slac/staas/fs1/supercdms/data/CDMS/ANIMAL/R70/Raw/27190719_202209/PMT_27190719_202209_80.root copied
/gpfs/slac/staas/fs1/supercdms/data/CDMS/ANIMAL/R70/Raw/27190719_162113/PMT_27190719_162113_1.root copied
/gpfs/slac/staas/fs1/supercdms/data/CDMS/ANIMAL/R70/Raw/27190719_222600/PMT_27190719_222600_48.root copied
/gpfs/slac/staas/fs1/supercdms/data/CDMS/ANIMAL/R70/Raw/27190719_131458/PMT_27190719_131458_4.root copied
/gpfs/slac/staas/fs1/supercdms/data/CDMS/ANIMAL/R70/Raw/27190719_172135/PMT_27190719_172135_5.root copied
/gpfs/slac/staas/fs1/supercdms/data/CDMS/ANIMAL/R70/Raw/27190719_202209/PMT_27190719_202209_79.root copied
/gpfs/slac/staas/fs1/supercdms/data/CDMS/ANIMAL/R70/Raw/27190719_151926/PMT_27190719_151926_60.root copied
/gpfs/slac/staas/fs1/supercdms/data/CDMS/ANIMAL/R70/Raw/27190719_141513/PMT_27190719_141513_25.root copied
/gpfs/slac/staas/fs1/supercdms/data/CDMS/ANIMAL/R70/Raw/27190719_151926/PMT_27190719_151926_42.root copied
/gpfs/slac/staas/fs1/supercdms/data/CDMS/ANIMAL/R70/Raw/27190719_151926/PMT_27190719_151926_21.root copied
/gpfs/slac/staas/fs1/supercdms/data/CDMS/ANIMAL/R70/Raw/27190719_192156/PMT_27190719_192156_66.root copied
/gpfs/slac/staas/fs1/supercdms/data/CDMS/ANIMAL/R70/Raw/27190719_131458/PMT_27190719_131458_49.root copied
/gpfs/slac/staas/fs1/supercdms/data/CDMS/ANIMAL/R70/Raw/27190719_141513/PMT_27190719_141513_46.root copied
/gpfs/slac/staas/fs1/supercdms/data/CDMS/ANIMAL/R70/Raw/27190719_212445/PMT_27190719_212445_71.root copied
/gpfs/slac/staas/fs1/supercdms/data/CDMS/ANIMAL/R70/Raw/27190719_172135/PMT_27190719_172135_57.root copied
/gpfs/slac/staas/fs1/supercdms/data/CDMS/ANIMAL/R70/Raw/27190719_192156/PMT_27190719_192156_53.root copied
/gpfs/slac/staas/fs1/supercdms/data/CDMS/ANIMAL/R70/Raw/27190719_192156/PMT_27190719_192156_27.root copied
/gpfs/slac/staas/fs1/supercdms/data/CDMS/ANIMAL/R70/Raw/27190719_172135/PMT_27190719_172135_50.root copied
/gpfs/slac/staas/fs1/supercdms/data/CDMS/ANIMAL/R70/Raw/27190719_162113/PMT_27190719_162113_42.root copied
/gpfs/slac/staas/fs1/supercdms/data/CDMS/ANIMAL/R70/Raw/27190719_162113/PMT_27190719_162113_52.root copied
/gpfs/slac/staas/fs1/supercdms/data/CDMS/ANIMAL/R70/Raw/27190719_172135/PMT_27190719_172135_58.root copied
/gpfs/slac/staas/fs1/supercdms/data/CDMS/ANIMAL/R70/Raw/27190719_182145/PMT_27190719_182145_69.root copied
/gpfs/slac/staas/fs1/supercdms/data/CDMS/ANIMAL/R70/Raw/27190719_182145/PMT_27190719_182145_42.root copied
/gpfs/slac/staas/fs1/supercdms/data/CDMS/ANIMAL/R70/Raw/27190719_202209/PMT_27190719_202209_52.root copied
/gpfs/slac/staas/fs1/supercdms/data/CDMS/ANIMAL/R70/Raw/27190719_141513/PMT_27190719_141513_5.root copied
/gpfs/slac/staas/fs1/supercdms/data/CDMS/ANIMAL/R70/Raw/27190719_182145/PMT_27190719_182145_52.root copied
/gpfs/slac/staas/fs1/supercdms/data/CDMS/ANIMAL/R70/Raw/27190719_212445/PMT_27190719_212445_68.root copied
/gpfs/slac/staas/fs1/supercdms/data/CDMS/ANIMAL/R70/Raw/27190719_172135/PMT_27190719_172135_80.root copied
/gpfs/slac/staas/fs1/supercdms/data/CDMS/ANIMAL/R70/Raw/27190719_141513/PMT_27190719_141513_18.root copied
/gpfs/slac/staas/fs1/supercdms/data/CDMS/ANIMAL/R70/Raw/27190719_141513/PMT_27190719_141513_59.root copied
/gpfs/slac/staas/fs1/supercdms/data/CDMS/ANIMAL/R70/Raw/27190719_222600/PMT_27190719_222600_45.root copied
/gpfs/slac/staas/fs1/supercdms/data/CDMS/ANIMAL/R70/Raw/27190719_222600/PMT_27190719_222600_61.root copied
/gpfs/slac/staas/fs1/supercdms/data/CDMS/ANIMAL/R70/Raw/27190719_151926/PMT_27190719_151926_66.root copied
/gpfs/slac/staas/fs1/supercdms/data/CDMS/ANIMAL/R70/Raw/27190719_151926/PMT_27190719_151926_50.root copied
/gpfs/slac/staas/fs1/supercdms/data/CDMS/ANIMAL/R70/Raw/27190719_222600/PMT_27190719_222600_34.root copied
/gpfs/slac/staas/fs1/supercdms/data/CDMS/ANIMAL/R70/Raw/27190719_212445/PMT_27190719_212445_5.root copied
/gpfs/slac/staas/fs1/supercdms/data/CDMS/ANIMAL/R70/Raw/27190719_182145/PMT_27190719_182145_43.root copied
/gpfs/slac/staas/fs1/supercdms/data/CDMS/ANIMAL/R70/Raw/27190719_192156/PMT_27190719_192156_14.root copied
/gpfs/slac/staas/fs1/supercdms/data/CDMS/ANIMAL/R70/Raw/27190719_202209/PMT_27190719_202209_9.root copied
/gpfs/slac/staas/fs1/supercdms/data/CDMS/ANIMAL/R70/Raw/27190719_151926/PMT_27190719_151926_73.root copied
/gpfs/slac/staas/fs1/supercdms/data/CDMS/ANIMAL/R70/Raw/27190719_151926/PMT_27190719_151926_23.root copied
/gpfs/slac/staas/fs1/supercdms/data/CDMS/ANIMAL/R70/Raw/27190719_182145/PMT_27190719_182145_59.root copied
/gpfs/slac/staas/fs1/supercdms/data/CDMS/ANIMAL/R70/Raw/27190719_172135/PMT_27190719_172135_17.root copied
/gpfs/slac/staas/fs1/supercdms/data/CDMS/ANIMAL/R70/Raw/27190719_151926/PMT_27190719_151926_59.root copied
/gpfs/slac/staas/fs1/supercdms/data/CDMS/ANIMAL/R70/Raw/27190719_202209/PMT_27190719_202209_7.root copied
/gpfs/slac/staas/fs1/supercdms/data/CDMS/ANIMAL/R70/Raw/27190719_162113/PMT_27190719_162113_61.root copied
/gpfs/slac/staas/fs1/supercdms/data/CDMS/ANIMAL/R70/Raw/27190719_202209/PMT_27190719_202209_18.root copied
/gpfs/slac/staas/fs1/supercdms/data/CDMS/ANIMAL/R70/Raw/27190719_202209/PMT_27190719_202209_42.root copied
/gpfs/slac/staas/fs1/supercdms/data/CDMS/ANIMAL/R70/Raw/27190719_151926/PMT_27190719_151926_70.root copied
/gpfs/slac/staas/fs1/supercdms/data/CDMS/ANIMAL/R70/Raw/27190719_151926/PMT_27190719_151926_75.root copied
/gpfs/slac/staas/fs1/supercdms/data/CDMS/ANIMAL/R70/Raw/27190719_172135/PMT_27190719_172135_41.root copied
/gpfs/slac/staas/fs1/supercdms/data/CDMS/ANIMAL/R70/Raw/27190719_151926/PMT_27190719_151926_74.root copied
/gpfs/slac/staas/fs1/supercdms/data/CDMS/ANIMAL/R70/Raw/27190719_141513/PMT_27190719_141513_14.root copied
/gpfs/slac/staas/fs1/supercdms/data/CDMS/ANIMAL/R70/Raw/27190719_151926/PMT_27190719_151926_68.root copied
/gpfs/slac/staas/fs1/supercdms/data/CDMS/ANIMAL/R70/Raw/27190719_192156/PMT_27190719_192156_29.root copied
/gpfs/slac/staas/fs1/supercdms/data/CDMS/ANIMAL/R70/Raw/27190719_182145/PMT_27190719_182145_16.root copied
/gpfs/slac/staas/fs1/supercdms/data/CDMS/ANIMAL/R70/Raw/27190719_222600/PMT_27190719_222600_68.root copied
/gpfs/slac/staas/fs1/supercdms/data/CDMS/ANIMAL/R70/Raw/27190719_192156/PMT_27190719_192156_6.root copied
/gpfs/slac/staas/fs1/supercdms/data/CDMS/ANIMAL/R70/Raw/27190719_172135/PMT_27190719_172135_21.root copied
/gpfs/slac/staas/fs1/supercdms/data/CDMS/ANIMAL/R70/Raw/27190719_222600/PMT_27190719_222600_66.root copied
/gpfs/slac/staas/fs1/supercdms/data/CDMS/ANIMAL/R70/Raw/27190719_222600/PMT_27190719_222600_49.root copied
/gpfs/slac/staas/fs1/supercdms/data/CDMS/ANIMAL/R70/Raw/27190719_131458/PMT_27190719_131458_65.root copied
/gpfs/slac/staas/fs1/supercdms/data/CDMS/ANIMAL/R70/Raw/27190719_212445/PMT_27190719_212445_66.root copied
/gpfs/slac/staas/fs1/supercdms/data/CDMS/ANIMAL/R70/Raw/27190719_182145/PMT_27190719_182145_54.root copied
/gpfs/slac/staas/fs1/supercdms/data/CDMS/ANIMAL/R70/Raw/27190719_151926/PMT_27190719_151926_10.root copied
/gpfs/slac/staas/fs1/supercdms/data/CDMS/ANIMAL/R70/Raw/27190719_172135/PMT_27190719_172135_8.root copied
/gpfs/slac/staas/fs1/supercdms/data/CDMS/ANIMAL/R70/Raw/27190719_162113/PMT_27190719_162113_2.root copied
/gpfs/slac/staas/fs1/supercdms/data/CDMS/ANIMAL/R70/Raw/27190719_212445/PMT_27190719_212445_22.root copied
/gpfs/slac/staas/fs1/supercdms/data/CDMS/ANIMAL/R70/Raw/27190719_192156/PMT_27190719_192156_38.root copied
/gpfs/slac/staas/fs1/supercdms/data/CDMS/ANIMAL/R70/Raw/27190719_141513/PMT_27190719_141513_16.root copied
/gpfs/slac/staas/fs1/supercdms/data/CDMS/ANIMAL/R70/Raw/27190719_222600/PMT_27190719_222600_6.root copied
/gpfs/slac/staas/fs1/supercdms/data/CDMS/ANIMAL/R70/Raw/27190719_182145/PMT_27190719_182145_67.root copied
/gpfs/slac/staas/fs1/supercdms/data/CDMS/ANIMAL/R70/Raw/27190719_141513/PMT_27190719_141513_66.root copied
/gpfs/slac/staas/fs1/supercdms/data/CDMS/ANIMAL/R70/Raw/27190719_131458/PMT_27190719_131458_73.root copied
/gpfs/slac/staas/fs1/supercdms/data/CDMS/ANIMAL/R70/Raw/27190719_141513/PMT_27190719_141513_39.root copied
27190709_171053 didnt exist, now it does
/gpfs/slac/staas/fs1/supercdms/data/CDMS/ANIMAL/R70/Raw/27190709_171053/PMT_27190709_171053_57.root copied
27190709_161046 didnt exist, now it does
/gpfs/slac/staas/fs1/supercdms/data/CDMS/ANIMAL/R70/Raw/27190709_161046/PMT_27190709_161046_76.root copied
/gpfs/slac/staas/fs1/supercdms/data/CDMS/ANIMAL/R70/Raw/27190709_150316/PMT_27190709_150316_61.root copied
27190709_130049 didnt exist, now it does
/gpfs/slac/staas/fs1/supercdms/data/CDMS/ANIMAL/R70/Raw/27190709_130049/PMT_27190709_130049_21.root copied
27190709_191256 didnt exist, now it does
/gpfs/slac/staas/fs1/supercdms/data/CDMS/ANIMAL/R70/Raw/27190709_191256/PMT_27190709_191256_11.root copied
27190709_201334 didnt exist, now it does
/gpfs/slac/staas/fs1/supercdms/data/CDMS/ANIMAL/R70/Raw/27190709_201334/PMT_27190709_201334_24.root copied
/gpfs/slac/staas/fs1/supercdms/data/CDMS/ANIMAL/R70/Raw/27190709_191256/PMT_27190709_191256_73.root copied
27190709_140210 didnt exist, now it does
/gpfs/slac/staas/fs1/supercdms/data/CDMS/ANIMAL/R70/Raw/27190709_140210/PMT_27190709_140210_69.root copied
/gpfs/slac/staas/fs1/supercdms/data/CDMS/ANIMAL/R70/Raw/27190709_140210/PMT_27190709_140210_44.root copied
/gpfs/slac/staas/fs1/supercdms/data/CDMS/ANIMAL/R70/Raw/27190709_150316/PMT_27190709_150316_36.root copied
/gpfs/slac/staas/fs1/supercdms/data/CDMS/ANIMAL/R70/Raw/27190709_191256/PMT_27190709_191256_64.root copied
/gpfs/slac/staas/fs1/supercdms/data/CDMS/ANIMAL/R70/Raw/27190709_171053/PMT_27190709_171053_26.root copied
/gpfs/slac/staas/fs1/supercdms/data/CDMS/ANIMAL/R70/Raw/27190709_130049/PMT_27190709_130049_63.root copied
27190709_181059 didnt exist, now it does
/gpfs/slac/staas/fs1/supercdms/data/CDMS/ANIMAL/R70/Raw/27190709_181059/PMT_27190709_181059_69.root copied
/gpfs/slac/staas/fs1/supercdms/data/CDMS/ANIMAL/R70/Raw/27190709_171053/PMT_27190709_171053_56.root copied
27190709_105325 didnt exist, now it does
/gpfs/slac/staas/fs1/supercdms/data/CDMS/ANIMAL/R70/Raw/27190709_105325/PMT_27190709_105325_31.root copied
27190709_211844 didnt exist, now it does
/gpfs/slac/staas/fs1/supercdms/data/CDMS/ANIMAL/R70/Raw/27190709_211844/PMT_27190709_211844_67.root copied
/gpfs/slac/staas/fs1/supercdms/data/CDMS/ANIMAL/R70/Raw/27190709_161046/PMT_27190709_161046_49.root copied
/gpfs/slac/staas/fs1/supercdms/data/CDMS/ANIMAL/R70/Raw/27190709_130049/PMT_27190709_130049_71.root copied
/gpfs/slac/staas/fs1/supercdms/data/CDMS/ANIMAL/R70/Raw/27190709_211844/PMT_27190709_211844_56.root copied
/gpfs/slac/staas/fs1/supercdms/data/CDMS/ANIMAL/R70/Raw/27190709_150316/PMT_27190709_150316_19.root copied
/gpfs/slac/staas/fs1/supercdms/data/CDMS/ANIMAL/R70/Raw/27190709_171053/PMT_27190709_171053_34.root copied
/gpfs/slac/staas/fs1/supercdms/data/CDMS/ANIMAL/R70/Raw/27190709_130049/PMT_27190709_130049_56.root copied
/gpfs/slac/staas/fs1/supercdms/data/CDMS/ANIMAL/R70/Raw/27190709_105325/PMT_27190709_105325_57.root copied
/gpfs/slac/staas/fs1/supercdms/data/CDMS/ANIMAL/R70/Raw/27190709_140210/PMT_27190709_140210_45.root copied
/gpfs/slac/staas/fs1/supercdms/data/CDMS/ANIMAL/R70/Raw/27190709_171053/PMT_27190709_171053_62.root copied
/gpfs/slac/staas/fs1/supercdms/data/CDMS/ANIMAL/R70/Raw/27190709_211844/PMT_27190709_211844_60.root copied
/gpfs/slac/staas/fs1/supercdms/data/CDMS/ANIMAL/R70/Raw/27190709_130049/PMT_27190709_130049_75.root copied
/gpfs/slac/staas/fs1/supercdms/data/CDMS/ANIMAL/R70/Raw/27190709_191256/PMT_27190709_191256_49.root copied
/gpfs/slac/staas/fs1/supercdms/data/CDMS/ANIMAL/R70/Raw/27190709_181059/PMT_27190709_181059_3.root copied
/gpfs/slac/staas/fs1/supercdms/data/CDMS/ANIMAL/R70/Raw/27190709_201334/PMT_27190709_201334_56.root copied
/gpfs/slac/staas/fs1/supercdms/data/CDMS/ANIMAL/R70/Raw/27190709_201334/PMT_27190709_201334_55.root copied
/gpfs/slac/staas/fs1/supercdms/data/CDMS/ANIMAL/R70/Raw/27190709_171053/PMT_27190709_171053_6.root copied
/gpfs/slac/staas/fs1/supercdms/data/CDMS/ANIMAL/R70/Raw/27190709_211844/PMT_27190709_211844_50.root copied
27190709_115924 didnt exist, now it does
Traceback (most recent call last):
  File "interactWithCSVPMTDAQ.py", line 38, in <module>
    copyCommand(oldpath, newpath) 
  File "interactWithCSVPMTDAQ.py", line 20, in copyCommand
    sht.copyfile(previousPlace, newPlace)
  File "/gpfs/slac/staas/fs1/supercdms/packages/miniconda3/lib/python3.7/shutil.py", line 122, in copyfile
    copyfileobj(fsrc, fdst)
  File "/gpfs/slac/staas/fs1/supercdms/packages/miniconda3/lib/python3.7/shutil.py", line 79, in copyfileobj
    buf = fsrc.read(length)
KeyboardInterrupt
