OldFile,NewFile
/nfs/slac/g/supercdms/tf/northwestern/AnimalData/AR70/PMTDAQ/cdmsqfday1/raw/SIS3316Raw_20190703191757_76.root,/gpfs/slac/staas/fs1/supercdms/data/CDMS/ANIMAL/R70/Raw/27190703_191757/27190703_191757_76.root
/nfs/slac/g/supercdms/tf/northwestern/AnimalData/AR70/PMTDAQ/cdmsqfday1/raw/SIS3316Raw_20190703133501_72.root,/gpfs/slac/staas/fs1/supercdms/data/CDMS/ANIMAL/R70/Raw/27190703_133501/27190703_133501_72.root
/nfs/slac/g/supercdms/tf/northwestern/AnimalData/AR70/PMTDAQ/cdmsqfday1/raw/SIS3316Raw_20190703181714_64.root,/gpfs/slac/staas/fs1/supercdms/data/CDMS/ANIMAL/R70/Raw/27190703_181714/27190703_181714_64.root
/nfs/slac/g/supercdms/tf/northwestern/AnimalData/AR70/PMTDAQ/cdmsqfday1/raw/SIS3316Raw_20190703201840_11.root,/gpfs/slac/staas/fs1/supercdms/data/CDMS/ANIMAL/R70/Raw/27190703_201840/27190703_201840_11.root
/nfs/slac/g/supercdms/tf/northwestern/AnimalData/AR70/PMTDAQ/cdmsqfday1/raw/SIS3316Raw_20190703145242_17.root,/gpfs/slac/staas/fs1/supercdms/data/CDMS/ANIMAL/R70/Raw/27190703_145242/27190703_145242_17.root
/nfs/slac/g/supercdms/tf/northwestern/AnimalData/AR70/PMTDAQ/cdmsqfday1/raw/SIS3316Raw_20190703145242_19.root,/gpfs/slac/staas/fs1/supercdms/data/CDMS/ANIMAL/R70/Raw/27190703_145242/27190703_145242_19.root
/nfs/slac/g/supercdms/tf/northwestern/AnimalData/AR70/PMTDAQ/cdmsqfday1/raw/SIS3316Raw_20190703161356_57.root,/gpfs/slac/staas/fs1/supercdms/data/CDMS/ANIMAL/R70/Raw/27190703_161356/27190703_161356_57.root
/nfs/slac/g/supercdms/tf/northwestern/AnimalData/AR70/PMTDAQ/cdmsqfday1/raw/SIS3316Raw_20190703133501_9.root,/gpfs/slac/staas/fs1/supercdms/data/CDMS/ANIMAL/R70/Raw/27190703_133501/27190703_133501_9.root
/nfs/slac/g/supercdms/tf/northwestern/AnimalData/AR70/PMTDAQ/cdmsqfday1/raw/SIS3316Raw_20190703181714_32.root,/gpfs/slac/staas/fs1/supercdms/data/CDMS/ANIMAL/R70/Raw/27190703_181714/27190703_181714_32.root
/nfs/slac/g/supercdms/tf/northwestern/AnimalData/AR70/PMTDAQ/cdmsqfday1/raw/SIS3316Raw_20190703191757_51.root,/gpfs/slac/staas/fs1/supercdms/data/CDMS/ANIMAL/R70/Raw/27190703_191757/27190703_191757_51.root
/nfs/slac/g/supercdms/tf/northwestern/AnimalData/AR70/PMTDAQ/cdmsqfday1/raw/SIS3316Raw_20190703161356_81.root,/gpfs/slac/staas/fs1/supercdms/data/CDMS/ANIMAL/R70/Raw/27190703_161356/27190703_161356_81.root
/nfs/slac/g/supercdms/tf/northwestern/AnimalData/AR70/PMTDAQ/cdmsqfday1/raw/SIS3316Raw_20190703191757_30.root,/gpfs/slac/staas/fs1/supercdms/data/CDMS/ANIMAL/R70/Raw/27190703_191757/27190703_191757_30.root
/nfs/slac/g/supercdms/tf/northwestern/AnimalData/AR70/PMTDAQ/cdmsqfday1/raw/SIS3316Raw_20190703201840_64.root,/gpfs/slac/staas/fs1/supercdms/data/CDMS/ANIMAL/R70/Raw/27190703_201840/27190703_201840_64.root
/nfs/slac/g/supercdms/tf/northwestern/AnimalData/AR70/PMTDAQ/cdmsqfday1/raw/SIS3316Raw_20190703171512_38.root,/gpfs/slac/staas/fs1/supercdms/data/CDMS/ANIMAL/R70/Raw/27190703_171512/27190703_171512_38.root
/nfs/slac/g/supercdms/tf/northwestern/AnimalData/AR70/PMTDAQ/cdmsqfday1/raw/SIS3316Raw_20190703191757_52.root,/gpfs/slac/staas/fs1/supercdms/data/CDMS/ANIMAL/R70/Raw/27190703_191757/27190703_191757_52.root
/nfs/slac/g/supercdms/tf/northwestern/AnimalData/AR70/PMTDAQ/cdmsqfday1/raw/SIS3316Raw_20190703121403_75.root,/gpfs/slac/staas/fs1/supercdms/data/CDMS/ANIMAL/R70/Raw/27190703_121403/27190703_121403_75.root
/nfs/slac/g/supercdms/tf/northwestern/AnimalData/AR70/PMTDAQ/cdmsqfday1/raw/SIS3316Raw_20190703161356_46.root,/gpfs/slac/staas/fs1/supercdms/data/CDMS/ANIMAL/R70/Raw/27190703_161356/27190703_161356_46.root
/nfs/slac/g/supercdms/tf/northwestern/AnimalData/AR70/PMTDAQ/cdmsqfday1/raw/SIS3316Raw_20190703145242_7.root,/gpfs/slac/staas/fs1/supercdms/data/CDMS/ANIMAL/R70/Raw/27190703_145242/27190703_145242_7.root
/nfs/slac/g/supercdms/tf/northwestern/AnimalData/AR70/PMTDAQ/cdmsqfday1/raw/SIS3316Raw_20190703150930_50.root,/gpfs/slac/staas/fs1/supercdms/data/CDMS/ANIMAL/R70/Raw/27190703_150930/27190703_150930_50.root
/nfs/slac/g/supercdms/tf/northwestern/AnimalData/AR70/PMTDAQ/cdmsqfday1/raw/SIS3316Raw_20190703191757_2.root,/gpfs/slac/staas/fs1/supercdms/data/CDMS/ANIMAL/R70/Raw/27190703_191757/27190703_191757_2.root
/nfs/slac/g/supercdms/tf/northwestern/AnimalData/AR70/PMTDAQ/cdmsqfday1/raw/SIS3316Raw_20190703171512_43.root,/gpfs/slac/staas/fs1/supercdms/data/CDMS/ANIMAL/R70/Raw/27190703_171512/27190703_171512_43.root
/nfs/slac/g/supercdms/tf/northwestern/AnimalData/AR70/PMTDAQ/cdmsqfday1/raw/SIS3316Raw_20190703133501_42.root,/gpfs/slac/staas/fs1/supercdms/data/CDMS/ANIMAL/R70/Raw/27190703_133501/27190703_133501_42.root
/nfs/slac/g/supercdms/tf/northwestern/AnimalData/AR70/PMTDAQ/cdmsqfday1/raw/SIS3316Raw_20190703201840_25.root,/gpfs/slac/staas/fs1/supercdms/data/CDMS/ANIMAL/R70/Raw/27190703_201840/27190703_201840_25.root
/nfs/slac/g/supercdms/tf/northwestern/AnimalData/AR70/PMTDAQ/cdmsqfday1/raw/SIS3316Raw_20190703133501_24.root,/gpfs/slac/staas/fs1/supercdms/data/CDMS/ANIMAL/R70/Raw/27190703_133501/27190703_133501_24.root
/nfs/slac/g/supercdms/tf/northwestern/AnimalData/AR70/PMTDAQ/cdmsqfday1/raw/SIS3316Raw_20190703133501_46.root,/gpfs/slac/staas/fs1/supercdms/data/CDMS/ANIMAL/R70/Raw/27190703_133501/27190703_133501_46.root
/nfs/slac/g/supercdms/tf/northwestern/AnimalData/AR70/PMTDAQ/cdmsqfday1/raw/SIS3316Raw_20190703150930_51.root,/gpfs/slac/staas/fs1/supercdms/data/CDMS/ANIMAL/R70/Raw/27190703_150930/27190703_150930_51.root
/nfs/slac/g/supercdms/tf/northwestern/AnimalData/AR70/PMTDAQ/cdmsqfday1/raw/SIS3316Raw_20190703171512_15.root,/gpfs/slac/staas/fs1/supercdms/data/CDMS/ANIMAL/R70/Raw/27190703_171512/27190703_171512_15.root
/nfs/slac/g/supercdms/tf/northwestern/AnimalData/AR70/PMTDAQ/cdmsqfday1/raw/SIS3316Raw_20190703191757_12.root,/gpfs/slac/staas/fs1/supercdms/data/CDMS/ANIMAL/R70/Raw/27190703_191757/27190703_191757_12.root
/nfs/slac/g/supercdms/tf/northwestern/AnimalData/AR70/PMTDAQ/cdmsqfday1/raw/SIS3316Raw_20190703171512_82.root,/gpfs/slac/staas/fs1/supercdms/data/CDMS/ANIMAL/R70/Raw/27190703_171512/27190703_171512_82.root
/nfs/slac/g/supercdms/tf/northwestern/AnimalData/AR70/PMTDAQ/cdmsqfday1/raw/SIS3316Raw_20190703191757_3.root,/gpfs/slac/staas/fs1/supercdms/data/CDMS/ANIMAL/R70/Raw/27190703_191757/27190703_191757_3.root
/nfs/slac/g/supercdms/tf/northwestern/AnimalData/AR70/PMTDAQ/cdmsqfday1/raw/SIS3316Raw_20190703181714_63.root,/gpfs/slac/staas/fs1/supercdms/data/CDMS/ANIMAL/R70/Raw/27190703_181714/27190703_181714_63.root
/nfs/slac/g/supercdms/tf/northwestern/AnimalData/AR70/PMTDAQ/cdmsqfday1/raw/SIS3316Raw_20190703181714_77.root,/gpfs/slac/staas/fs1/supercdms/data/CDMS/ANIMAL/R70/Raw/27190703_181714/27190703_181714_77.root
/nfs/slac/g/supercdms/tf/northwestern/AnimalData/AR70/PMTDAQ/cdmsqfday1/raw/SIS3316Raw_20190703150930_79.root,/gpfs/slac/staas/fs1/supercdms/data/CDMS/ANIMAL/R70/Raw/27190703_150930/27190703_150930_79.root
/nfs/slac/g/supercdms/tf/northwestern/AnimalData/AR70/PMTDAQ/cdmsqfday1/raw/SIS3316Raw_20190703121403_6.root,/gpfs/slac/staas/fs1/supercdms/data/CDMS/ANIMAL/R70/Raw/27190703_121403/27190703_121403_6.root
/nfs/slac/g/supercdms/tf/northwestern/AnimalData/AR70/PMTDAQ/cdmsqfday1/raw/SIS3316Raw_20190703171512_67.root,/gpfs/slac/staas/fs1/supercdms/data/CDMS/ANIMAL/R70/Raw/27190703_171512/27190703_171512_67.root
/nfs/slac/g/supercdms/tf/northwestern/AnimalData/AR70/PMTDAQ/cdmsqfday1/raw/SIS3316Raw_20190703121403_52.root,/gpfs/slac/staas/fs1/supercdms/data/CDMS/ANIMAL/R70/Raw/27190703_121403/27190703_121403_52.root
/nfs/slac/g/supercdms/tf/northwestern/AnimalData/AR70/PMTDAQ/cdmsqfday1/raw/SIS3316Raw_20190703181714_84.root,/gpfs/slac/staas/fs1/supercdms/data/CDMS/ANIMAL/R70/Raw/27190703_181714/27190703_181714_84.root
/nfs/slac/g/supercdms/tf/northwestern/AnimalData/AR70/PMTDAQ/cdmsqfday1/raw/SIS3316Raw_20190703161356_6.root,/gpfs/slac/staas/fs1/supercdms/data/CDMS/ANIMAL/R70/Raw/27190703_161356/27190703_161356_6.root
/nfs/slac/g/supercdms/tf/northwestern/AnimalData/AR70/PMTDAQ/cdmsqfday1/raw/SIS3316Raw_20190703181714_54.root,/gpfs/slac/staas/fs1/supercdms/data/CDMS/ANIMAL/R70/Raw/27190703_181714/27190703_181714_54.root
/nfs/slac/g/supercdms/tf/northwestern/AnimalData/AR70/PMTDAQ/cdmsqfday1/raw/SIS3316Raw_20190703201840_54.root,/gpfs/slac/staas/fs1/supercdms/data/CDMS/ANIMAL/R70/Raw/27190703_201840/27190703_201840_54.root
/nfs/slac/g/supercdms/tf/northwestern/AnimalData/AR70/PMTDAQ/cdmsqfday1/raw/SIS3316Raw_20190703181714_2.root,/gpfs/slac/staas/fs1/supercdms/data/CDMS/ANIMAL/R70/Raw/27190703_181714/27190703_181714_2.root
/nfs/slac/g/supercdms/tf/northwestern/AnimalData/AR70/PMTDAQ/cdmsqfday1/raw/SIS3316Raw_20190703133501_50.root,/gpfs/slac/staas/fs1/supercdms/data/CDMS/ANIMAL/R70/Raw/27190703_133501/27190703_133501_50.root
/nfs/slac/g/supercdms/tf/northwestern/AnimalData/AR70/PMTDAQ/cdmsqfday1/raw/SIS3316Raw_20190703150930_80.root,/gpfs/slac/staas/fs1/supercdms/data/CDMS/ANIMAL/R70/Raw/27190703_150930/27190703_150930_80.root
/nfs/slac/g/supercdms/tf/northwestern/AnimalData/AR70/PMTDAQ/cdmsqfday1/raw/SIS3316Raw_20190703150930_26.root,/gpfs/slac/staas/fs1/supercdms/data/CDMS/ANIMAL/R70/Raw/27190703_150930/27190703_150930_26.root
/nfs/slac/g/supercdms/tf/northwestern/AnimalData/AR70/PMTDAQ/cdmsqfday1/raw/SIS3316Raw_20190703181714-conf.root,/gpfs/slac/staas/fs1/supercdms/data/CDMS/ANIMAL/R70/Raw/27190703_181714/27190703_181714-conf.root
/nfs/slac/g/supercdms/tf/northwestern/AnimalData/AR70/PMTDAQ/cdmsqfday1/raw/SIS3316Raw_20190703150930_10.root,/gpfs/slac/staas/fs1/supercdms/data/CDMS/ANIMAL/R70/Raw/27190703_150930/27190703_150930_10.root
/nfs/slac/g/supercdms/tf/northwestern/AnimalData/AR70/PMTDAQ/cdmsqfday1/raw/SIS3316Raw_20190703201840_6.root,/gpfs/slac/staas/fs1/supercdms/data/CDMS/ANIMAL/R70/Raw/27190703_201840/27190703_201840_6.root
/nfs/slac/g/supercdms/tf/northwestern/AnimalData/AR70/PMTDAQ/cdmsqfday1/raw/SIS3316Raw_20190703191757_16.root,/gpfs/slac/staas/fs1/supercdms/data/CDMS/ANIMAL/R70/Raw/27190703_191757/27190703_191757_16.root
/nfs/slac/g/supercdms/tf/northwestern/AnimalData/AR70/PMTDAQ/cdmsqfday1/raw/SIS3316Raw_20190703201840_39.root,/gpfs/slac/staas/fs1/supercdms/data/CDMS/ANIMAL/R70/Raw/27190703_201840/27190703_201840_39.root
/nfs/slac/g/supercdms/tf/northwestern/AnimalData/AR70/PMTDAQ/cdmsqfday1/raw/SIS3316Raw_20190703201840_43.root,/gpfs/slac/staas/fs1/supercdms/data/CDMS/ANIMAL/R70/Raw/27190703_201840/27190703_201840_43.root
/nfs/slac/g/supercdms/tf/northwestern/AnimalData/AR70/PMTDAQ/cdmsqfday1/raw/SIS3316Raw_20190703133501_20.root,/gpfs/slac/staas/fs1/supercdms/data/CDMS/ANIMAL/R70/Raw/27190703_133501/27190703_133501_20.root
/nfs/slac/g/supercdms/tf/northwestern/AnimalData/AR70/PMTDAQ/cdmsqfday1/raw/SIS3316Raw_20190703181714_65.root,/gpfs/slac/staas/fs1/supercdms/data/CDMS/ANIMAL/R70/Raw/27190703_181714/27190703_181714_65.root
/nfs/slac/g/supercdms/tf/northwestern/AnimalData/AR70/PMTDAQ/cdmsqfday1/raw/SIS3316Raw_20190703181714_14.root,/gpfs/slac/staas/fs1/supercdms/data/CDMS/ANIMAL/R70/Raw/27190703_181714/27190703_181714_14.root
/nfs/slac/g/supercdms/tf/northwestern/AnimalData/AR70/PMTDAQ/cdmsqfday1/raw/SIS3316Raw_20190703201840_46.root,/gpfs/slac/staas/fs1/supercdms/data/CDMS/ANIMAL/R70/Raw/27190703_201840/27190703_201840_46.root
/nfs/slac/g/supercdms/tf/northwestern/AnimalData/AR70/PMTDAQ/cdmsqfday1/raw/SIS3316Raw_20190703161356_2.root,/gpfs/slac/staas/fs1/supercdms/data/CDMS/ANIMAL/R70/Raw/27190703_161356/27190703_161356_2.root
/nfs/slac/g/supercdms/tf/northwestern/AnimalData/AR70/PMTDAQ/cdmsqfday1/raw/SIS3316Raw_20190703161356_67.root,/gpfs/slac/staas/fs1/supercdms/data/CDMS/ANIMAL/R70/Raw/27190703_161356/27190703_161356_67.root
/nfs/slac/g/supercdms/tf/northwestern/AnimalData/AR70/PMTDAQ/cdmsqfday1/raw/SIS3316Raw_20190703201840_72.root,/gpfs/slac/staas/fs1/supercdms/data/CDMS/ANIMAL/R70/Raw/27190703_201840/27190703_201840_72.root
/nfs/slac/g/supercdms/tf/northwestern/AnimalData/AR70/PMTDAQ/cdmsqfday1/raw/SIS3316Raw_20190703133501_48.root,/gpfs/slac/staas/fs1/supercdms/data/CDMS/ANIMAL/R70/Raw/27190703_133501/27190703_133501_48.root
/nfs/slac/g/supercdms/tf/northwestern/AnimalData/AR70/PMTDAQ/cdmsqfday1/raw/SIS3316Raw_20190703145242_20.root,/gpfs/slac/staas/fs1/supercdms/data/CDMS/ANIMAL/R70/Raw/27190703_145242/27190703_145242_20.root
/nfs/slac/g/supercdms/tf/northwestern/AnimalData/AR70/PMTDAQ/cdmsqfday1/raw/SIS3316Raw_20190703145242_15.root,/gpfs/slac/staas/fs1/supercdms/data/CDMS/ANIMAL/R70/Raw/27190703_145242/27190703_145242_15.root
/nfs/slac/g/supercdms/tf/northwestern/AnimalData/AR70/PMTDAQ/cdmsqfday1/raw/SIS3316Raw_20190703150930_27.root,/gpfs/slac/staas/fs1/supercdms/data/CDMS/ANIMAL/R70/Raw/27190703_150930/27190703_150930_27.root
/nfs/slac/g/supercdms/tf/northwestern/AnimalData/AR70/PMTDAQ/cdmsqfday1/raw/SIS3316Raw_20190703133501_82.root,/gpfs/slac/staas/fs1/supercdms/data/CDMS/ANIMAL/R70/Raw/27190703_133501/27190703_133501_82.root
/nfs/slac/g/supercdms/tf/northwestern/AnimalData/AR70/PMTDAQ/cdmsqfday1/raw/SIS3316Raw_20190703201840_33.root,/gpfs/slac/staas/fs1/supercdms/data/CDMS/ANIMAL/R70/Raw/27190703_201840/27190703_201840_33.root
/nfs/slac/g/supercdms/tf/northwestern/AnimalData/AR70/PMTDAQ/cdmsqfday1/raw/SIS3316Raw_20190703191757_78.root,/gpfs/slac/staas/fs1/supercdms/data/CDMS/ANIMAL/R70/Raw/27190703_191757/27190703_191757_78.root
/nfs/slac/g/supercdms/tf/northwestern/AnimalData/AR70/PMTDAQ/cdmsqfday1/raw/SIS3316Raw_20190703150930_30.root,/gpfs/slac/staas/fs1/supercdms/data/CDMS/ANIMAL/R70/Raw/27190703_150930/27190703_150930_30.root
/nfs/slac/g/supercdms/tf/northwestern/AnimalData/AR70/PMTDAQ/cdmsqfday1/raw/SIS3316Raw_20190703181714_16.root,/gpfs/slac/staas/fs1/supercdms/data/CDMS/ANIMAL/R70/Raw/27190703_181714/27190703_181714_16.root
/nfs/slac/g/supercdms/tf/northwestern/AnimalData/AR70/PMTDAQ/cdmsqfday1/raw/SIS3316Raw_20190703191757_34.root,/gpfs/slac/staas/fs1/supercdms/data/CDMS/ANIMAL/R70/Raw/27190703_191757/27190703_191757_34.root
/nfs/slac/g/supercdms/tf/northwestern/AnimalData/AR70/PMTDAQ/cdmsqfday1/raw/SIS3316Raw_20190703161356_3.root,/gpfs/slac/staas/fs1/supercdms/data/CDMS/ANIMAL/R70/Raw/27190703_161356/27190703_161356_3.root
/nfs/slac/g/supercdms/tf/northwestern/AnimalData/AR70/PMTDAQ/cdmsqfday1/raw/SIS3316Raw_20190703121403_83.root,/gpfs/slac/staas/fs1/supercdms/data/CDMS/ANIMAL/R70/Raw/27190703_121403/27190703_121403_83.root
/nfs/slac/g/supercdms/tf/northwestern/AnimalData/AR70/PMTDAQ/cdmsqfday1/raw/SIS3316Raw_20190703181714_21.root,/gpfs/slac/staas/fs1/supercdms/data/CDMS/ANIMAL/R70/Raw/27190703_181714/27190703_181714_21.root
/nfs/slac/g/supercdms/tf/northwestern/AnimalData/AR70/PMTDAQ/cdmsqfday1/raw/SIS3316Raw_20190703181714_15.root,/gpfs/slac/staas/fs1/supercdms/data/CDMS/ANIMAL/R70/Raw/27190703_181714/27190703_181714_15.root
/nfs/slac/g/supercdms/tf/northwestern/AnimalData/AR70/PMTDAQ/cdmsqfday1/raw/SIS3316Raw_20190703150930_33.root,/gpfs/slac/staas/fs1/supercdms/data/CDMS/ANIMAL/R70/Raw/27190703_150930/27190703_150930_33.root
/nfs/slac/g/supercdms/tf/northwestern/AnimalData/AR70/PMTDAQ/cdmsqfday1/raw/SIS3316Raw_20190703133501_62.root,/gpfs/slac/staas/fs1/supercdms/data/CDMS/ANIMAL/R70/Raw/27190703_133501/27190703_133501_62.root
/nfs/slac/g/supercdms/tf/northwestern/AnimalData/AR70/PMTDAQ/cdmsqfday1/raw/SIS3316Raw_20190703133501_40.root,/gpfs/slac/staas/fs1/supercdms/data/CDMS/ANIMAL/R70/Raw/27190703_133501/27190703_133501_40.root
/nfs/slac/g/supercdms/tf/northwestern/AnimalData/AR70/PMTDAQ/cdmsqfday1/raw/SIS3316Raw_20190703145242_3.root,/gpfs/slac/staas/fs1/supercdms/data/CDMS/ANIMAL/R70/Raw/27190703_145242/27190703_145242_3.root
/nfs/slac/g/supercdms/tf/northwestern/AnimalData/AR70/PMTDAQ/cdmsqfday1/raw/SIS3316Raw_20190703121403_31.root,/gpfs/slac/staas/fs1/supercdms/data/CDMS/ANIMAL/R70/Raw/27190703_121403/27190703_121403_31.root
/nfs/slac/g/supercdms/tf/northwestern/AnimalData/AR70/PMTDAQ/cdmsqfday1/raw/SIS3316Raw_20190703161356_73.root,/gpfs/slac/staas/fs1/supercdms/data/CDMS/ANIMAL/R70/Raw/27190703_161356/27190703_161356_73.root
/nfs/slac/g/supercdms/tf/northwestern/AnimalData/AR70/PMTDAQ/cdmsqfday1/raw/SIS3316Raw_20190703161356_75.root,/gpfs/slac/staas/fs1/supercdms/data/CDMS/ANIMAL/R70/Raw/27190703_161356/27190703_161356_75.root
/nfs/slac/g/supercdms/tf/northwestern/AnimalData/AR70/PMTDAQ/cdmsqfday1/raw/SIS3316Raw_20190703150930_17.root,/gpfs/slac/staas/fs1/supercdms/data/CDMS/ANIMAL/R70/Raw/27190703_150930/27190703_150930_17.root
/nfs/slac/g/supercdms/tf/northwestern/AnimalData/AR70/PMTDAQ/cdmsqfday1/raw/SIS3316Raw_20190703121403_24.root,/gpfs/slac/staas/fs1/supercdms/data/CDMS/ANIMAL/R70/Raw/27190703_121403/27190703_121403_24.root
/nfs/slac/g/supercdms/tf/northwestern/AnimalData/AR70/PMTDAQ/cdmsqfday1/raw/SIS3316Raw_20190703191757_81.root,/gpfs/slac/staas/fs1/supercdms/data/CDMS/ANIMAL/R70/Raw/27190703_191757/27190703_191757_81.root
/nfs/slac/g/supercdms/tf/northwestern/AnimalData/AR70/PMTDAQ/cdmsqfday1/raw/SIS3316Raw_20190703201840_60.root,/gpfs/slac/staas/fs1/supercdms/data/CDMS/ANIMAL/R70/Raw/27190703_201840/27190703_201840_60.root
/nfs/slac/g/supercdms/tf/northwestern/AnimalData/AR70/PMTDAQ/cdmsqfday1/raw/SIS3316Raw_20190703201840_35.root,/gpfs/slac/staas/fs1/supercdms/data/CDMS/ANIMAL/R70/Raw/27190703_201840/27190703_201840_35.root
/nfs/slac/g/supercdms/tf/northwestern/AnimalData/AR70/PMTDAQ/cdmsqfday1/raw/SIS3316Raw_20190703150930_76.root,/gpfs/slac/staas/fs1/supercdms/data/CDMS/ANIMAL/R70/Raw/27190703_150930/27190703_150930_76.root
/nfs/slac/g/supercdms/tf/northwestern/AnimalData/AR70/PMTDAQ/cdmsqfday1/raw/SIS3316Raw_20190703171512_58.root,/gpfs/slac/staas/fs1/supercdms/data/CDMS/ANIMAL/R70/Raw/27190703_171512/27190703_171512_58.root
/nfs/slac/g/supercdms/tf/northwestern/AnimalData/AR70/PMTDAQ/cdmsqfday1/raw/SIS3316Raw_20190703191757_79.root,/gpfs/slac/staas/fs1/supercdms/data/CDMS/ANIMAL/R70/Raw/27190703_191757/27190703_191757_79.root
/nfs/slac/g/supercdms/tf/northwestern/AnimalData/AR70/PMTDAQ/cdmsqfday1/raw/SIS3316Raw_20190703121403_77.root,/gpfs/slac/staas/fs1/supercdms/data/CDMS/ANIMAL/R70/Raw/27190703_121403/27190703_121403_77.root
/nfs/slac/g/supercdms/tf/northwestern/AnimalData/AR70/PMTDAQ/cdmsqfday1/raw/SIS3316Raw_20190703150930_72.root,/gpfs/slac/staas/fs1/supercdms/data/CDMS/ANIMAL/R70/Raw/27190703_150930/27190703_150930_72.root
/nfs/slac/g/supercdms/tf/northwestern/AnimalData/AR70/PMTDAQ/cdmsqfday1/raw/SIS3316Raw_20190703181714_35.root,/gpfs/slac/staas/fs1/supercdms/data/CDMS/ANIMAL/R70/Raw/27190703_181714/27190703_181714_35.root
/nfs/slac/g/supercdms/tf/northwestern/AnimalData/AR70/PMTDAQ/cdmsqfday1/raw/SIS3316Raw_20190703121403_70.root,/gpfs/slac/staas/fs1/supercdms/data/CDMS/ANIMAL/R70/Raw/27190703_121403/27190703_121403_70.root
/nfs/slac/g/supercdms/tf/northwestern/AnimalData/AR70/PMTDAQ/cdmsqfday1/raw/SIS3316Raw_20190703201840_4.root,/gpfs/slac/staas/fs1/supercdms/data/CDMS/ANIMAL/R70/Raw/27190703_201840/27190703_201840_4.root
/nfs/slac/g/supercdms/tf/northwestern/AnimalData/AR70/PMTDAQ/cdmsqfday1/raw/SIS3316Raw_20190703161356_50.root,/gpfs/slac/staas/fs1/supercdms/data/CDMS/ANIMAL/R70/Raw/27190703_161356/27190703_161356_50.root
/nfs/slac/g/supercdms/tf/northwestern/AnimalData/AR70/PMTDAQ/cdmsqfday1/raw/SIS3316Raw_20190703201840_76.root,/gpfs/slac/staas/fs1/supercdms/data/CDMS/ANIMAL/R70/Raw/27190703_201840/27190703_201840_76.root
/nfs/slac/g/supercdms/tf/northwestern/AnimalData/AR70/PMTDAQ/cdmsqfday1/raw/SIS3316Raw_20190703161356_36.root,/gpfs/slac/staas/fs1/supercdms/data/CDMS/ANIMAL/R70/Raw/27190703_161356/27190703_161356_36.root
/nfs/slac/g/supercdms/tf/northwestern/AnimalData/AR70/PMTDAQ/cdmsqfday1/raw/SIS3316Raw_20190703161356_40.root,/gpfs/slac/staas/fs1/supercdms/data/CDMS/ANIMAL/R70/Raw/27190703_161356/27190703_161356_40.root
/nfs/slac/g/supercdms/tf/northwestern/AnimalData/AR70/PMTDAQ/cdmsqfday1/raw/SIS3316Raw_20190703121403_85.root,/gpfs/slac/staas/fs1/supercdms/data/CDMS/ANIMAL/R70/Raw/27190703_121403/27190703_121403_85.root
/nfs/slac/g/supercdms/tf/northwestern/AnimalData/AR70/PMTDAQ/cdmsqfday1/raw/SIS3316Raw_20190703171512_79.root,/gpfs/slac/staas/fs1/supercdms/data/CDMS/ANIMAL/R70/Raw/27190703_171512/27190703_171512_79.root
/nfs/slac/g/supercdms/tf/northwestern/AnimalData/AR70/PMTDAQ/cdmsqfday1/raw/SIS3316Raw_20190703133501_17.root,/gpfs/slac/staas/fs1/supercdms/data/CDMS/ANIMAL/R70/Raw/27190703_133501/27190703_133501_17.root
/nfs/slac/g/supercdms/tf/northwestern/AnimalData/AR70/PMTDAQ/cdmsqfday1/raw/SIS3316Raw_20190703121403_2.root,/gpfs/slac/staas/fs1/supercdms/data/CDMS/ANIMAL/R70/Raw/27190703_121403/27190703_121403_2.root
/nfs/slac/g/supercdms/tf/northwestern/AnimalData/AR70/PMTDAQ/cdmsqfday1/raw/SIS3316Raw_20190703133501_23.root,/gpfs/slac/staas/fs1/supercdms/data/CDMS/ANIMAL/R70/Raw/27190703_133501/27190703_133501_23.root
/nfs/slac/g/supercdms/tf/northwestern/AnimalData/AR70/PMTDAQ/cdmsqfday1/raw/SIS3316Raw_20190703201840_58.root,/gpfs/slac/staas/fs1/supercdms/data/CDMS/ANIMAL/R70/Raw/27190703_201840/27190703_201840_58.root
/nfs/slac/g/supercdms/tf/northwestern/AnimalData/AR70/PMTDAQ/cdmsqfday1/raw/SIS3316Raw_20190703201840_67.root,/gpfs/slac/staas/fs1/supercdms/data/CDMS/ANIMAL/R70/Raw/27190703_201840/27190703_201840_67.root
/nfs/slac/g/supercdms/tf/northwestern/AnimalData/AR70/PMTDAQ/cdmsqfday1/raw/SIS3316Raw_20190703181714_71.root,/gpfs/slac/staas/fs1/supercdms/data/CDMS/ANIMAL/R70/Raw/27190703_181714/27190703_181714_71.root
/nfs/slac/g/supercdms/tf/northwestern/AnimalData/AR70/PMTDAQ/cdmsqfday1/raw/SIS3316Raw_20190703120013-conf.root,/gpfs/slac/staas/fs1/supercdms/data/CDMS/ANIMAL/R70/Raw/27190703_120013/27190703_120013-conf.root
/nfs/slac/g/supercdms/tf/northwestern/AnimalData/AR70/PMTDAQ/cdmsqfday1/raw/SIS3316Raw_20190703201840_36.root,/gpfs/slac/staas/fs1/supercdms/data/CDMS/ANIMAL/R70/Raw/27190703_201840/27190703_201840_36.root
/nfs/slac/g/supercdms/tf/northwestern/AnimalData/AR70/PMTDAQ/cdmsqfday1/raw/SIS3316Raw_20190703201840_75.root,/gpfs/slac/staas/fs1/supercdms/data/CDMS/ANIMAL/R70/Raw/27190703_201840/27190703_201840_75.root
/nfs/slac/g/supercdms/tf/northwestern/AnimalData/AR70/PMTDAQ/cdmsqfday1/raw/SIS3316Raw_20190703181714_3.root,/gpfs/slac/staas/fs1/supercdms/data/CDMS/ANIMAL/R70/Raw/27190703_181714/27190703_181714_3.root
/nfs/slac/g/supercdms/tf/northwestern/AnimalData/AR70/PMTDAQ/cdmsqfday1/raw/SIS3316Raw_20190703181714_78.root,/gpfs/slac/staas/fs1/supercdms/data/CDMS/ANIMAL/R70/Raw/27190703_181714/27190703_181714_78.root
/nfs/slac/g/supercdms/tf/northwestern/AnimalData/AR70/PMTDAQ/cdmsqfday1/raw/SIS3316Raw_20190703133501_66.root,/gpfs/slac/staas/fs1/supercdms/data/CDMS/ANIMAL/R70/Raw/27190703_133501/27190703_133501_66.root
/nfs/slac/g/supercdms/tf/northwestern/AnimalData/AR70/PMTDAQ/cdmsqfday1/raw/SIS3316Raw_20190703150930_46.root,/gpfs/slac/staas/fs1/supercdms/data/CDMS/ANIMAL/R70/Raw/27190703_150930/27190703_150930_46.root
/nfs/slac/g/supercdms/tf/northwestern/AnimalData/AR70/PMTDAQ/cdmsqfday1/raw/SIS3316Raw_20190703114332-conf.root,/gpfs/slac/staas/fs1/supercdms/data/CDMS/ANIMAL/R70/Raw/27190703_114332/27190703_114332-conf.root
/nfs/slac/g/supercdms/tf/northwestern/AnimalData/AR70/PMTDAQ/cdmsqfday1/raw/SIS3316Raw_20190703133501_68.root,/gpfs/slac/staas/fs1/supercdms/data/CDMS/ANIMAL/R70/Raw/27190703_133501/27190703_133501_68.root
/nfs/slac/g/supercdms/tf/northwestern/AnimalData/AR70/PMTDAQ/cdmsqfday1/raw/SIS3316Raw_20190703191757_39.root,/gpfs/slac/staas/fs1/supercdms/data/CDMS/ANIMAL/R70/Raw/27190703_191757/27190703_191757_39.root
/nfs/slac/g/supercdms/tf/northwestern/AnimalData/AR70/PMTDAQ/cdmsqfday1/raw/SIS3316Raw_20190703191757_68.root,/gpfs/slac/staas/fs1/supercdms/data/CDMS/ANIMAL/R70/Raw/27190703_191757/27190703_191757_68.root
/nfs/slac/g/supercdms/tf/northwestern/AnimalData/AR70/PMTDAQ/cdmsqfday1/raw/SIS3316Raw_20190703181714_74.root,/gpfs/slac/staas/fs1/supercdms/data/CDMS/ANIMAL/R70/Raw/27190703_181714/27190703_181714_74.root
/nfs/slac/g/supercdms/tf/northwestern/AnimalData/AR70/PMTDAQ/cdmsqfday1/raw/SIS3316Raw_20190703201840_82.root,/gpfs/slac/staas/fs1/supercdms/data/CDMS/ANIMAL/R70/Raw/27190703_201840/27190703_201840_82.root
/nfs/slac/g/supercdms/tf/northwestern/AnimalData/AR70/PMTDAQ/cdmsqfday1/raw/SIS3316Raw_20190703150930_36.root,/gpfs/slac/staas/fs1/supercdms/data/CDMS/ANIMAL/R70/Raw/27190703_150930/27190703_150930_36.root
/nfs/slac/g/supercdms/tf/northwestern/AnimalData/AR70/PMTDAQ/cdmsqfday1/raw/SIS3316Raw_20190703171512_61.root,/gpfs/slac/staas/fs1/supercdms/data/CDMS/ANIMAL/R70/Raw/27190703_171512/27190703_171512_61.root
/nfs/slac/g/supercdms/tf/northwestern/AnimalData/AR70/PMTDAQ/cdmsqfday1/raw/SIS3316Raw_20190703161356_16.root,/gpfs/slac/staas/fs1/supercdms/data/CDMS/ANIMAL/R70/Raw/27190703_161356/27190703_161356_16.root
/nfs/slac/g/supercdms/tf/northwestern/AnimalData/AR70/PMTDAQ/cdmsqfday1/raw/SIS3316Raw_20190703161356_14.root,/gpfs/slac/staas/fs1/supercdms/data/CDMS/ANIMAL/R70/Raw/27190703_161356/27190703_161356_14.root
/nfs/slac/g/supercdms/tf/northwestern/AnimalData/AR70/PMTDAQ/cdmsqfday1/raw/SIS3316Raw_20190703150930_63.root,/gpfs/slac/staas/fs1/supercdms/data/CDMS/ANIMAL/R70/Raw/27190703_150930/27190703_150930_63.root
/nfs/slac/g/supercdms/tf/northwestern/AnimalData/AR70/PMTDAQ/cdmsqfday1/raw/SIS3316Raw_20190703181714_23.root,/gpfs/slac/staas/fs1/supercdms/data/CDMS/ANIMAL/R70/Raw/27190703_181714/27190703_181714_23.root
/nfs/slac/g/supercdms/tf/northwestern/AnimalData/AR70/PMTDAQ/cdmsqfday1/raw/SIS3316Raw_20190703150930_47.root,/gpfs/slac/staas/fs1/supercdms/data/CDMS/ANIMAL/R70/Raw/27190703_150930/27190703_150930_47.root
/nfs/slac/g/supercdms/tf/northwestern/AnimalData/AR70/PMTDAQ/cdmsqfday1/raw/SIS3316Raw_20190703133501_79.root,/gpfs/slac/staas/fs1/supercdms/data/CDMS/ANIMAL/R70/Raw/27190703_133501/27190703_133501_79.root
/nfs/slac/g/supercdms/tf/northwestern/AnimalData/AR70/PMTDAQ/cdmsqfday1/raw/SIS3316Raw_20190703150930_77.root,/gpfs/slac/staas/fs1/supercdms/data/CDMS/ANIMAL/R70/Raw/27190703_150930/27190703_150930_77.root
/nfs/slac/g/supercdms/tf/northwestern/AnimalData/AR70/PMTDAQ/cdmsqfday1/raw/SIS3316Raw_20190703133501_16.root,/gpfs/slac/staas/fs1/supercdms/data/CDMS/ANIMAL/R70/Raw/27190703_133501/27190703_133501_16.root
/nfs/slac/g/supercdms/tf/northwestern/AnimalData/AR70/PMTDAQ/cdmsqfday1/raw/SIS3316Raw_20190703191757_22.root,/gpfs/slac/staas/fs1/supercdms/data/CDMS/ANIMAL/R70/Raw/27190703_191757/27190703_191757_22.root
/nfs/slac/g/supercdms/tf/northwestern/AnimalData/AR70/PMTDAQ/cdmsqfday1/raw/SIS3316Raw_20190703201840_47.root,/gpfs/slac/staas/fs1/supercdms/data/CDMS/ANIMAL/R70/Raw/27190703_201840/27190703_201840_47.root
/nfs/slac/g/supercdms/tf/northwestern/AnimalData/AR70/PMTDAQ/cdmsqfday1/raw/SIS3316Raw_20190703145242_13.root,/gpfs/slac/staas/fs1/supercdms/data/CDMS/ANIMAL/R70/Raw/27190703_145242/27190703_145242_13.root
/nfs/slac/g/supercdms/tf/northwestern/AnimalData/AR70/PMTDAQ/cdmsqfday1/raw/SIS3316Raw_20190703201840_81.root,/gpfs/slac/staas/fs1/supercdms/data/CDMS/ANIMAL/R70/Raw/27190703_201840/27190703_201840_81.root
/nfs/slac/g/supercdms/tf/northwestern/AnimalData/AR70/PMTDAQ/cdmsqfday1/raw/SIS3316Raw_20190703161356_22.root,/gpfs/slac/staas/fs1/supercdms/data/CDMS/ANIMAL/R70/Raw/27190703_161356/27190703_161356_22.root
/nfs/slac/g/supercdms/tf/northwestern/AnimalData/AR70/PMTDAQ/cdmsqfday1/raw/SIS3316Raw_20190703121403_39.root,/gpfs/slac/staas/fs1/supercdms/data/CDMS/ANIMAL/R70/Raw/27190703_121403/27190703_121403_39.root
/nfs/slac/g/supercdms/tf/northwestern/AnimalData/AR70/PMTDAQ/cdmsqfday1/raw/SIS3316Raw_20190703201840_13.root,/gpfs/slac/staas/fs1/supercdms/data/CDMS/ANIMAL/R70/Raw/27190703_201840/27190703_201840_13.root
/nfs/slac/g/supercdms/tf/northwestern/AnimalData/AR70/PMTDAQ/cdmsqfday1/raw/SIS3316Raw_20190703171512_44.root,/gpfs/slac/staas/fs1/supercdms/data/CDMS/ANIMAL/R70/Raw/27190703_171512/27190703_171512_44.root
/nfs/slac/g/supercdms/tf/northwestern/AnimalData/AR70/PMTDAQ/cdmsqfday1/raw/SIS3316Raw_20190703145242_8.root,/gpfs/slac/staas/fs1/supercdms/data/CDMS/ANIMAL/R70/Raw/27190703_145242/27190703_145242_8.root
/nfs/slac/g/supercdms/tf/northwestern/AnimalData/AR70/PMTDAQ/cdmsqfday1/raw/SIS3316Raw_20190703150930_83.root,/gpfs/slac/staas/fs1/supercdms/data/CDMS/ANIMAL/R70/Raw/27190703_150930/27190703_150930_83.root
/nfs/slac/g/supercdms/tf/northwestern/AnimalData/AR70/PMTDAQ/cdmsqfday1/raw/SIS3316Raw_20190703181714_73.root,/gpfs/slac/staas/fs1/supercdms/data/CDMS/ANIMAL/R70/Raw/27190703_181714/27190703_181714_73.root
/nfs/slac/g/supercdms/tf/northwestern/AnimalData/AR70/PMTDAQ/cdmsqfday1/raw/SIS3316Raw_20190703181714_51.root,/gpfs/slac/staas/fs1/supercdms/data/CDMS/ANIMAL/R70/Raw/27190703_181714/27190703_181714_51.root
/nfs/slac/g/supercdms/tf/northwestern/AnimalData/AR70/PMTDAQ/cdmsqfday1/raw/SIS3316Raw_20190703171512_4.root,/gpfs/slac/staas/fs1/supercdms/data/CDMS/ANIMAL/R70/Raw/27190703_171512/27190703_171512_4.root
/nfs/slac/g/supercdms/tf/northwestern/AnimalData/AR70/PMTDAQ/cdmsqfday1/raw/SIS3316Raw_20190703181714_80.root,/gpfs/slac/staas/fs1/supercdms/data/CDMS/ANIMAL/R70/Raw/27190703_181714/27190703_181714_80.root
/nfs/slac/g/supercdms/tf/northwestern/AnimalData/AR70/PMTDAQ/cdmsqfday1/raw/SIS3316Raw_20190703181714_7.root,/gpfs/slac/staas/fs1/supercdms/data/CDMS/ANIMAL/R70/Raw/27190703_181714/27190703_181714_7.root
/nfs/slac/g/supercdms/tf/northwestern/AnimalData/AR70/PMTDAQ/cdmsqfday1/raw/SIS3316Raw_20190703201840_29.root,/gpfs/slac/staas/fs1/supercdms/data/CDMS/ANIMAL/R70/Raw/27190703_201840/27190703_201840_29.root
/nfs/slac/g/supercdms/tf/northwestern/AnimalData/AR70/PMTDAQ/cdmsqfday1/raw/SIS3316Raw_20190703181714_58.root,/gpfs/slac/staas/fs1/supercdms/data/CDMS/ANIMAL/R70/Raw/27190703_181714/27190703_181714_58.root
/nfs/slac/g/supercdms/tf/northwestern/AnimalData/AR70/PMTDAQ/cdmsqfday1/raw/SIS3316Raw_20190703181714_24.root,/gpfs/slac/staas/fs1/supercdms/data/CDMS/ANIMAL/R70/Raw/27190703_181714/27190703_181714_24.root
/nfs/slac/g/supercdms/tf/northwestern/AnimalData/AR70/PMTDAQ/cdmsqfday1/raw/SIS3316Raw_20190703171512_8.root,/gpfs/slac/staas/fs1/supercdms/data/CDMS/ANIMAL/R70/Raw/27190703_171512/27190703_171512_8.root
/nfs/slac/g/supercdms/tf/northwestern/AnimalData/AR70/PMTDAQ/cdmsqfday1/raw/SIS3316Raw_20190703181714_11.root,/gpfs/slac/staas/fs1/supercdms/data/CDMS/ANIMAL/R70/Raw/27190703_181714/27190703_181714_11.root
/nfs/slac/g/supercdms/tf/northwestern/AnimalData/AR70/PMTDAQ/cdmsqfday1/raw/SIS3316Raw_20190703161356_28.root,/gpfs/slac/staas/fs1/supercdms/data/CDMS/ANIMAL/R70/Raw/27190703_161356/27190703_161356_28.root
/nfs/slac/g/supercdms/tf/northwestern/AnimalData/AR70/PMTDAQ/cdmsqfday1/raw/SIS3316Raw_20190703150930_5.root,/gpfs/slac/staas/fs1/supercdms/data/CDMS/ANIMAL/R70/Raw/27190703_150930/27190703_150930_5.root
/nfs/slac/g/supercdms/tf/northwestern/AnimalData/AR70/PMTDAQ/cdmsqfday1/raw/SIS3316Raw_20190703133501_44.root,/gpfs/slac/staas/fs1/supercdms/data/CDMS/ANIMAL/R70/Raw/27190703_133501/27190703_133501_44.root
/nfs/slac/g/supercdms/tf/northwestern/AnimalData/AR70/PMTDAQ/cdmsqfday1/raw/SIS3316Raw_20190703150930_74.root,/gpfs/slac/staas/fs1/supercdms/data/CDMS/ANIMAL/R70/Raw/27190703_150930/27190703_150930_74.root
/nfs/slac/g/supercdms/tf/northwestern/AnimalData/AR70/PMTDAQ/cdmsqfday1/raw/SIS3316Raw_20190703121403_44.root,/gpfs/slac/staas/fs1/supercdms/data/CDMS/ANIMAL/R70/Raw/27190703_121403/27190703_121403_44.root
/nfs/slac/g/supercdms/tf/northwestern/AnimalData/AR70/PMTDAQ/cdmsqfday1/raw/SIS3316Raw_20190703181714_9.root,/gpfs/slac/staas/fs1/supercdms/data/CDMS/ANIMAL/R70/Raw/27190703_181714/27190703_181714_9.root
/nfs/slac/g/supercdms/tf/northwestern/AnimalData/AR70/PMTDAQ/cdmsqfday1/raw/SIS3316Raw_20190703133501_30.root,/gpfs/slac/staas/fs1/supercdms/data/CDMS/ANIMAL/R70/Raw/27190703_133501/27190703_133501_30.root
/nfs/slac/g/supercdms/tf/northwestern/AnimalData/AR70/PMTDAQ/cdmsqfday1/raw/SIS3316Raw_20190703171512_84.root,/gpfs/slac/staas/fs1/supercdms/data/CDMS/ANIMAL/R70/Raw/27190703_171512/27190703_171512_84.root
/nfs/slac/g/supercdms/tf/northwestern/AnimalData/AR70/PMTDAQ/cdmsqfday1/raw/SIS3316Raw_20190703181714_5.root,/gpfs/slac/staas/fs1/supercdms/data/CDMS/ANIMAL/R70/Raw/27190703_181714/27190703_181714_5.root
/nfs/slac/g/supercdms/tf/northwestern/AnimalData/AR70/PMTDAQ/cdmsqfday1/raw/SIS3316Raw_20190703121403_14.root,/gpfs/slac/staas/fs1/supercdms/data/CDMS/ANIMAL/R70/Raw/27190703_121403/27190703_121403_14.root
/nfs/slac/g/supercdms/tf/northwestern/AnimalData/AR70/PMTDAQ/cdmsqfday1/raw/SIS3316Raw_20190703181714_33.root,/gpfs/slac/staas/fs1/supercdms/data/CDMS/ANIMAL/R70/Raw/27190703_181714/27190703_181714_33.root
/nfs/slac/g/supercdms/tf/northwestern/AnimalData/AR70/PMTDAQ/cdmsqfday1/raw/SIS3316Raw_20190703171512_60.root,/gpfs/slac/staas/fs1/supercdms/data/CDMS/ANIMAL/R70/Raw/27190703_171512/27190703_171512_60.root
/nfs/slac/g/supercdms/tf/northwestern/AnimalData/AR70/PMTDAQ/cdmsqfday1/raw/SIS3316Raw_20190703104236-conf.root,/gpfs/slac/staas/fs1/supercdms/data/CDMS/ANIMAL/R70/Raw/27190703_104236/27190703_104236-conf.root
/nfs/slac/g/supercdms/tf/northwestern/AnimalData/AR70/PMTDAQ/cdmsqfday1/raw/SIS3316Raw_20190703161356_66.root,/gpfs/slac/staas/fs1/supercdms/data/CDMS/ANIMAL/R70/Raw/27190703_161356/27190703_161356_66.root
/nfs/slac/g/supercdms/tf/northwestern/AnimalData/AR70/PMTDAQ/cdmsqfday1/raw/SIS3316Raw_20190703201840_12.root,/gpfs/slac/staas/fs1/supercdms/data/CDMS/ANIMAL/R70/Raw/27190703_201840/27190703_201840_12.root
/nfs/slac/g/supercdms/tf/northwestern/AnimalData/AR70/PMTDAQ/cdmsqfday1/raw/SIS3316Raw_20190703150930_59.root,/gpfs/slac/staas/fs1/supercdms/data/CDMS/ANIMAL/R70/Raw/27190703_150930/27190703_150930_59.root
/nfs/slac/g/supercdms/tf/northwestern/AnimalData/AR70/PMTDAQ/cdmsqfday1/raw/SIS3316Raw_20190703150930_9.root,/gpfs/slac/staas/fs1/supercdms/data/CDMS/ANIMAL/R70/Raw/27190703_150930/27190703_150930_9.root
/nfs/slac/g/supercdms/tf/northwestern/AnimalData/AR70/PMTDAQ/cdmsqfday1/raw/SIS3316Raw_20190703133501_85.root,/gpfs/slac/staas/fs1/supercdms/data/CDMS/ANIMAL/R70/Raw/27190703_133501/27190703_133501_85.root
/nfs/slac/g/supercdms/tf/northwestern/AnimalData/AR70/PMTDAQ/cdmsqfday1/raw/SIS3316Raw_20190703171512_31.root,/gpfs/slac/staas/fs1/supercdms/data/CDMS/ANIMAL/R70/Raw/27190703_171512/27190703_171512_31.root
/nfs/slac/g/supercdms/tf/northwestern/AnimalData/AR70/PMTDAQ/cdmsqfday1/raw/SIS3316Raw_20190703191757_33.root,/gpfs/slac/staas/fs1/supercdms/data/CDMS/ANIMAL/R70/Raw/27190703_191757/27190703_191757_33.root
/nfs/slac/g/supercdms/tf/northwestern/AnimalData/AR70/PMTDAQ/cdmsqfday1/raw/SIS3316Raw_20190703121403_20.root,/gpfs/slac/staas/fs1/supercdms/data/CDMS/ANIMAL/R70/Raw/27190703_121403/27190703_121403_20.root
/nfs/slac/g/supercdms/tf/northwestern/AnimalData/AR70/PMTDAQ/cdmsqfday1/raw/SIS3316Raw_20190703181714_22.root,/gpfs/slac/staas/fs1/supercdms/data/CDMS/ANIMAL/R70/Raw/27190703_181714/27190703_181714_22.root
/nfs/slac/g/supercdms/tf/northwestern/AnimalData/AR70/PMTDAQ/cdmsqfday1/raw/SIS3316Raw_20190703121403_17.root,/gpfs/slac/staas/fs1/supercdms/data/CDMS/ANIMAL/R70/Raw/27190703_121403/27190703_121403_17.root
/nfs/slac/g/supercdms/tf/northwestern/AnimalData/AR70/PMTDAQ/cdmsqfday1/raw/SIS3316Raw_20190703191757-conf.root,/gpfs/slac/staas/fs1/supercdms/data/CDMS/ANIMAL/R70/Raw/27190703_191757/27190703_191757-conf.root
/nfs/slac/g/supercdms/tf/northwestern/AnimalData/AR70/PMTDAQ/cdmsqfday1/raw/SIS3316Raw_20190703181714_42.root,/gpfs/slac/staas/fs1/supercdms/data/CDMS/ANIMAL/R70/Raw/27190703_181714/27190703_181714_42.root
/nfs/slac/g/supercdms/tf/northwestern/AnimalData/AR70/PMTDAQ/cdmsqfday1/raw/SIS3316Raw_20190703181714_55.root,/gpfs/slac/staas/fs1/supercdms/data/CDMS/ANIMAL/R70/Raw/27190703_181714/27190703_181714_55.root
/nfs/slac/g/supercdms/tf/northwestern/AnimalData/AR70/PMTDAQ/cdmsqfday1/raw/SIS3316Raw_20190703191757_5.root,/gpfs/slac/staas/fs1/supercdms/data/CDMS/ANIMAL/R70/Raw/27190703_191757/27190703_191757_5.root
/nfs/slac/g/supercdms/tf/northwestern/AnimalData/AR70/PMTDAQ/cdmsqfday1/raw/SIS3316Raw_20190703121403_4.root,/gpfs/slac/staas/fs1/supercdms/data/CDMS/ANIMAL/R70/Raw/27190703_121403/27190703_121403_4.root
/nfs/slac/g/supercdms/tf/northwestern/AnimalData/AR70/PMTDAQ/cdmsqfday1/raw/SIS3316Raw_20190703171512_34.root,/gpfs/slac/staas/fs1/supercdms/data/CDMS/ANIMAL/R70/Raw/27190703_171512/27190703_171512_34.root
/nfs/slac/g/supercdms/tf/northwestern/AnimalData/AR70/PMTDAQ/cdmsqfday1/raw/SIS3316Raw_20190703191757_29.root,/gpfs/slac/staas/fs1/supercdms/data/CDMS/ANIMAL/R70/Raw/27190703_191757/27190703_191757_29.root
/nfs/slac/g/supercdms/tf/northwestern/AnimalData/AR70/PMTDAQ/cdmsqfday1/raw/SIS3316Raw_20190703121403_53.root,/gpfs/slac/staas/fs1/supercdms/data/CDMS/ANIMAL/R70/Raw/27190703_121403/27190703_121403_53.root
/nfs/slac/g/supercdms/tf/northwestern/AnimalData/AR70/PMTDAQ/cdmsqfday1/raw/SIS3316Raw_20190703121403_32.root,/gpfs/slac/staas/fs1/supercdms/data/CDMS/ANIMAL/R70/Raw/27190703_121403/27190703_121403_32.root
/nfs/slac/g/supercdms/tf/northwestern/AnimalData/AR70/PMTDAQ/cdmsqfday1/raw/SIS3316Raw_20190703171512_62.root,/gpfs/slac/staas/fs1/supercdms/data/CDMS/ANIMAL/R70/Raw/27190703_171512/27190703_171512_62.root
/nfs/slac/g/supercdms/tf/northwestern/AnimalData/AR70/PMTDAQ/cdmsqfday1/raw/SIS3316Raw_20190703191757_17.root,/gpfs/slac/staas/fs1/supercdms/data/CDMS/ANIMAL/R70/Raw/27190703_191757/27190703_191757_17.root
/nfs/slac/g/supercdms/tf/northwestern/AnimalData/AR70/PMTDAQ/cdmsqfday1/raw/SIS3316Raw_20190703133501_54.root,/gpfs/slac/staas/fs1/supercdms/data/CDMS/ANIMAL/R70/Raw/27190703_133501/27190703_133501_54.root
/nfs/slac/g/supercdms/tf/northwestern/AnimalData/AR70/PMTDAQ/cdmsqfday1/raw/SIS3316Raw_20190703133501_86.root,/gpfs/slac/staas/fs1/supercdms/data/CDMS/ANIMAL/R70/Raw/27190703_133501/27190703_133501_86.root
/nfs/slac/g/supercdms/tf/northwestern/AnimalData/AR70/PMTDAQ/cdmsqfday1/raw/SIS3316Raw_20190703121403_29.root,/gpfs/slac/staas/fs1/supercdms/data/CDMS/ANIMAL/R70/Raw/27190703_121403/27190703_121403_29.root
/nfs/slac/g/supercdms/tf/northwestern/AnimalData/AR70/PMTDAQ/cdmsqfday1/raw/SIS3316Raw_20190703150930_3.root,/gpfs/slac/staas/fs1/supercdms/data/CDMS/ANIMAL/R70/Raw/27190703_150930/27190703_150930_3.root
/nfs/slac/g/supercdms/tf/northwestern/AnimalData/AR70/PMTDAQ/cdmsqfday1/raw/SIS3316Raw_20190703133501_83.root,/gpfs/slac/staas/fs1/supercdms/data/CDMS/ANIMAL/R70/Raw/27190703_133501/27190703_133501_83.root
/nfs/slac/g/supercdms/tf/northwestern/AnimalData/AR70/PMTDAQ/cdmsqfday1/raw/SIS3316Raw_20190703133501_61.root,/gpfs/slac/staas/fs1/supercdms/data/CDMS/ANIMAL/R70/Raw/27190703_133501/27190703_133501_61.root
/nfs/slac/g/supercdms/tf/northwestern/AnimalData/AR70/PMTDAQ/cdmsqfday1/raw/SIS3316Raw_20190703191757_24.root,/gpfs/slac/staas/fs1/supercdms/data/CDMS/ANIMAL/R70/Raw/27190703_191757/27190703_191757_24.root
/nfs/slac/g/supercdms/tf/northwestern/AnimalData/AR70/PMTDAQ/cdmsqfday1/raw/SIS3316Raw_20190703133501_31.root,/gpfs/slac/staas/fs1/supercdms/data/CDMS/ANIMAL/R70/Raw/27190703_133501/27190703_133501_31.root
/nfs/slac/g/supercdms/tf/northwestern/AnimalData/AR70/PMTDAQ/cdmsqfday1/raw/SIS3316Raw_20190703191757_43.root,/gpfs/slac/staas/fs1/supercdms/data/CDMS/ANIMAL/R70/Raw/27190703_191757/27190703_191757_43.root
/nfs/slac/g/supercdms/tf/northwestern/AnimalData/AR70/PMTDAQ/cdmsqfday1/raw/SIS3316Raw_20190703100630-conf.root,/gpfs/slac/staas/fs1/supercdms/data/CDMS/ANIMAL/R70/Raw/27190703_100630/27190703_100630-conf.root
/nfs/slac/g/supercdms/tf/northwestern/AnimalData/AR70/PMTDAQ/cdmsqfday1/raw/SIS3316Raw_20190703171512_32.root,/gpfs/slac/staas/fs1/supercdms/data/CDMS/ANIMAL/R70/Raw/27190703_171512/27190703_171512_32.root
/nfs/slac/g/supercdms/tf/northwestern/AnimalData/AR70/PMTDAQ/cdmsqfday1/raw/SIS3316Raw_20190703121403_84.root,/gpfs/slac/staas/fs1/supercdms/data/CDMS/ANIMAL/R70/Raw/27190703_121403/27190703_121403_84.root
/nfs/slac/g/supercdms/tf/northwestern/AnimalData/AR70/PMTDAQ/cdmsqfday1/raw/SIS3316Raw_20190703150930_15.root,/gpfs/slac/staas/fs1/supercdms/data/CDMS/ANIMAL/R70/Raw/27190703_150930/27190703_150930_15.root
/nfs/slac/g/supercdms/tf/northwestern/AnimalData/AR70/PMTDAQ/cdmsqfday1/raw/SIS3316Raw_20190703150930_85.root,/gpfs/slac/staas/fs1/supercdms/data/CDMS/ANIMAL/R70/Raw/27190703_150930/27190703_150930_85.root
/nfs/slac/g/supercdms/tf/northwestern/AnimalData/AR70/PMTDAQ/cdmsqfday1/raw/SIS3316Raw_20190703171512_2.root,/gpfs/slac/staas/fs1/supercdms/data/CDMS/ANIMAL/R70/Raw/27190703_171512/27190703_171512_2.root
/nfs/slac/g/supercdms/tf/northwestern/AnimalData/AR70/PMTDAQ/cdmsqfday1/raw/SIS3316Raw_20190703191757_64.root,/gpfs/slac/staas/fs1/supercdms/data/CDMS/ANIMAL/R70/Raw/27190703_191757/27190703_191757_64.root
/nfs/slac/g/supercdms/tf/northwestern/AnimalData/AR70/PMTDAQ/cdmsqfday1/raw/SIS3316Raw_20190703121403_28.root,/gpfs/slac/staas/fs1/supercdms/data/CDMS/ANIMAL/R70/Raw/27190703_121403/27190703_121403_28.root
/nfs/slac/g/supercdms/tf/northwestern/AnimalData/AR70/PMTDAQ/cdmsqfday1/raw/SIS3316Raw_20190703191757_67.root,/gpfs/slac/staas/fs1/supercdms/data/CDMS/ANIMAL/R70/Raw/27190703_191757/27190703_191757_67.root
/nfs/slac/g/supercdms/tf/northwestern/AnimalData/AR70/PMTDAQ/cdmsqfday1/raw/SIS3316Raw_20190703181714_12.root,/gpfs/slac/staas/fs1/supercdms/data/CDMS/ANIMAL/R70/Raw/27190703_181714/27190703_181714_12.root
/nfs/slac/g/supercdms/tf/northwestern/AnimalData/AR70/PMTDAQ/cdmsqfday1/raw/SIS3316Raw_20190703113222-conf.root,/gpfs/slac/staas/fs1/supercdms/data/CDMS/ANIMAL/R70/Raw/27190703_113222/27190703_113222-conf.root
/nfs/slac/g/supercdms/tf/northwestern/AnimalData/AR70/PMTDAQ/cdmsqfday1/raw/SIS3316Raw_20190703133501_56.root,/gpfs/slac/staas/fs1/supercdms/data/CDMS/ANIMAL/R70/Raw/27190703_133501/27190703_133501_56.root
/nfs/slac/g/supercdms/tf/northwestern/AnimalData/AR70/PMTDAQ/cdmsqfday1/raw/SIS3316Raw_20190703150930_60.root,/gpfs/slac/staas/fs1/supercdms/data/CDMS/ANIMAL/R70/Raw/27190703_150930/27190703_150930_60.root
/nfs/slac/g/supercdms/tf/northwestern/AnimalData/AR70/PMTDAQ/cdmsqfday1/raw/SIS3316Raw_20190703150930_7.root,/gpfs/slac/staas/fs1/supercdms/data/CDMS/ANIMAL/R70/Raw/27190703_150930/27190703_150930_7.root
/nfs/slac/g/supercdms/tf/northwestern/AnimalData/AR70/PMTDAQ/cdmsqfday1/raw/SIS3316Raw_20190703201840_78.root,/gpfs/slac/staas/fs1/supercdms/data/CDMS/ANIMAL/R70/Raw/27190703_201840/27190703_201840_78.root
/nfs/slac/g/supercdms/tf/northwestern/AnimalData/AR70/PMTDAQ/cdmsqfday1/raw/SIS3316Raw_20190703145242_12.root,/gpfs/slac/staas/fs1/supercdms/data/CDMS/ANIMAL/R70/Raw/27190703_145242/27190703_145242_12.root
/nfs/slac/g/supercdms/tf/northwestern/AnimalData/AR70/PMTDAQ/cdmsqfday1/raw/SIS3316Raw_20190703121403_80.root,/gpfs/slac/staas/fs1/supercdms/data/CDMS/ANIMAL/R70/Raw/27190703_121403/27190703_121403_80.root
/nfs/slac/g/supercdms/tf/northwestern/AnimalData/AR70/PMTDAQ/cdmsqfday1/raw/SIS3316Raw_20190703191757_57.root,/gpfs/slac/staas/fs1/supercdms/data/CDMS/ANIMAL/R70/Raw/27190703_191757/27190703_191757_57.root
/nfs/slac/g/supercdms/tf/northwestern/AnimalData/AR70/PMTDAQ/cdmsqfday1/raw/SIS3316Raw_20190703121403_18.root,/gpfs/slac/staas/fs1/supercdms/data/CDMS/ANIMAL/R70/Raw/27190703_121403/27190703_121403_18.root
/nfs/slac/g/supercdms/tf/northwestern/AnimalData/AR70/PMTDAQ/cdmsqfday1/raw/SIS3316Raw_20190703171512_33.root,/gpfs/slac/staas/fs1/supercdms/data/CDMS/ANIMAL/R70/Raw/27190703_171512/27190703_171512_33.root
/nfs/slac/g/supercdms/tf/northwestern/AnimalData/AR70/PMTDAQ/cdmsqfday1/raw/SIS3316Raw_20190703201840_14.root,/gpfs/slac/staas/fs1/supercdms/data/CDMS/ANIMAL/R70/Raw/27190703_201840/27190703_201840_14.root
/nfs/slac/g/supercdms/tf/northwestern/AnimalData/AR70/PMTDAQ/cdmsqfday1/raw/SIS3316Raw_20190703201840_9.root,/gpfs/slac/staas/fs1/supercdms/data/CDMS/ANIMAL/R70/Raw/27190703_201840/27190703_201840_9.root
/nfs/slac/g/supercdms/tf/northwestern/AnimalData/AR70/PMTDAQ/cdmsqfday1/raw/SIS3316Raw_20190703133501_2.root,/gpfs/slac/staas/fs1/supercdms/data/CDMS/ANIMAL/R70/Raw/27190703_133501/27190703_133501_2.root
/nfs/slac/g/supercdms/tf/northwestern/AnimalData/AR70/PMTDAQ/cdmsqfday1/raw/SIS3316Raw_20190703161356_39.root,/gpfs/slac/staas/fs1/supercdms/data/CDMS/ANIMAL/R70/Raw/27190703_161356/27190703_161356_39.root
/nfs/slac/g/supercdms/tf/northwestern/AnimalData/AR70/PMTDAQ/cdmsqfday1/raw/SIS3316Raw_20190703201840_31.root,/gpfs/slac/staas/fs1/supercdms/data/CDMS/ANIMAL/R70/Raw/27190703_201840/27190703_201840_31.root
/nfs/slac/g/supercdms/tf/northwestern/AnimalData/AR70/PMTDAQ/cdmsqfday1/raw/SIS3316Raw_20190703133501_4.root,/gpfs/slac/staas/fs1/supercdms/data/CDMS/ANIMAL/R70/Raw/27190703_133501/27190703_133501_4.root
/nfs/slac/g/supercdms/tf/northwestern/AnimalData/AR70/PMTDAQ/cdmsqfday1/raw/SIS3316Raw_20190703171512_20.root,/gpfs/slac/staas/fs1/supercdms/data/CDMS/ANIMAL/R70/Raw/27190703_171512/27190703_171512_20.root
/nfs/slac/g/supercdms/tf/northwestern/AnimalData/AR70/PMTDAQ/cdmsqfday1/raw/SIS3316Raw_20190703191757_55.root,/gpfs/slac/staas/fs1/supercdms/data/CDMS/ANIMAL/R70/Raw/27190703_191757/27190703_191757_55.root
/nfs/slac/g/supercdms/tf/northwestern/AnimalData/AR70/PMTDAQ/cdmsqfday1/raw/SIS3316Raw_20190703150930_32.root,/gpfs/slac/staas/fs1/supercdms/data/CDMS/ANIMAL/R70/Raw/27190703_150930/27190703_150930_32.root
/nfs/slac/g/supercdms/tf/northwestern/AnimalData/AR70/PMTDAQ/cdmsqfday1/raw/SIS3316Raw_20190703121403_71.root,/gpfs/slac/staas/fs1/supercdms/data/CDMS/ANIMAL/R70/Raw/27190703_121403/27190703_121403_71.root
/nfs/slac/g/supercdms/tf/northwestern/AnimalData/AR70/PMTDAQ/cdmsqfday1/raw/SIS3316Raw_20190703150930_28.root,/gpfs/slac/staas/fs1/supercdms/data/CDMS/ANIMAL/R70/Raw/27190703_150930/27190703_150930_28.root
/nfs/slac/g/supercdms/tf/northwestern/AnimalData/AR70/PMTDAQ/cdmsqfday1/raw/SIS3316Raw_20190703181714_13.root,/gpfs/slac/staas/fs1/supercdms/data/CDMS/ANIMAL/R70/Raw/27190703_181714/27190703_181714_13.root
/nfs/slac/g/supercdms/tf/northwestern/AnimalData/AR70/PMTDAQ/cdmsqfday1/raw/SIS3316Raw_20190703171512_26.root,/gpfs/slac/staas/fs1/supercdms/data/CDMS/ANIMAL/R70/Raw/27190703_171512/27190703_171512_26.root
/nfs/slac/g/supercdms/tf/northwestern/AnimalData/AR70/PMTDAQ/cdmsqfday1/raw/SIS3316Raw_20190703201840_74.root,/gpfs/slac/staas/fs1/supercdms/data/CDMS/ANIMAL/R70/Raw/27190703_201840/27190703_201840_74.root
/nfs/slac/g/supercdms/tf/northwestern/AnimalData/AR70/PMTDAQ/cdmsqfday1/raw/SIS3316Raw_20190703171512_12.root,/gpfs/slac/staas/fs1/supercdms/data/CDMS/ANIMAL/R70/Raw/27190703_171512/27190703_171512_12.root
/nfs/slac/g/supercdms/tf/northwestern/AnimalData/AR70/PMTDAQ/cdmsqfday1/raw/SIS3316Raw_20190703150930_68.root,/gpfs/slac/staas/fs1/supercdms/data/CDMS/ANIMAL/R70/Raw/27190703_150930/27190703_150930_68.root
/nfs/slac/g/supercdms/tf/northwestern/AnimalData/AR70/PMTDAQ/cdmsqfday1/raw/SIS3316Raw_20190703161356_71.root,/gpfs/slac/staas/fs1/supercdms/data/CDMS/ANIMAL/R70/Raw/27190703_161356/27190703_161356_71.root
/nfs/slac/g/supercdms/tf/northwestern/AnimalData/AR70/PMTDAQ/cdmsqfday1/raw/SIS3316Raw_20190703191757_41.root,/gpfs/slac/staas/fs1/supercdms/data/CDMS/ANIMAL/R70/Raw/27190703_191757/27190703_191757_41.root
/nfs/slac/g/supercdms/tf/northwestern/AnimalData/AR70/PMTDAQ/cdmsqfday1/raw/SIS3316Raw_20190703201840_28.root,/gpfs/slac/staas/fs1/supercdms/data/CDMS/ANIMAL/R70/Raw/27190703_201840/27190703_201840_28.root
/nfs/slac/g/supercdms/tf/northwestern/AnimalData/AR70/PMTDAQ/cdmsqfday1/raw/SIS3316Raw_20190703191757_36.root,/gpfs/slac/staas/fs1/supercdms/data/CDMS/ANIMAL/R70/Raw/27190703_191757/27190703_191757_36.root
/nfs/slac/g/supercdms/tf/northwestern/AnimalData/AR70/PMTDAQ/cdmsqfday1/raw/SIS3316Raw_20190703133501_37.root,/gpfs/slac/staas/fs1/supercdms/data/CDMS/ANIMAL/R70/Raw/27190703_133501/27190703_133501_37.root
/nfs/slac/g/supercdms/tf/northwestern/AnimalData/AR70/PMTDAQ/cdmsqfday1/raw/SIS3316Raw_20190703181714_37.root,/gpfs/slac/staas/fs1/supercdms/data/CDMS/ANIMAL/R70/Raw/27190703_181714/27190703_181714_37.root
/nfs/slac/g/supercdms/tf/northwestern/AnimalData/AR70/PMTDAQ/cdmsqfday1/raw/SIS3316Raw_20190703171512_5.root,/gpfs/slac/staas/fs1/supercdms/data/CDMS/ANIMAL/R70/Raw/27190703_171512/27190703_171512_5.root
/nfs/slac/g/supercdms/tf/northwestern/AnimalData/AR70/PMTDAQ/cdmsqfday1/raw/SIS3316Raw_20190703150930_70.root,/gpfs/slac/staas/fs1/supercdms/data/CDMS/ANIMAL/R70/Raw/27190703_150930/27190703_150930_70.root
/nfs/slac/g/supercdms/tf/northwestern/AnimalData/AR70/PMTDAQ/cdmsqfday1/raw/SIS3316Raw_20190703161356_62.root,/gpfs/slac/staas/fs1/supercdms/data/CDMS/ANIMAL/R70/Raw/27190703_161356/27190703_161356_62.root
/nfs/slac/g/supercdms/tf/northwestern/AnimalData/AR70/PMTDAQ/cdmsqfday1/raw/SIS3316Raw_20190703201840_23.root,/gpfs/slac/staas/fs1/supercdms/data/CDMS/ANIMAL/R70/Raw/27190703_201840/27190703_201840_23.root
/nfs/slac/g/supercdms/tf/northwestern/AnimalData/AR70/PMTDAQ/cdmsqfday1/raw/SIS3316Raw_20190703201840_49.root,/gpfs/slac/staas/fs1/supercdms/data/CDMS/ANIMAL/R70/Raw/27190703_201840/27190703_201840_49.root
/nfs/slac/g/supercdms/tf/northwestern/AnimalData/AR70/PMTDAQ/cdmsqfday1/raw/SIS3316Raw_20190703133501_10.root,/gpfs/slac/staas/fs1/supercdms/data/CDMS/ANIMAL/R70/Raw/27190703_133501/27190703_133501_10.root
/nfs/slac/g/supercdms/tf/northwestern/AnimalData/AR70/PMTDAQ/cdmsqfday1/raw/SIS3316Raw_20190703150930_53.root,/gpfs/slac/staas/fs1/supercdms/data/CDMS/ANIMAL/R70/Raw/27190703_150930/27190703_150930_53.root
/nfs/slac/g/supercdms/tf/northwestern/AnimalData/AR70/PMTDAQ/cdmsqfday1/raw/SIS3316Raw_20190703150930_43.root,/gpfs/slac/staas/fs1/supercdms/data/CDMS/ANIMAL/R70/Raw/27190703_150930/27190703_150930_43.root
/nfs/slac/g/supercdms/tf/northwestern/AnimalData/AR70/PMTDAQ/cdmsqfday1/raw/SIS3316Raw_20190703191757_38.root,/gpfs/slac/staas/fs1/supercdms/data/CDMS/ANIMAL/R70/Raw/27190703_191757/27190703_191757_38.root
/nfs/slac/g/supercdms/tf/northwestern/AnimalData/AR70/PMTDAQ/cdmsqfday1/raw/SIS3316Raw_20190703191757_23.root,/gpfs/slac/staas/fs1/supercdms/data/CDMS/ANIMAL/R70/Raw/27190703_191757/27190703_191757_23.root
/nfs/slac/g/supercdms/tf/northwestern/AnimalData/AR70/PMTDAQ/cdmsqfday1/raw/SIS3316Raw_20190703121403_15.root,/gpfs/slac/staas/fs1/supercdms/data/CDMS/ANIMAL/R70/Raw/27190703_121403/27190703_121403_15.root
/nfs/slac/g/supercdms/tf/northwestern/AnimalData/AR70/PMTDAQ/cdmsqfday1/raw/SIS3316Raw_20190703161356_17.root,/gpfs/slac/staas/fs1/supercdms/data/CDMS/ANIMAL/R70/Raw/27190703_161356/27190703_161356_17.root
/nfs/slac/g/supercdms/tf/northwestern/AnimalData/AR70/PMTDAQ/cdmsqfday1/raw/SIS3316Raw_20190703161356_64.root,/gpfs/slac/staas/fs1/supercdms/data/CDMS/ANIMAL/R70/Raw/27190703_161356/27190703_161356_64.root
/nfs/slac/g/supercdms/tf/northwestern/AnimalData/AR70/PMTDAQ/cdmsqfday1/raw/SIS3316Raw_20190703161356_26.root,/gpfs/slac/staas/fs1/supercdms/data/CDMS/ANIMAL/R70/Raw/27190703_161356/27190703_161356_26.root
/nfs/slac/g/supercdms/tf/northwestern/AnimalData/AR70/PMTDAQ/cdmsqfday1/raw/SIS3316Raw_20190703201840_77.root,/gpfs/slac/staas/fs1/supercdms/data/CDMS/ANIMAL/R70/Raw/27190703_201840/27190703_201840_77.root
/nfs/slac/g/supercdms/tf/northwestern/AnimalData/AR70/PMTDAQ/cdmsqfday1/raw/SIS3316Raw_20190703161356_63.root,/gpfs/slac/staas/fs1/supercdms/data/CDMS/ANIMAL/R70/Raw/27190703_161356/27190703_161356_63.root
/nfs/slac/g/supercdms/tf/northwestern/AnimalData/AR70/PMTDAQ/cdmsqfday1/raw/SIS3316Raw_20190703171512_56.root,/gpfs/slac/staas/fs1/supercdms/data/CDMS/ANIMAL/R70/Raw/27190703_171512/27190703_171512_56.root
/nfs/slac/g/supercdms/tf/northwestern/AnimalData/AR70/PMTDAQ/cdmsqfday1/raw/SIS3316Raw_20190703181714_1.root,/gpfs/slac/staas/fs1/supercdms/data/CDMS/ANIMAL/R70/Raw/27190703_181714/27190703_181714_1.root
/nfs/slac/g/supercdms/tf/northwestern/AnimalData/AR70/PMTDAQ/cdmsqfday1/raw/SIS3316Raw_20190703150930_11.root,/gpfs/slac/staas/fs1/supercdms/data/CDMS/ANIMAL/R70/Raw/27190703_150930/27190703_150930_11.root
/nfs/slac/g/supercdms/tf/northwestern/AnimalData/AR70/PMTDAQ/cdmsqfday1/raw/SIS3316Raw_20190703121403_51.root,/gpfs/slac/staas/fs1/supercdms/data/CDMS/ANIMAL/R70/Raw/27190703_121403/27190703_121403_51.root
/nfs/slac/g/supercdms/tf/northwestern/AnimalData/AR70/PMTDAQ/cdmsqfday1/raw/SIS3316Raw_20190703133501_33.root,/gpfs/slac/staas/fs1/supercdms/data/CDMS/ANIMAL/R70/Raw/27190703_133501/27190703_133501_33.root
/nfs/slac/g/supercdms/tf/northwestern/AnimalData/AR70/PMTDAQ/cdmsqfday1/raw/SIS3316Raw_20190703133501_32.root,/gpfs/slac/staas/fs1/supercdms/data/CDMS/ANIMAL/R70/Raw/27190703_133501/27190703_133501_32.root
/nfs/slac/g/supercdms/tf/northwestern/AnimalData/AR70/PMTDAQ/cdmsqfday1/raw/SIS3316Raw_20190703191757_7.root,/gpfs/slac/staas/fs1/supercdms/data/CDMS/ANIMAL/R70/Raw/27190703_191757/27190703_191757_7.root
/nfs/slac/g/supercdms/tf/northwestern/AnimalData/AR70/PMTDAQ/cdmsqfday1/raw/SIS3316Raw_20190703150930_55.root,/gpfs/slac/staas/fs1/supercdms/data/CDMS/ANIMAL/R70/Raw/27190703_150930/27190703_150930_55.root
/nfs/slac/g/supercdms/tf/northwestern/AnimalData/AR70/PMTDAQ/cdmsqfday1/raw/SIS3316Raw_20190703150930_21.root,/gpfs/slac/staas/fs1/supercdms/data/CDMS/ANIMAL/R70/Raw/27190703_150930/27190703_150930_21.root
/nfs/slac/g/supercdms/tf/northwestern/AnimalData/AR70/PMTDAQ/cdmsqfday1/raw/SIS3316Raw_20190703121403_19.root,/gpfs/slac/staas/fs1/supercdms/data/CDMS/ANIMAL/R70/Raw/27190703_121403/27190703_121403_19.root
/nfs/slac/g/supercdms/tf/northwestern/AnimalData/AR70/PMTDAQ/cdmsqfday1/raw/SIS3316Raw_20190703161356_77.root,/gpfs/slac/staas/fs1/supercdms/data/CDMS/ANIMAL/R70/Raw/27190703_161356/27190703_161356_77.root
/nfs/slac/g/supercdms/tf/northwestern/AnimalData/AR70/PMTDAQ/cdmsqfday1/raw/SIS3316Raw_20190703121403_36.root,/gpfs/slac/staas/fs1/supercdms/data/CDMS/ANIMAL/R70/Raw/27190703_121403/27190703_121403_36.root
/nfs/slac/g/supercdms/tf/northwestern/AnimalData/AR70/PMTDAQ/cdmsqfday1/raw/SIS3316Raw_20190703150930_56.root,/gpfs/slac/staas/fs1/supercdms/data/CDMS/ANIMAL/R70/Raw/27190703_150930/27190703_150930_56.root
/nfs/slac/g/supercdms/tf/northwestern/AnimalData/AR70/PMTDAQ/cdmsqfday1/raw/SIS3316Raw_20190703191757_61.root,/gpfs/slac/staas/fs1/supercdms/data/CDMS/ANIMAL/R70/Raw/27190703_191757/27190703_191757_61.root
/nfs/slac/g/supercdms/tf/northwestern/AnimalData/AR70/PMTDAQ/cdmsqfday1/raw/SIS3316Raw_20190703181714_48.root,/gpfs/slac/staas/fs1/supercdms/data/CDMS/ANIMAL/R70/Raw/27190703_181714/27190703_181714_48.root
/nfs/slac/g/supercdms/tf/northwestern/AnimalData/AR70/PMTDAQ/cdmsqfday1/raw/SIS3316Raw_20190703201840_62.root,/gpfs/slac/staas/fs1/supercdms/data/CDMS/ANIMAL/R70/Raw/27190703_201840/27190703_201840_62.root
/nfs/slac/g/supercdms/tf/northwestern/AnimalData/AR70/PMTDAQ/cdmsqfday1/raw/SIS3316Raw_20190703145242_16.root,/gpfs/slac/staas/fs1/supercdms/data/CDMS/ANIMAL/R70/Raw/27190703_145242/27190703_145242_16.root
/nfs/slac/g/supercdms/tf/northwestern/AnimalData/AR70/PMTDAQ/cdmsqfday1/raw/SIS3316Raw_20190703191757_75.root,/gpfs/slac/staas/fs1/supercdms/data/CDMS/ANIMAL/R70/Raw/27190703_191757/27190703_191757_75.root
/nfs/slac/g/supercdms/tf/northwestern/AnimalData/AR70/PMTDAQ/cdmsqfday1/raw/SIS3316Raw_20190703133501_77.root,/gpfs/slac/staas/fs1/supercdms/data/CDMS/ANIMAL/R70/Raw/27190703_133501/27190703_133501_77.root
/nfs/slac/g/supercdms/tf/northwestern/AnimalData/AR70/PMTDAQ/cdmsqfday1/raw/SIS3316Raw_20190703121403_3.root,/gpfs/slac/staas/fs1/supercdms/data/CDMS/ANIMAL/R70/Raw/27190703_121403/27190703_121403_3.root
/nfs/slac/g/supercdms/tf/northwestern/AnimalData/AR70/PMTDAQ/cdmsqfday1/raw/SIS3316Raw_20190703201840_26.root,/gpfs/slac/staas/fs1/supercdms/data/CDMS/ANIMAL/R70/Raw/27190703_201840/27190703_201840_26.root
/nfs/slac/g/supercdms/tf/northwestern/AnimalData/AR70/PMTDAQ/cdmsqfday1/raw/SIS3316Raw_20190703171512_76.root,/gpfs/slac/staas/fs1/supercdms/data/CDMS/ANIMAL/R70/Raw/27190703_171512/27190703_171512_76.root
/nfs/slac/g/supercdms/tf/northwestern/AnimalData/AR70/PMTDAQ/cdmsqfday1/raw/SIS3316Raw_20190703121403_57.root,/gpfs/slac/staas/fs1/supercdms/data/CDMS/ANIMAL/R70/Raw/27190703_121403/27190703_121403_57.root
/nfs/slac/g/supercdms/tf/northwestern/AnimalData/AR70/PMTDAQ/cdmsqfday1/raw/SIS3316Raw_20190703201840_45.root,/gpfs/slac/staas/fs1/supercdms/data/CDMS/ANIMAL/R70/Raw/27190703_201840/27190703_201840_45.root
/nfs/slac/g/supercdms/tf/northwestern/AnimalData/AR70/PMTDAQ/cdmsqfday1/raw/SIS3316Raw_20190703145242_18.root,/gpfs/slac/staas/fs1/supercdms/data/CDMS/ANIMAL/R70/Raw/27190703_145242/27190703_145242_18.root
/nfs/slac/g/supercdms/tf/northwestern/AnimalData/AR70/PMTDAQ/cdmsqfday1/raw/SIS3316Raw_20190703133501_34.root,/gpfs/slac/staas/fs1/supercdms/data/CDMS/ANIMAL/R70/Raw/27190703_133501/27190703_133501_34.root
/nfs/slac/g/supercdms/tf/northwestern/AnimalData/AR70/PMTDAQ/cdmsqfday1/raw/SIS3316Raw_20190703191757_74.root,/gpfs/slac/staas/fs1/supercdms/data/CDMS/ANIMAL/R70/Raw/27190703_191757/27190703_191757_74.root
/nfs/slac/g/supercdms/tf/northwestern/AnimalData/AR70/PMTDAQ/cdmsqfday1/raw/SIS3316Raw_20190703121403_22.root,/gpfs/slac/staas/fs1/supercdms/data/CDMS/ANIMAL/R70/Raw/27190703_121403/27190703_121403_22.root
/nfs/slac/g/supercdms/tf/northwestern/AnimalData/AR70/PMTDAQ/cdmsqfday1/raw/SIS3316Raw_20190703150930_22.root,/gpfs/slac/staas/fs1/supercdms/data/CDMS/ANIMAL/R70/Raw/27190703_150930/27190703_150930_22.root
/nfs/slac/g/supercdms/tf/northwestern/AnimalData/AR70/PMTDAQ/cdmsqfday1/raw/SIS3316Raw_20190703121403-conf.root,/gpfs/slac/staas/fs1/supercdms/data/CDMS/ANIMAL/R70/Raw/27190703_121403/27190703_121403-conf.root
/nfs/slac/g/supercdms/tf/northwestern/AnimalData/AR70/PMTDAQ/cdmsqfday1/raw/SIS3316Raw_20190703161356_18.root,/gpfs/slac/staas/fs1/supercdms/data/CDMS/ANIMAL/R70/Raw/27190703_161356/27190703_161356_18.root
/nfs/slac/g/supercdms/tf/northwestern/AnimalData/AR70/PMTDAQ/cdmsqfday1/raw/SIS3316Raw_20190703121403_45.root,/gpfs/slac/staas/fs1/supercdms/data/CDMS/ANIMAL/R70/Raw/27190703_121403/27190703_121403_45.root
/nfs/slac/g/supercdms/tf/northwestern/AnimalData/AR70/PMTDAQ/cdmsqfday1/raw/SIS3316Raw_20190703191757_20.root,/gpfs/slac/staas/fs1/supercdms/data/CDMS/ANIMAL/R70/Raw/27190703_191757/27190703_191757_20.root
/nfs/slac/g/supercdms/tf/northwestern/AnimalData/AR70/PMTDAQ/cdmsqfday1/raw/SIS3316Raw_20190703191757_71.root,/gpfs/slac/staas/fs1/supercdms/data/CDMS/ANIMAL/R70/Raw/27190703_191757/27190703_191757_71.root
/nfs/slac/g/supercdms/tf/northwestern/AnimalData/AR70/PMTDAQ/cdmsqfday1/raw/SIS3316Raw_20190703201840_53.root,/gpfs/slac/staas/fs1/supercdms/data/CDMS/ANIMAL/R70/Raw/27190703_201840/27190703_201840_53.root
/nfs/slac/g/supercdms/tf/northwestern/AnimalData/AR70/PMTDAQ/cdmsqfday1/raw/SIS3316Raw_20190703171512_45.root,/gpfs/slac/staas/fs1/supercdms/data/CDMS/ANIMAL/R70/Raw/27190703_171512/27190703_171512_45.root
/nfs/slac/g/supercdms/tf/northwestern/AnimalData/AR70/PMTDAQ/cdmsqfday1/raw/SIS3316Raw_20190703201840_8.root,/gpfs/slac/staas/fs1/supercdms/data/CDMS/ANIMAL/R70/Raw/27190703_201840/27190703_201840_8.root
/nfs/slac/g/supercdms/tf/northwestern/AnimalData/AR70/PMTDAQ/cdmsqfday1/raw/SIS3316Raw_20190703171512_75.root,/gpfs/slac/staas/fs1/supercdms/data/CDMS/ANIMAL/R70/Raw/27190703_171512/27190703_171512_75.root
/nfs/slac/g/supercdms/tf/northwestern/AnimalData/AR70/PMTDAQ/cdmsqfday1/raw/SIS3316Raw_20190703191757_13.root,/gpfs/slac/staas/fs1/supercdms/data/CDMS/ANIMAL/R70/Raw/27190703_191757/27190703_191757_13.root
/nfs/slac/g/supercdms/tf/northwestern/AnimalData/AR70/PMTDAQ/cdmsqfday1/raw/SIS3316Raw_20190703191757_27.root,/gpfs/slac/staas/fs1/supercdms/data/CDMS/ANIMAL/R70/Raw/27190703_191757/27190703_191757_27.root
/nfs/slac/g/supercdms/tf/northwestern/AnimalData/AR70/PMTDAQ/cdmsqfday1/raw/SIS3316Raw_20190703121403_79.root,/gpfs/slac/staas/fs1/supercdms/data/CDMS/ANIMAL/R70/Raw/27190703_121403/27190703_121403_79.root
/nfs/slac/g/supercdms/tf/northwestern/AnimalData/AR70/PMTDAQ/cdmsqfday1/raw/SIS3316Raw_20190703171512-conf.root,/gpfs/slac/staas/fs1/supercdms/data/CDMS/ANIMAL/R70/Raw/27190703_171512/27190703_171512-conf.root
/nfs/slac/g/supercdms/tf/northwestern/AnimalData/AR70/PMTDAQ/cdmsqfday1/raw/SIS3316Raw_20190703150930_73.root,/gpfs/slac/staas/fs1/supercdms/data/CDMS/ANIMAL/R70/Raw/27190703_150930/27190703_150930_73.root
/nfs/slac/g/supercdms/tf/northwestern/AnimalData/AR70/PMTDAQ/cdmsqfday1/raw/SIS3316Raw_20190703133501_67.root,/gpfs/slac/staas/fs1/supercdms/data/CDMS/ANIMAL/R70/Raw/27190703_133501/27190703_133501_67.root
/nfs/slac/g/supercdms/tf/northwestern/AnimalData/AR70/PMTDAQ/cdmsqfday1/raw/SIS3316Raw_20190703150930_78.root,/gpfs/slac/staas/fs1/supercdms/data/CDMS/ANIMAL/R70/Raw/27190703_150930/27190703_150930_78.root
/nfs/slac/g/supercdms/tf/northwestern/AnimalData/AR70/PMTDAQ/cdmsqfday1/raw/SIS3316Raw_20190703201840_18.root,/gpfs/slac/staas/fs1/supercdms/data/CDMS/ANIMAL/R70/Raw/27190703_201840/27190703_201840_18.root
/nfs/slac/g/supercdms/tf/northwestern/AnimalData/AR70/PMTDAQ/cdmsqfday1/raw/SIS3316Raw_20190703133501_76.root,/gpfs/slac/staas/fs1/supercdms/data/CDMS/ANIMAL/R70/Raw/27190703_133501/27190703_133501_76.root
/nfs/slac/g/supercdms/tf/northwestern/AnimalData/AR70/PMTDAQ/cdmsqfday1/raw/SIS3316Raw_20190703150930_13.root,/gpfs/slac/staas/fs1/supercdms/data/CDMS/ANIMAL/R70/Raw/27190703_150930/27190703_150930_13.root
/nfs/slac/g/supercdms/tf/northwestern/AnimalData/AR70/PMTDAQ/cdmsqfday1/raw/SIS3316Raw_20190703181714_30.root,/gpfs/slac/staas/fs1/supercdms/data/CDMS/ANIMAL/R70/Raw/27190703_181714/27190703_181714_30.root
/nfs/slac/g/supercdms/tf/northwestern/AnimalData/AR70/PMTDAQ/cdmsqfday1/raw/SIS3316Raw_20190703171512_10.root,/gpfs/slac/staas/fs1/supercdms/data/CDMS/ANIMAL/R70/Raw/27190703_171512/27190703_171512_10.root
/nfs/slac/g/supercdms/tf/northwestern/AnimalData/AR70/PMTDAQ/cdmsqfday1/raw/SIS3316Raw_20190703171512_59.root,/gpfs/slac/staas/fs1/supercdms/data/CDMS/ANIMAL/R70/Raw/27190703_171512/27190703_171512_59.root
/nfs/slac/g/supercdms/tf/northwestern/AnimalData/AR70/PMTDAQ/cdmsqfday1/raw/SIS3316Raw_20190703171512_35.root,/gpfs/slac/staas/fs1/supercdms/data/CDMS/ANIMAL/R70/Raw/27190703_171512/27190703_171512_35.root
/nfs/slac/g/supercdms/tf/northwestern/AnimalData/AR70/PMTDAQ/cdmsqfday1/raw/SIS3316Raw_20190703133501_73.root,/gpfs/slac/staas/fs1/supercdms/data/CDMS/ANIMAL/R70/Raw/27190703_133501/27190703_133501_73.root
/nfs/slac/g/supercdms/tf/northwestern/AnimalData/AR70/PMTDAQ/cdmsqfday1/raw/SIS3316Raw_20190703181714_67.root,/gpfs/slac/staas/fs1/supercdms/data/CDMS/ANIMAL/R70/Raw/27190703_181714/27190703_181714_67.root
/nfs/slac/g/supercdms/tf/northwestern/AnimalData/AR70/PMTDAQ/cdmsqfday1/raw/SIS3316Raw_20190703201840_79.root,/gpfs/slac/staas/fs1/supercdms/data/CDMS/ANIMAL/R70/Raw/27190703_201840/27190703_201840_79.root
/nfs/slac/g/supercdms/tf/northwestern/AnimalData/AR70/PMTDAQ/cdmsqfday1/raw/SIS3316Raw_20190703133501_64.root,/gpfs/slac/staas/fs1/supercdms/data/CDMS/ANIMAL/R70/Raw/27190703_133501/27190703_133501_64.root
/nfs/slac/g/supercdms/tf/northwestern/AnimalData/AR70/PMTDAQ/cdmsqfday1/raw/SIS3316Raw_20190703161356_83.root,/gpfs/slac/staas/fs1/supercdms/data/CDMS/ANIMAL/R70/Raw/27190703_161356/27190703_161356_83.root
/nfs/slac/g/supercdms/tf/northwestern/AnimalData/AR70/PMTDAQ/cdmsqfday1/raw/SIS3316Raw_20190703171512_23.root,/gpfs/slac/staas/fs1/supercdms/data/CDMS/ANIMAL/R70/Raw/27190703_171512/27190703_171512_23.root
/nfs/slac/g/supercdms/tf/northwestern/AnimalData/AR70/PMTDAQ/cdmsqfday1/raw/SIS3316Raw_20190703171512_7.root,/gpfs/slac/staas/fs1/supercdms/data/CDMS/ANIMAL/R70/Raw/27190703_171512/27190703_171512_7.root
/nfs/slac/g/supercdms/tf/northwestern/AnimalData/AR70/PMTDAQ/cdmsqfday1/raw/SIS3316Raw_20190703191757_21.root,/gpfs/slac/staas/fs1/supercdms/data/CDMS/ANIMAL/R70/Raw/27190703_191757/27190703_191757_21.root
/nfs/slac/g/supercdms/tf/northwestern/AnimalData/AR70/PMTDAQ/cdmsqfday1/raw/SIS3316Raw_20190703191757_49.root,/gpfs/slac/staas/fs1/supercdms/data/CDMS/ANIMAL/R70/Raw/27190703_191757/27190703_191757_49.root
/nfs/slac/g/supercdms/tf/northwestern/AnimalData/AR70/PMTDAQ/cdmsqfday1/raw/SIS3316Raw_20190703201840_68.root,/gpfs/slac/staas/fs1/supercdms/data/CDMS/ANIMAL/R70/Raw/27190703_201840/27190703_201840_68.root
/nfs/slac/g/supercdms/tf/northwestern/AnimalData/AR70/PMTDAQ/cdmsqfday1/raw/SIS3316Raw_20190703161356_5.root,/gpfs/slac/staas/fs1/supercdms/data/CDMS/ANIMAL/R70/Raw/27190703_161356/27190703_161356_5.root
/nfs/slac/g/supercdms/tf/northwestern/AnimalData/AR70/PMTDAQ/cdmsqfday1/raw/SIS3316Raw_20190703171512_40.root,/gpfs/slac/staas/fs1/supercdms/data/CDMS/ANIMAL/R70/Raw/27190703_171512/27190703_171512_40.root
/nfs/slac/g/supercdms/tf/northwestern/AnimalData/AR70/PMTDAQ/cdmsqfday1/raw/SIS3316Raw_20190703181714_69.root,/gpfs/slac/staas/fs1/supercdms/data/CDMS/ANIMAL/R70/Raw/27190703_181714/27190703_181714_69.root
/nfs/slac/g/supercdms/tf/northwestern/AnimalData/AR70/PMTDAQ/cdmsqfday1/raw/SIS3316Raw_20190703161356_29.root,/gpfs/slac/staas/fs1/supercdms/data/CDMS/ANIMAL/R70/Raw/27190703_161356/27190703_161356_29.root
/nfs/slac/g/supercdms/tf/northwestern/AnimalData/AR70/PMTDAQ/cdmsqfday1/raw/SIS3316Raw_20190703191757_11.root,/gpfs/slac/staas/fs1/supercdms/data/CDMS/ANIMAL/R70/Raw/27190703_191757/27190703_191757_11.root
/nfs/slac/g/supercdms/tf/northwestern/AnimalData/AR70/PMTDAQ/cdmsqfday1/raw/SIS3316Raw_20190703121403_13.root,/gpfs/slac/staas/fs1/supercdms/data/CDMS/ANIMAL/R70/Raw/27190703_121403/27190703_121403_13.root
/nfs/slac/g/supercdms/tf/northwestern/AnimalData/AR70/PMTDAQ/cdmsqfday1/raw/SIS3316Raw_20190703161356_56.root,/gpfs/slac/staas/fs1/supercdms/data/CDMS/ANIMAL/R70/Raw/27190703_161356/27190703_161356_56.root
/nfs/slac/g/supercdms/tf/northwestern/AnimalData/AR70/PMTDAQ/cdmsqfday1/raw/SIS3316Raw_20190703133501_12.root,/gpfs/slac/staas/fs1/supercdms/data/CDMS/ANIMAL/R70/Raw/27190703_133501/27190703_133501_12.root
/nfs/slac/g/supercdms/tf/northwestern/AnimalData/AR70/PMTDAQ/cdmsqfday1/raw/SIS3316Raw_20190703161356_8.root,/gpfs/slac/staas/fs1/supercdms/data/CDMS/ANIMAL/R70/Raw/27190703_161356/27190703_161356_8.root
/nfs/slac/g/supercdms/tf/northwestern/AnimalData/AR70/PMTDAQ/cdmsqfday1/raw/SIS3316Raw_20190703191757_25.root,/gpfs/slac/staas/fs1/supercdms/data/CDMS/ANIMAL/R70/Raw/27190703_191757/27190703_191757_25.root
/nfs/slac/g/supercdms/tf/northwestern/AnimalData/AR70/PMTDAQ/cdmsqfday1/raw/SIS3316Raw_20190703171512_70.root,/gpfs/slac/staas/fs1/supercdms/data/CDMS/ANIMAL/R70/Raw/27190703_171512/27190703_171512_70.root
/nfs/slac/g/supercdms/tf/northwestern/AnimalData/AR70/PMTDAQ/cdmsqfday1/raw/SIS3316Raw_20190703161356_41.root,/gpfs/slac/staas/fs1/supercdms/data/CDMS/ANIMAL/R70/Raw/27190703_161356/27190703_161356_41.root
/nfs/slac/g/supercdms/tf/northwestern/AnimalData/AR70/PMTDAQ/cdmsqfday1/raw/SIS3316Raw_20190703121403_58.root,/gpfs/slac/staas/fs1/supercdms/data/CDMS/ANIMAL/R70/Raw/27190703_121403/27190703_121403_58.root
/nfs/slac/g/supercdms/tf/northwestern/AnimalData/AR70/PMTDAQ/cdmsqfday1/raw/SIS3316Raw_20190703171512_42.root,/gpfs/slac/staas/fs1/supercdms/data/CDMS/ANIMAL/R70/Raw/27190703_171512/27190703_171512_42.root
/nfs/slac/g/supercdms/tf/northwestern/AnimalData/AR70/PMTDAQ/cdmsqfday1/raw/SIS3316Raw_20190703121403_8.root,/gpfs/slac/staas/fs1/supercdms/data/CDMS/ANIMAL/R70/Raw/27190703_121403/27190703_121403_8.root
/nfs/slac/g/supercdms/tf/northwestern/AnimalData/AR70/PMTDAQ/cdmsqfday1/raw/SIS3316Raw_20190703161356_53.root,/gpfs/slac/staas/fs1/supercdms/data/CDMS/ANIMAL/R70/Raw/27190703_161356/27190703_161356_53.root
/nfs/slac/g/supercdms/tf/northwestern/AnimalData/AR70/PMTDAQ/cdmsqfday1/raw/SIS3316Raw_20190703181714_70.root,/gpfs/slac/staas/fs1/supercdms/data/CDMS/ANIMAL/R70/Raw/27190703_181714/27190703_181714_70.root
/nfs/slac/g/supercdms/tf/northwestern/AnimalData/AR70/PMTDAQ/cdmsqfday1/raw/SIS3316Raw_20190703150930_58.root,/gpfs/slac/staas/fs1/supercdms/data/CDMS/ANIMAL/R70/Raw/27190703_150930/27190703_150930_58.root
/nfs/slac/g/supercdms/tf/northwestern/AnimalData/AR70/PMTDAQ/cdmsqfday1/raw/SIS3316Raw_20190703201840_16.root,/gpfs/slac/staas/fs1/supercdms/data/CDMS/ANIMAL/R70/Raw/27190703_201840/27190703_201840_16.root
/nfs/slac/g/supercdms/tf/northwestern/AnimalData/AR70/PMTDAQ/cdmsqfday1/raw/SIS3316Raw_20190703150930_75.root,/gpfs/slac/staas/fs1/supercdms/data/CDMS/ANIMAL/R70/Raw/27190703_150930/27190703_150930_75.root
/nfs/slac/g/supercdms/tf/northwestern/AnimalData/AR70/PMTDAQ/cdmsqfday1/raw/SIS3316Raw_20190703150930_1.root,/gpfs/slac/staas/fs1/supercdms/data/CDMS/ANIMAL/R70/Raw/27190703_150930/27190703_150930_1.root
/nfs/slac/g/supercdms/tf/northwestern/AnimalData/AR70/PMTDAQ/cdmsqfday1/raw/SIS3316Raw_20190703150930_29.root,/gpfs/slac/staas/fs1/supercdms/data/CDMS/ANIMAL/R70/Raw/27190703_150930/27190703_150930_29.root
/nfs/slac/g/supercdms/tf/northwestern/AnimalData/AR70/PMTDAQ/cdmsqfday1/raw/SIS3316Raw_20190703191757_37.root,/gpfs/slac/staas/fs1/supercdms/data/CDMS/ANIMAL/R70/Raw/27190703_191757/27190703_191757_37.root
/nfs/slac/g/supercdms/tf/northwestern/AnimalData/AR70/PMTDAQ/cdmsqfday1/raw/SIS3316Raw_20190703181714_53.root,/gpfs/slac/staas/fs1/supercdms/data/CDMS/ANIMAL/R70/Raw/27190703_181714/27190703_181714_53.root
/nfs/slac/g/supercdms/tf/northwestern/AnimalData/AR70/PMTDAQ/cdmsqfday1/raw/SIS3316Raw_20190703181714_66.root,/gpfs/slac/staas/fs1/supercdms/data/CDMS/ANIMAL/R70/Raw/27190703_181714/27190703_181714_66.root
/nfs/slac/g/supercdms/tf/northwestern/AnimalData/AR70/PMTDAQ/cdmsqfday1/raw/SIS3316Raw_20190703121403_82.root,/gpfs/slac/staas/fs1/supercdms/data/CDMS/ANIMAL/R70/Raw/27190703_121403/27190703_121403_82.root
/nfs/slac/g/supercdms/tf/northwestern/AnimalData/AR70/PMTDAQ/cdmsqfday1/raw/SIS3316Raw_20190703121403_74.root,/gpfs/slac/staas/fs1/supercdms/data/CDMS/ANIMAL/R70/Raw/27190703_121403/27190703_121403_74.root
/nfs/slac/g/supercdms/tf/northwestern/AnimalData/AR70/PMTDAQ/cdmsqfday1/raw/SIS3316Raw_20190703150930_39.root,/gpfs/slac/staas/fs1/supercdms/data/CDMS/ANIMAL/R70/Raw/27190703_150930/27190703_150930_39.root
/nfs/slac/g/supercdms/tf/northwestern/AnimalData/AR70/PMTDAQ/cdmsqfday1/raw/SIS3316Raw_20190703171512_6.root,/gpfs/slac/staas/fs1/supercdms/data/CDMS/ANIMAL/R70/Raw/27190703_171512/27190703_171512_6.root
/nfs/slac/g/supercdms/tf/northwestern/AnimalData/AR70/PMTDAQ/cdmsqfday1/raw/SIS3316Raw_20190703150930_69.root,/gpfs/slac/staas/fs1/supercdms/data/CDMS/ANIMAL/R70/Raw/27190703_150930/27190703_150930_69.root
/nfs/slac/g/supercdms/tf/northwestern/AnimalData/AR70/PMTDAQ/cdmsqfday1/raw/SIS3316Raw_20190703121403_26.root,/gpfs/slac/staas/fs1/supercdms/data/CDMS/ANIMAL/R70/Raw/27190703_121403/27190703_121403_26.root
/nfs/slac/g/supercdms/tf/northwestern/AnimalData/AR70/PMTDAQ/cdmsqfday1/raw/SIS3316Raw_20190703113132-conf.root,/gpfs/slac/staas/fs1/supercdms/data/CDMS/ANIMAL/R70/Raw/27190703_113132/27190703_113132-conf.root
/nfs/slac/g/supercdms/tf/northwestern/AnimalData/AR70/PMTDAQ/cdmsqfday1/raw/SIS3316Raw_20190703171512_47.root,/gpfs/slac/staas/fs1/supercdms/data/CDMS/ANIMAL/R70/Raw/27190703_171512/27190703_171512_47.root
/nfs/slac/g/supercdms/tf/northwestern/AnimalData/AR70/PMTDAQ/cdmsqfday1/raw/SIS3316Raw_20190703191757_8.root,/gpfs/slac/staas/fs1/supercdms/data/CDMS/ANIMAL/R70/Raw/27190703_191757/27190703_191757_8.root
/nfs/slac/g/supercdms/tf/northwestern/AnimalData/AR70/PMTDAQ/cdmsqfday1/raw/SIS3316Raw_20190703191757_72.root,/gpfs/slac/staas/fs1/supercdms/data/CDMS/ANIMAL/R70/Raw/27190703_191757/27190703_191757_72.root
/nfs/slac/g/supercdms/tf/northwestern/AnimalData/AR70/PMTDAQ/cdmsqfday1/raw/SIS3316Raw_20190703161356_43.root,/gpfs/slac/staas/fs1/supercdms/data/CDMS/ANIMAL/R70/Raw/27190703_161356/27190703_161356_43.root
/nfs/slac/g/supercdms/tf/northwestern/AnimalData/AR70/PMTDAQ/cdmsqfday1/raw/SIS3316Raw_20190703201840_41.root,/gpfs/slac/staas/fs1/supercdms/data/CDMS/ANIMAL/R70/Raw/27190703_201840/27190703_201840_41.root
/nfs/slac/g/supercdms/tf/northwestern/AnimalData/AR70/PMTDAQ/cdmsqfday1/raw/SIS3316Raw_20190703161356_76.root,/gpfs/slac/staas/fs1/supercdms/data/CDMS/ANIMAL/R70/Raw/27190703_161356/27190703_161356_76.root
/nfs/slac/g/supercdms/tf/northwestern/AnimalData/AR70/PMTDAQ/cdmsqfday1/raw/SIS3316Raw_20190703150930_16.root,/gpfs/slac/staas/fs1/supercdms/data/CDMS/ANIMAL/R70/Raw/27190703_150930/27190703_150930_16.root
/nfs/slac/g/supercdms/tf/northwestern/AnimalData/AR70/PMTDAQ/cdmsqfday1/raw/SIS3316Raw_20190703171512_65.root,/gpfs/slac/staas/fs1/supercdms/data/CDMS/ANIMAL/R70/Raw/27190703_171512/27190703_171512_65.root
/nfs/slac/g/supercdms/tf/northwestern/AnimalData/AR70/PMTDAQ/cdmsqfday1/raw/SIS3316Raw_20190703113512-conf.root,/gpfs/slac/staas/fs1/supercdms/data/CDMS/ANIMAL/R70/Raw/27190703_113512/27190703_113512-conf.root
/nfs/slac/g/supercdms/tf/northwestern/AnimalData/AR70/PMTDAQ/cdmsqfday1/raw/SIS3316Raw_20190703191757_70.root,/gpfs/slac/staas/fs1/supercdms/data/CDMS/ANIMAL/R70/Raw/27190703_191757/27190703_191757_70.root
/nfs/slac/g/supercdms/tf/northwestern/AnimalData/AR70/PMTDAQ/cdmsqfday1/raw/SIS3316Raw_20190703145242_10.root,/gpfs/slac/staas/fs1/supercdms/data/CDMS/ANIMAL/R70/Raw/27190703_145242/27190703_145242_10.root
/nfs/slac/g/supercdms/tf/northwestern/AnimalData/AR70/PMTDAQ/cdmsqfday1/raw/SIS3316Raw_20190703181714_6.root,/gpfs/slac/staas/fs1/supercdms/data/CDMS/ANIMAL/R70/Raw/27190703_181714/27190703_181714_6.root
/nfs/slac/g/supercdms/tf/northwestern/AnimalData/AR70/PMTDAQ/cdmsqfday1/raw/SIS3316Raw_20190703171512_80.root,/gpfs/slac/staas/fs1/supercdms/data/CDMS/ANIMAL/R70/Raw/27190703_171512/27190703_171512_80.root
/nfs/slac/g/supercdms/tf/northwestern/AnimalData/AR70/PMTDAQ/cdmsqfday1/raw/SIS3316Raw_20190703161356_13.root,/gpfs/slac/staas/fs1/supercdms/data/CDMS/ANIMAL/R70/Raw/27190703_161356/27190703_161356_13.root
/nfs/slac/g/supercdms/tf/northwestern/AnimalData/AR70/PMTDAQ/cdmsqfday1/raw/SIS3316Raw_20190703161356-conf.root,/gpfs/slac/staas/fs1/supercdms/data/CDMS/ANIMAL/R70/Raw/27190703_161356/27190703_161356-conf.root
/nfs/slac/g/supercdms/tf/northwestern/AnimalData/AR70/PMTDAQ/cdmsqfday1/raw/SIS3316Raw_20190703191757_60.root,/gpfs/slac/staas/fs1/supercdms/data/CDMS/ANIMAL/R70/Raw/27190703_191757/27190703_191757_60.root
/nfs/slac/g/supercdms/tf/northwestern/AnimalData/AR70/PMTDAQ/cdmsqfday1/raw/SIS3316Raw_20190703150930-conf.root,/gpfs/slac/staas/fs1/supercdms/data/CDMS/ANIMAL/R70/Raw/27190703_150930/27190703_150930-conf.root
/nfs/slac/g/supercdms/tf/northwestern/AnimalData/AR70/PMTDAQ/cdmsqfday1/raw/SIS3316Raw_20190703201840_70.root,/gpfs/slac/staas/fs1/supercdms/data/CDMS/ANIMAL/R70/Raw/27190703_201840/27190703_201840_70.root
/nfs/slac/g/supercdms/tf/northwestern/AnimalData/AR70/PMTDAQ/cdmsqfday1/raw/SIS3316Raw_20190703150930_6.root,/gpfs/slac/staas/fs1/supercdms/data/CDMS/ANIMAL/R70/Raw/27190703_150930/27190703_150930_6.root
/nfs/slac/g/supercdms/tf/northwestern/AnimalData/AR70/PMTDAQ/cdmsqfday1/raw/SIS3316Raw_20190703191757_50.root,/gpfs/slac/staas/fs1/supercdms/data/CDMS/ANIMAL/R70/Raw/27190703_191757/27190703_191757_50.root
/nfs/slac/g/supercdms/tf/northwestern/AnimalData/AR70/PMTDAQ/cdmsqfday1/raw/SIS3316Raw_20190703121403_55.root,/gpfs/slac/staas/fs1/supercdms/data/CDMS/ANIMAL/R70/Raw/27190703_121403/27190703_121403_55.root
/nfs/slac/g/supercdms/tf/northwestern/AnimalData/AR70/PMTDAQ/cdmsqfday1/raw/SIS3316Raw_20190703150930_20.root,/gpfs/slac/staas/fs1/supercdms/data/CDMS/ANIMAL/R70/Raw/27190703_150930/27190703_150930_20.root
/nfs/slac/g/supercdms/tf/northwestern/AnimalData/AR70/PMTDAQ/cdmsqfday1/raw/SIS3316Raw_20190703191757_32.root,/gpfs/slac/staas/fs1/supercdms/data/CDMS/ANIMAL/R70/Raw/27190703_191757/27190703_191757_32.root
/nfs/slac/g/supercdms/tf/northwestern/AnimalData/AR70/PMTDAQ/cdmsqfday1/raw/SIS3316Raw_20190703121403_33.root,/gpfs/slac/staas/fs1/supercdms/data/CDMS/ANIMAL/R70/Raw/27190703_121403/27190703_121403_33.root
/nfs/slac/g/supercdms/tf/northwestern/AnimalData/AR70/PMTDAQ/cdmsqfday1/raw/SIS3316Raw_20190703181714_83.root,/gpfs/slac/staas/fs1/supercdms/data/CDMS/ANIMAL/R70/Raw/27190703_181714/27190703_181714_83.root
/nfs/slac/g/supercdms/tf/northwestern/AnimalData/AR70/PMTDAQ/cdmsqfday1/raw/SIS3316Raw_20190703161356_59.root,/gpfs/slac/staas/fs1/supercdms/data/CDMS/ANIMAL/R70/Raw/27190703_161356/27190703_161356_59.root
/nfs/slac/g/supercdms/tf/northwestern/AnimalData/AR70/PMTDAQ/cdmsqfday1/raw/SIS3316Raw_20190703114544-conf.root,/gpfs/slac/staas/fs1/supercdms/data/CDMS/ANIMAL/R70/Raw/27190703_114544/27190703_114544-conf.root
/nfs/slac/g/supercdms/tf/northwestern/AnimalData/AR70/PMTDAQ/cdmsqfday1/raw/SIS3316Raw_20190703161356_42.root,/gpfs/slac/staas/fs1/supercdms/data/CDMS/ANIMAL/R70/Raw/27190703_161356/27190703_161356_42.root
/nfs/slac/g/supercdms/tf/northwestern/AnimalData/AR70/PMTDAQ/cdmsqfday1/raw/SIS3316Raw_20190703121403_48.root,/gpfs/slac/staas/fs1/supercdms/data/CDMS/ANIMAL/R70/Raw/27190703_121403/27190703_121403_48.root
/nfs/slac/g/supercdms/tf/northwestern/AnimalData/AR70/PMTDAQ/cdmsqfday1/raw/SIS3316Raw_20190703191757_53.root,/gpfs/slac/staas/fs1/supercdms/data/CDMS/ANIMAL/R70/Raw/27190703_191757/27190703_191757_53.root
/nfs/slac/g/supercdms/tf/northwestern/AnimalData/AR70/PMTDAQ/cdmsqfday1/raw/SIS3316Raw_20190703121403_47.root,/gpfs/slac/staas/fs1/supercdms/data/CDMS/ANIMAL/R70/Raw/27190703_121403/27190703_121403_47.root
/nfs/slac/g/supercdms/tf/northwestern/AnimalData/AR70/PMTDAQ/cdmsqfday1/raw/SIS3316Raw_20190703161356_32.root,/gpfs/slac/staas/fs1/supercdms/data/CDMS/ANIMAL/R70/Raw/27190703_161356/27190703_161356_32.root
/nfs/slac/g/supercdms/tf/northwestern/AnimalData/AR70/PMTDAQ/cdmsqfday1/raw/SIS3316Raw_20190703150930_66.root,/gpfs/slac/staas/fs1/supercdms/data/CDMS/ANIMAL/R70/Raw/27190703_150930/27190703_150930_66.root
/nfs/slac/g/supercdms/tf/northwestern/AnimalData/AR70/PMTDAQ/cdmsqfday1/raw/SIS3316Raw_20190703161356_52.root,/gpfs/slac/staas/fs1/supercdms/data/CDMS/ANIMAL/R70/Raw/27190703_161356/27190703_161356_52.root
/nfs/slac/g/supercdms/tf/northwestern/AnimalData/AR70/PMTDAQ/cdmsqfday1/raw/SIS3316Raw_20190703181714_49.root,/gpfs/slac/staas/fs1/supercdms/data/CDMS/ANIMAL/R70/Raw/27190703_181714/27190703_181714_49.root
/nfs/slac/g/supercdms/tf/northwestern/AnimalData/AR70/PMTDAQ/cdmsqfday1/raw/SIS3316Raw_20190703181714_31.root,/gpfs/slac/staas/fs1/supercdms/data/CDMS/ANIMAL/R70/Raw/27190703_181714/27190703_181714_31.root
/nfs/slac/g/supercdms/tf/northwestern/AnimalData/AR70/PMTDAQ/cdmsqfday1/raw/SIS3316Raw_20190703191757_18.root,/gpfs/slac/staas/fs1/supercdms/data/CDMS/ANIMAL/R70/Raw/27190703_191757/27190703_191757_18.root
/nfs/slac/g/supercdms/tf/northwestern/AnimalData/AR70/PMTDAQ/cdmsqfday1/raw/SIS3316Raw_20190703201840_10.root,/gpfs/slac/staas/fs1/supercdms/data/CDMS/ANIMAL/R70/Raw/27190703_201840/27190703_201840_10.root
/nfs/slac/g/supercdms/tf/northwestern/AnimalData/AR70/PMTDAQ/cdmsqfday1/raw/SIS3316Raw_20190703133501_11.root,/gpfs/slac/staas/fs1/supercdms/data/CDMS/ANIMAL/R70/Raw/27190703_133501/27190703_133501_11.root
/nfs/slac/g/supercdms/tf/northwestern/AnimalData/AR70/PMTDAQ/cdmsqfday1/raw/SIS3316Raw_20190703181714_8.root,/gpfs/slac/staas/fs1/supercdms/data/CDMS/ANIMAL/R70/Raw/27190703_181714/27190703_181714_8.root
/nfs/slac/g/supercdms/tf/northwestern/AnimalData/AR70/PMTDAQ/cdmsqfday1/raw/SIS3316Raw_20190703133501_81.root,/gpfs/slac/staas/fs1/supercdms/data/CDMS/ANIMAL/R70/Raw/27190703_133501/27190703_133501_81.root
/nfs/slac/g/supercdms/tf/northwestern/AnimalData/AR70/PMTDAQ/cdmsqfday1/raw/SIS3316Raw_20190703201840_1.root,/gpfs/slac/staas/fs1/supercdms/data/CDMS/ANIMAL/R70/Raw/27190703_201840/27190703_201840_1.root
/nfs/slac/g/supercdms/tf/northwestern/AnimalData/AR70/PMTDAQ/cdmsqfday1/raw/SIS3316Raw_20190703161356_19.root,/gpfs/slac/staas/fs1/supercdms/data/CDMS/ANIMAL/R70/Raw/27190703_161356/27190703_161356_19.root
/nfs/slac/g/supercdms/tf/northwestern/AnimalData/AR70/PMTDAQ/cdmsqfday1/raw/SIS3316Raw_20190703191757_46.root,/gpfs/slac/staas/fs1/supercdms/data/CDMS/ANIMAL/R70/Raw/27190703_191757/27190703_191757_46.root
/nfs/slac/g/supercdms/tf/northwestern/AnimalData/AR70/PMTDAQ/cdmsqfday1/raw/SIS3316Raw_20190703150930_48.root,/gpfs/slac/staas/fs1/supercdms/data/CDMS/ANIMAL/R70/Raw/27190703_150930/27190703_150930_48.root
/nfs/slac/g/supercdms/tf/northwestern/AnimalData/AR70/PMTDAQ/cdmsqfday1/raw/SIS3316Raw_20190703161356_84.root,/gpfs/slac/staas/fs1/supercdms/data/CDMS/ANIMAL/R70/Raw/27190703_161356/27190703_161356_84.root
/nfs/slac/g/supercdms/tf/northwestern/AnimalData/AR70/PMTDAQ/cdmsqfday1/raw/SIS3316Raw_20190703171512_50.root,/gpfs/slac/staas/fs1/supercdms/data/CDMS/ANIMAL/R70/Raw/27190703_171512/27190703_171512_50.root
/nfs/slac/g/supercdms/tf/northwestern/AnimalData/AR70/PMTDAQ/cdmsqfday1/raw/SIS3316Raw_20190703104236_1.root,/gpfs/slac/staas/fs1/supercdms/data/CDMS/ANIMAL/R70/Raw/27190703_104236/27190703_104236_1.root
/nfs/slac/g/supercdms/tf/northwestern/AnimalData/AR70/PMTDAQ/cdmsqfday1/raw/SIS3316Raw_20190703133501_53.root,/gpfs/slac/staas/fs1/supercdms/data/CDMS/ANIMAL/R70/Raw/27190703_133501/27190703_133501_53.root
/nfs/slac/g/supercdms/tf/northwestern/AnimalData/AR70/PMTDAQ/cdmsqfday1/raw/SIS3316Raw_20190703171512_69.root,/gpfs/slac/staas/fs1/supercdms/data/CDMS/ANIMAL/R70/Raw/27190703_171512/27190703_171512_69.root
/nfs/slac/g/supercdms/tf/northwestern/AnimalData/AR70/PMTDAQ/cdmsqfday1/raw/SIS3316Raw_20190703201840_59.root,/gpfs/slac/staas/fs1/supercdms/data/CDMS/ANIMAL/R70/Raw/27190703_201840/27190703_201840_59.root
/nfs/slac/g/supercdms/tf/northwestern/AnimalData/AR70/PMTDAQ/cdmsqfday1/raw/SIS3316Raw_20190703150930_37.root,/gpfs/slac/staas/fs1/supercdms/data/CDMS/ANIMAL/R70/Raw/27190703_150930/27190703_150930_37.root
/nfs/slac/g/supercdms/tf/northwestern/AnimalData/AR70/PMTDAQ/cdmsqfday1/raw/SIS3316Raw_20190703121403_34.root,/gpfs/slac/staas/fs1/supercdms/data/CDMS/ANIMAL/R70/Raw/27190703_121403/27190703_121403_34.root
/nfs/slac/g/supercdms/tf/northwestern/AnimalData/AR70/PMTDAQ/cdmsqfday1/raw/SIS3316Raw_20190703171512_13.root,/gpfs/slac/staas/fs1/supercdms/data/CDMS/ANIMAL/R70/Raw/27190703_171512/27190703_171512_13.root
/nfs/slac/g/supercdms/tf/northwestern/AnimalData/AR70/PMTDAQ/cdmsqfday1/raw/SIS3316Raw_20190703150930_65.root,/gpfs/slac/staas/fs1/supercdms/data/CDMS/ANIMAL/R70/Raw/27190703_150930/27190703_150930_65.root
/nfs/slac/g/supercdms/tf/northwestern/AnimalData/AR70/PMTDAQ/cdmsqfday1/raw/SIS3316Raw_20190703191757_42.root,/gpfs/slac/staas/fs1/supercdms/data/CDMS/ANIMAL/R70/Raw/27190703_191757/27190703_191757_42.root
/nfs/slac/g/supercdms/tf/northwestern/AnimalData/AR70/PMTDAQ/cdmsqfday1/raw/SIS3316Raw_20190703201840_63.root,/gpfs/slac/staas/fs1/supercdms/data/CDMS/ANIMAL/R70/Raw/27190703_201840/27190703_201840_63.root
/nfs/slac/g/supercdms/tf/northwestern/AnimalData/AR70/PMTDAQ/cdmsqfday1/raw/SIS3316Raw_20190703171512_54.root,/gpfs/slac/staas/fs1/supercdms/data/CDMS/ANIMAL/R70/Raw/27190703_171512/27190703_171512_54.root
/nfs/slac/g/supercdms/tf/northwestern/AnimalData/AR70/PMTDAQ/cdmsqfday1/raw/SIS3316Raw_20190703201840_5.root,/gpfs/slac/staas/fs1/supercdms/data/CDMS/ANIMAL/R70/Raw/27190703_201840/27190703_201840_5.root
/nfs/slac/g/supercdms/tf/northwestern/AnimalData/AR70/PMTDAQ/cdmsqfday1/raw/SIS3316Raw_20190703191757_15.root,/gpfs/slac/staas/fs1/supercdms/data/CDMS/ANIMAL/R70/Raw/27190703_191757/27190703_191757_15.root
/nfs/slac/g/supercdms/tf/northwestern/AnimalData/AR70/PMTDAQ/cdmsqfday1/raw/SIS3316Raw_20190703150930_18.root,/gpfs/slac/staas/fs1/supercdms/data/CDMS/ANIMAL/R70/Raw/27190703_150930/27190703_150930_18.root
/nfs/slac/g/supercdms/tf/northwestern/AnimalData/AR70/PMTDAQ/cdmsqfday1/raw/SIS3316Raw_20190703121403_41.root,/gpfs/slac/staas/fs1/supercdms/data/CDMS/ANIMAL/R70/Raw/27190703_121403/27190703_121403_41.root
/nfs/slac/g/supercdms/tf/northwestern/AnimalData/AR70/PMTDAQ/cdmsqfday1/raw/SIS3316Raw_20190703150930_4.root,/gpfs/slac/staas/fs1/supercdms/data/CDMS/ANIMAL/R70/Raw/27190703_150930/27190703_150930_4.root
/nfs/slac/g/supercdms/tf/northwestern/AnimalData/AR70/PMTDAQ/cdmsqfday1/raw/SIS3316Raw_20190703181714_18.root,/gpfs/slac/staas/fs1/supercdms/data/CDMS/ANIMAL/R70/Raw/27190703_181714/27190703_181714_18.root
/nfs/slac/g/supercdms/tf/northwestern/AnimalData/AR70/PMTDAQ/cdmsqfday1/raw/SIS3316Raw_20190703171512_81.root,/gpfs/slac/staas/fs1/supercdms/data/CDMS/ANIMAL/R70/Raw/27190703_171512/27190703_171512_81.root
/nfs/slac/g/supercdms/tf/northwestern/AnimalData/AR70/PMTDAQ/cdmsqfday1/raw/SIS3316Raw_20190703191757_66.root,/gpfs/slac/staas/fs1/supercdms/data/CDMS/ANIMAL/R70/Raw/27190703_191757/27190703_191757_66.root
/nfs/slac/g/supercdms/tf/northwestern/AnimalData/AR70/PMTDAQ/cdmsqfday1/raw/SIS3316Raw_20190703181714_4.root,/gpfs/slac/staas/fs1/supercdms/data/CDMS/ANIMAL/R70/Raw/27190703_181714/27190703_181714_4.root
/nfs/slac/g/supercdms/tf/northwestern/AnimalData/AR70/PMTDAQ/cdmsqfday1/raw/SIS3316Raw_20190703181714_45.root,/gpfs/slac/staas/fs1/supercdms/data/CDMS/ANIMAL/R70/Raw/27190703_181714/27190703_181714_45.root
/nfs/slac/g/supercdms/tf/northwestern/AnimalData/AR70/PMTDAQ/cdmsqfday1/raw/SIS3316Raw_20190703201840_7.root,/gpfs/slac/staas/fs1/supercdms/data/CDMS/ANIMAL/R70/Raw/27190703_201840/27190703_201840_7.root
/nfs/slac/g/supercdms/tf/northwestern/AnimalData/AR70/PMTDAQ/cdmsqfday1/raw/SIS3316Raw_20190703161356_35.root,/gpfs/slac/staas/fs1/supercdms/data/CDMS/ANIMAL/R70/Raw/27190703_161356/27190703_161356_35.root
/nfs/slac/g/supercdms/tf/northwestern/AnimalData/AR70/PMTDAQ/cdmsqfday1/raw/SIS3316Raw_20190703171512_46.root,/gpfs/slac/staas/fs1/supercdms/data/CDMS/ANIMAL/R70/Raw/27190703_171512/27190703_171512_46.root
/nfs/slac/g/supercdms/tf/northwestern/AnimalData/AR70/PMTDAQ/cdmsqfday1/raw/SIS3316Raw_20190703145242_2.root,/gpfs/slac/staas/fs1/supercdms/data/CDMS/ANIMAL/R70/Raw/27190703_145242/27190703_145242_2.root
/nfs/slac/g/supercdms/tf/northwestern/AnimalData/AR70/PMTDAQ/cdmsqfday1/raw/SIS3316Raw_20190703121403_35.root,/gpfs/slac/staas/fs1/supercdms/data/CDMS/ANIMAL/R70/Raw/27190703_121403/27190703_121403_35.root
/nfs/slac/g/supercdms/tf/northwestern/AnimalData/AR70/PMTDAQ/cdmsqfday1/raw/SIS3316Raw_20190703181714_68.root,/gpfs/slac/staas/fs1/supercdms/data/CDMS/ANIMAL/R70/Raw/27190703_181714/27190703_181714_68.root
/nfs/slac/g/supercdms/tf/northwestern/AnimalData/AR70/PMTDAQ/cdmsqfday1/raw/SIS3316Raw_20190703145242_4.root,/gpfs/slac/staas/fs1/supercdms/data/CDMS/ANIMAL/R70/Raw/27190703_145242/27190703_145242_4.root
/nfs/slac/g/supercdms/tf/northwestern/AnimalData/AR70/PMTDAQ/cdmsqfday1/raw/SIS3316Raw_20190703171512_53.root,/gpfs/slac/staas/fs1/supercdms/data/CDMS/ANIMAL/R70/Raw/27190703_171512/27190703_171512_53.root
/nfs/slac/g/supercdms/tf/northwestern/AnimalData/AR70/PMTDAQ/cdmsqfday1/raw/SIS3316Raw_20190703133501_70.root,/gpfs/slac/staas/fs1/supercdms/data/CDMS/ANIMAL/R70/Raw/27190703_133501/27190703_133501_70.root
/nfs/slac/g/supercdms/tf/northwestern/AnimalData/AR70/PMTDAQ/cdmsqfday1/raw/SIS3316Raw_20190703201840_37.root,/gpfs/slac/staas/fs1/supercdms/data/CDMS/ANIMAL/R70/Raw/27190703_201840/27190703_201840_37.root
/nfs/slac/g/supercdms/tf/northwestern/AnimalData/AR70/PMTDAQ/cdmsqfday1/raw/SIS3316Raw_20190703145242_6.root,/gpfs/slac/staas/fs1/supercdms/data/CDMS/ANIMAL/R70/Raw/27190703_145242/27190703_145242_6.root
/nfs/slac/g/supercdms/tf/northwestern/AnimalData/AR70/PMTDAQ/cdmsqfday1/raw/SIS3316Raw_20190703150930_52.root,/gpfs/slac/staas/fs1/supercdms/data/CDMS/ANIMAL/R70/Raw/27190703_150930/27190703_150930_52.root
/nfs/slac/g/supercdms/tf/northwestern/AnimalData/AR70/PMTDAQ/cdmsqfday1/raw/SIS3316Raw_20190703171512_25.root,/gpfs/slac/staas/fs1/supercdms/data/CDMS/ANIMAL/R70/Raw/27190703_171512/27190703_171512_25.root
/nfs/slac/g/supercdms/tf/northwestern/AnimalData/AR70/PMTDAQ/cdmsqfday1/raw/SIS3316Raw_20190703150930_35.root,/gpfs/slac/staas/fs1/supercdms/data/CDMS/ANIMAL/R70/Raw/27190703_150930/27190703_150930_35.root
/nfs/slac/g/supercdms/tf/northwestern/AnimalData/AR70/PMTDAQ/cdmsqfday1/raw/SIS3316Raw_20190703201840_71.root,/gpfs/slac/staas/fs1/supercdms/data/CDMS/ANIMAL/R70/Raw/27190703_201840/27190703_201840_71.root
/nfs/slac/g/supercdms/tf/northwestern/AnimalData/AR70/PMTDAQ/cdmsqfday1/raw/SIS3316Raw_20190703133501_71.root,/gpfs/slac/staas/fs1/supercdms/data/CDMS/ANIMAL/R70/Raw/27190703_133501/27190703_133501_71.root
/nfs/slac/g/supercdms/tf/northwestern/AnimalData/AR70/PMTDAQ/cdmsqfday1/raw/SIS3316Raw_20190703181714_82.root,/gpfs/slac/staas/fs1/supercdms/data/CDMS/ANIMAL/R70/Raw/27190703_181714/27190703_181714_82.root
/nfs/slac/g/supercdms/tf/northwestern/AnimalData/AR70/PMTDAQ/cdmsqfday1/raw/SIS3316Raw_20190703145242_1.root,/gpfs/slac/staas/fs1/supercdms/data/CDMS/ANIMAL/R70/Raw/27190703_145242/27190703_145242_1.root
/nfs/slac/g/supercdms/tf/northwestern/AnimalData/AR70/PMTDAQ/cdmsqfday1/raw/SIS3316Raw_20190703121403_7.root,/gpfs/slac/staas/fs1/supercdms/data/CDMS/ANIMAL/R70/Raw/27190703_121403/27190703_121403_7.root
/nfs/slac/g/supercdms/tf/northwestern/AnimalData/AR70/PMTDAQ/cdmsqfday1/raw/SIS3316Raw_20190703145242-conf.root,/gpfs/slac/staas/fs1/supercdms/data/CDMS/ANIMAL/R70/Raw/27190703_145242/27190703_145242-conf.root
/nfs/slac/g/supercdms/tf/northwestern/AnimalData/AR70/PMTDAQ/cdmsqfday1/raw/SIS3316Raw_20190703133501_65.root,/gpfs/slac/staas/fs1/supercdms/data/CDMS/ANIMAL/R70/Raw/27190703_133501/27190703_133501_65.root
/nfs/slac/g/supercdms/tf/northwestern/AnimalData/AR70/PMTDAQ/cdmsqfday1/raw/SIS3316Raw_20190703181714_62.root,/gpfs/slac/staas/fs1/supercdms/data/CDMS/ANIMAL/R70/Raw/27190703_181714/27190703_181714_62.root
/nfs/slac/g/supercdms/tf/northwestern/AnimalData/AR70/PMTDAQ/cdmsqfday1/raw/SIS3316Raw_20190703133501_63.root,/gpfs/slac/staas/fs1/supercdms/data/CDMS/ANIMAL/R70/Raw/27190703_133501/27190703_133501_63.root
/nfs/slac/g/supercdms/tf/northwestern/AnimalData/AR70/PMTDAQ/cdmsqfday1/raw/SIS3316Raw_20190703201840_24.root,/gpfs/slac/staas/fs1/supercdms/data/CDMS/ANIMAL/R70/Raw/27190703_201840/27190703_201840_24.root
/nfs/slac/g/supercdms/tf/northwestern/AnimalData/AR70/PMTDAQ/cdmsqfday1/raw/SIS3316Raw_20190703161356_55.root,/gpfs/slac/staas/fs1/supercdms/data/CDMS/ANIMAL/R70/Raw/27190703_161356/27190703_161356_55.root
/nfs/slac/g/supercdms/tf/northwestern/AnimalData/AR70/PMTDAQ/cdmsqfday1/raw/SIS3316Raw_20190703181714_44.root,/gpfs/slac/staas/fs1/supercdms/data/CDMS/ANIMAL/R70/Raw/27190703_181714/27190703_181714_44.root
/nfs/slac/g/supercdms/tf/northwestern/AnimalData/AR70/PMTDAQ/cdmsqfday1/raw/SIS3316Raw_20190703171512_78.root,/gpfs/slac/staas/fs1/supercdms/data/CDMS/ANIMAL/R70/Raw/27190703_171512/27190703_171512_78.root
/nfs/slac/g/supercdms/tf/northwestern/AnimalData/AR70/PMTDAQ/cdmsqfday1/raw/SIS3316Raw_20190703115551-conf.root,/gpfs/slac/staas/fs1/supercdms/data/CDMS/ANIMAL/R70/Raw/27190703_115551/27190703_115551-conf.root
/nfs/slac/g/supercdms/tf/northwestern/AnimalData/AR70/PMTDAQ/cdmsqfday1/raw/SIS3316Raw_20190703133501_8.root,/gpfs/slac/staas/fs1/supercdms/data/CDMS/ANIMAL/R70/Raw/27190703_133501/27190703_133501_8.root
/nfs/slac/g/supercdms/tf/northwestern/AnimalData/AR70/PMTDAQ/cdmsqfday1/raw/SIS3316Raw_20190703150930_45.root,/gpfs/slac/staas/fs1/supercdms/data/CDMS/ANIMAL/R70/Raw/27190703_150930/27190703_150930_45.root
/nfs/slac/g/supercdms/tf/northwestern/AnimalData/AR70/PMTDAQ/cdmsqfday1/raw/SIS3316Raw_20190703191757_54.root,/gpfs/slac/staas/fs1/supercdms/data/CDMS/ANIMAL/R70/Raw/27190703_191757/27190703_191757_54.root
/nfs/slac/g/supercdms/tf/northwestern/AnimalData/AR70/PMTDAQ/cdmsqfday1/raw/SIS3316Raw_20190703181714_40.root,/gpfs/slac/staas/fs1/supercdms/data/CDMS/ANIMAL/R70/Raw/27190703_181714/27190703_181714_40.root
/nfs/slac/g/supercdms/tf/northwestern/AnimalData/AR70/PMTDAQ/cdmsqfday1/raw/SIS3316Raw_20190703121403_11.root,/gpfs/slac/staas/fs1/supercdms/data/CDMS/ANIMAL/R70/Raw/27190703_121403/27190703_121403_11.root
/nfs/slac/g/supercdms/tf/northwestern/AnimalData/AR70/PMTDAQ/cdmsqfday1/raw/SIS3316Raw_20190703133501_75.root,/gpfs/slac/staas/fs1/supercdms/data/CDMS/ANIMAL/R70/Raw/27190703_133501/27190703_133501_75.root
/nfs/slac/g/supercdms/tf/northwestern/AnimalData/AR70/PMTDAQ/cdmsqfday1/raw/SIS3316Raw_20190703201840_69.root,/gpfs/slac/staas/fs1/supercdms/data/CDMS/ANIMAL/R70/Raw/27190703_201840/27190703_201840_69.root
/nfs/slac/g/supercdms/tf/northwestern/AnimalData/AR70/PMTDAQ/cdmsqfday1/raw/SIS3316Raw_20190703161356_47.root,/gpfs/slac/staas/fs1/supercdms/data/CDMS/ANIMAL/R70/Raw/27190703_161356/27190703_161356_47.root
/nfs/slac/g/supercdms/tf/northwestern/AnimalData/AR70/PMTDAQ/cdmsqfday1/raw/SIS3316Raw_20190703181714_36.root,/gpfs/slac/staas/fs1/supercdms/data/CDMS/ANIMAL/R70/Raw/27190703_181714/27190703_181714_36.root
/nfs/slac/g/supercdms/tf/northwestern/AnimalData/AR70/PMTDAQ/cdmsqfday1/raw/SIS3316Raw_20190703191757_65.root,/gpfs/slac/staas/fs1/supercdms/data/CDMS/ANIMAL/R70/Raw/27190703_191757/27190703_191757_65.root
/nfs/slac/g/supercdms/tf/northwestern/AnimalData/AR70/PMTDAQ/cdmsqfday1/raw/SIS3316Raw_20190703133501_28.root,/gpfs/slac/staas/fs1/supercdms/data/CDMS/ANIMAL/R70/Raw/27190703_133501/27190703_133501_28.root
/nfs/slac/g/supercdms/tf/northwestern/AnimalData/AR70/PMTDAQ/cdmsqfday1/raw/SIS3316Raw_20190703191757_82.root,/gpfs/slac/staas/fs1/supercdms/data/CDMS/ANIMAL/R70/Raw/27190703_191757/27190703_191757_82.root
/nfs/slac/g/supercdms/tf/northwestern/AnimalData/AR70/PMTDAQ/cdmsqfday1/raw/SIS3316Raw_20190703133501_25.root,/gpfs/slac/staas/fs1/supercdms/data/CDMS/ANIMAL/R70/Raw/27190703_133501/27190703_133501_25.root
/nfs/slac/g/supercdms/tf/northwestern/AnimalData/AR70/PMTDAQ/cdmsqfday1/raw/SIS3316Raw_20190703181714_43.root,/gpfs/slac/staas/fs1/supercdms/data/CDMS/ANIMAL/R70/Raw/27190703_181714/27190703_181714_43.root
/nfs/slac/g/supercdms/tf/northwestern/AnimalData/AR70/PMTDAQ/cdmsqfday1/raw/SIS3316Raw_20190703121403_42.root,/gpfs/slac/staas/fs1/supercdms/data/CDMS/ANIMAL/R70/Raw/27190703_121403/27190703_121403_42.root
/nfs/slac/g/supercdms/tf/northwestern/AnimalData/AR70/PMTDAQ/cdmsqfday1/raw/SIS3316Raw_20190703161356_80.root,/gpfs/slac/staas/fs1/supercdms/data/CDMS/ANIMAL/R70/Raw/27190703_161356/27190703_161356_80.root
/nfs/slac/g/supercdms/tf/northwestern/AnimalData/AR70/PMTDAQ/cdmsqfday1/raw/SIS3316Raw_20190703121403_66.root,/gpfs/slac/staas/fs1/supercdms/data/CDMS/ANIMAL/R70/Raw/27190703_121403/27190703_121403_66.root
/nfs/slac/g/supercdms/tf/northwestern/AnimalData/AR70/PMTDAQ/cdmsqfday1/raw/SIS3316Raw_20190703171512_11.root,/gpfs/slac/staas/fs1/supercdms/data/CDMS/ANIMAL/R70/Raw/27190703_171512/27190703_171512_11.root
/nfs/slac/g/supercdms/tf/northwestern/AnimalData/AR70/PMTDAQ/cdmsqfday1/raw/SIS3316Raw_20190703133501_52.root,/gpfs/slac/staas/fs1/supercdms/data/CDMS/ANIMAL/R70/Raw/27190703_133501/27190703_133501_52.root
/nfs/slac/g/supercdms/tf/northwestern/AnimalData/AR70/PMTDAQ/cdmsqfday1/raw/SIS3316Raw_20190703181714_60.root,/gpfs/slac/staas/fs1/supercdms/data/CDMS/ANIMAL/R70/Raw/27190703_181714/27190703_181714_60.root
/nfs/slac/g/supercdms/tf/northwestern/AnimalData/AR70/PMTDAQ/cdmsqfday1/raw/SIS3316Raw_20190703121403_68.root,/gpfs/slac/staas/fs1/supercdms/data/CDMS/ANIMAL/R70/Raw/27190703_121403/27190703_121403_68.root
/nfs/slac/g/supercdms/tf/northwestern/AnimalData/AR70/PMTDAQ/cdmsqfday1/raw/SIS3316Raw_20190703171512_30.root,/gpfs/slac/staas/fs1/supercdms/data/CDMS/ANIMAL/R70/Raw/27190703_171512/27190703_171512_30.root
/nfs/slac/g/supercdms/tf/northwestern/AnimalData/AR70/PMTDAQ/cdmsqfday1/raw/SIS3316Raw_20190703145242_14.root,/gpfs/slac/staas/fs1/supercdms/data/CDMS/ANIMAL/R70/Raw/27190703_145242/27190703_145242_14.root
/nfs/slac/g/supercdms/tf/northwestern/AnimalData/AR70/PMTDAQ/cdmsqfday1/raw/SIS3316Raw_20190703133501_47.root,/gpfs/slac/staas/fs1/supercdms/data/CDMS/ANIMAL/R70/Raw/27190703_133501/27190703_133501_47.root
/nfs/slac/g/supercdms/tf/northwestern/AnimalData/AR70/PMTDAQ/cdmsqfday1/raw/SIS3316Raw_20190703133501_51.root,/gpfs/slac/staas/fs1/supercdms/data/CDMS/ANIMAL/R70/Raw/27190703_133501/27190703_133501_51.root
/nfs/slac/g/supercdms/tf/northwestern/AnimalData/AR70/PMTDAQ/cdmsqfday1/raw/SIS3316Raw_20190703133501_80.root,/gpfs/slac/staas/fs1/supercdms/data/CDMS/ANIMAL/R70/Raw/27190703_133501/27190703_133501_80.root
/nfs/slac/g/supercdms/tf/northwestern/AnimalData/AR70/PMTDAQ/cdmsqfday1/raw/SIS3316Raw_20190703191757_45.root,/gpfs/slac/staas/fs1/supercdms/data/CDMS/ANIMAL/R70/Raw/27190703_191757/27190703_191757_45.root
/nfs/slac/g/supercdms/tf/northwestern/AnimalData/AR70/PMTDAQ/cdmsqfday1/raw/SIS3316Raw_20190703181714_76.root,/gpfs/slac/staas/fs1/supercdms/data/CDMS/ANIMAL/R70/Raw/27190703_181714/27190703_181714_76.root
/nfs/slac/g/supercdms/tf/northwestern/AnimalData/AR70/PMTDAQ/cdmsqfday1/raw/SIS3316Raw_20190703121403_16.root,/gpfs/slac/staas/fs1/supercdms/data/CDMS/ANIMAL/R70/Raw/27190703_121403/27190703_121403_16.root
/nfs/slac/g/supercdms/tf/northwestern/AnimalData/AR70/PMTDAQ/cdmsqfday1/raw/SIS3316Raw_20190703150930_2.root,/gpfs/slac/staas/fs1/supercdms/data/CDMS/ANIMAL/R70/Raw/27190703_150930/27190703_150930_2.root
/nfs/slac/g/supercdms/tf/northwestern/AnimalData/AR70/PMTDAQ/cdmsqfday1/raw/SIS3316Raw_20190703121403_5.root,/gpfs/slac/staas/fs1/supercdms/data/CDMS/ANIMAL/R70/Raw/27190703_121403/27190703_121403_5.root
/nfs/slac/g/supercdms/tf/northwestern/AnimalData/AR70/PMTDAQ/cdmsqfday1/raw/SIS3316Raw_20190703171512_83.root,/gpfs/slac/staas/fs1/supercdms/data/CDMS/ANIMAL/R70/Raw/27190703_171512/27190703_171512_83.root
/nfs/slac/g/supercdms/tf/northwestern/AnimalData/AR70/PMTDAQ/cdmsqfday1/raw/SIS3316Raw_20190703121403_54.root,/gpfs/slac/staas/fs1/supercdms/data/CDMS/ANIMAL/R70/Raw/27190703_121403/27190703_121403_54.root
/nfs/slac/g/supercdms/tf/northwestern/AnimalData/AR70/PMTDAQ/cdmsqfday1/raw/SIS3316Raw_20190703161356_11.root,/gpfs/slac/staas/fs1/supercdms/data/CDMS/ANIMAL/R70/Raw/27190703_161356/27190703_161356_11.root
/nfs/slac/g/supercdms/tf/northwestern/AnimalData/AR70/PMTDAQ/cdmsqfday1/raw/SIS3316Raw_20190703161356_49.root,/gpfs/slac/staas/fs1/supercdms/data/CDMS/ANIMAL/R70/Raw/27190703_161356/27190703_161356_49.root
/nfs/slac/g/supercdms/tf/northwestern/AnimalData/AR70/PMTDAQ/cdmsqfday1/raw/SIS3316Raw_20190703191757_44.root,/gpfs/slac/staas/fs1/supercdms/data/CDMS/ANIMAL/R70/Raw/27190703_191757/27190703_191757_44.root
/nfs/slac/g/supercdms/tf/northwestern/AnimalData/AR70/PMTDAQ/cdmsqfday1/raw/SIS3316Raw_20190703161356_37.root,/gpfs/slac/staas/fs1/supercdms/data/CDMS/ANIMAL/R70/Raw/27190703_161356/27190703_161356_37.root
/nfs/slac/g/supercdms/tf/northwestern/AnimalData/AR70/PMTDAQ/cdmsqfday1/raw/SIS3316Raw_20190703191757_59.root,/gpfs/slac/staas/fs1/supercdms/data/CDMS/ANIMAL/R70/Raw/27190703_191757/27190703_191757_59.root
/nfs/slac/g/supercdms/tf/northwestern/AnimalData/AR70/PMTDAQ/cdmsqfday1/raw/SIS3316Raw_20190703181714_75.root,/gpfs/slac/staas/fs1/supercdms/data/CDMS/ANIMAL/R70/Raw/27190703_181714/27190703_181714_75.root
/nfs/slac/g/supercdms/tf/northwestern/AnimalData/AR70/PMTDAQ/cdmsqfday1/raw/SIS3316Raw_20190703133501_49.root,/gpfs/slac/staas/fs1/supercdms/data/CDMS/ANIMAL/R70/Raw/27190703_133501/27190703_133501_49.root
/nfs/slac/g/supercdms/tf/northwestern/AnimalData/AR70/PMTDAQ/cdmsqfday1/raw/SIS3316Raw_20190703145242_9.root,/gpfs/slac/staas/fs1/supercdms/data/CDMS/ANIMAL/R70/Raw/27190703_145242/27190703_145242_9.root
/nfs/slac/g/supercdms/tf/northwestern/AnimalData/AR70/PMTDAQ/cdmsqfday1/raw/SIS3316Raw_20190703133501_39.root,/gpfs/slac/staas/fs1/supercdms/data/CDMS/ANIMAL/R70/Raw/27190703_133501/27190703_133501_39.root
/nfs/slac/g/supercdms/tf/northwestern/AnimalData/AR70/PMTDAQ/cdmsqfday1/raw/SIS3316Raw_20190703191757_6.root,/gpfs/slac/staas/fs1/supercdms/data/CDMS/ANIMAL/R70/Raw/27190703_191757/27190703_191757_6.root
/nfs/slac/g/supercdms/tf/northwestern/AnimalData/AR70/PMTDAQ/cdmsqfday1/raw/SIS3316Raw_20190703171512_55.root,/gpfs/slac/staas/fs1/supercdms/data/CDMS/ANIMAL/R70/Raw/27190703_171512/27190703_171512_55.root
/nfs/slac/g/supercdms/tf/northwestern/AnimalData/AR70/PMTDAQ/cdmsqfday1/raw/SIS3316Raw_20190703191757_73.root,/gpfs/slac/staas/fs1/supercdms/data/CDMS/ANIMAL/R70/Raw/27190703_191757/27190703_191757_73.root
/nfs/slac/g/supercdms/tf/northwestern/AnimalData/AR70/PMTDAQ/cdmsqfday1/raw/SIS3316Raw_20190703171512_27.root,/gpfs/slac/staas/fs1/supercdms/data/CDMS/ANIMAL/R70/Raw/27190703_171512/27190703_171512_27.root
/nfs/slac/g/supercdms/tf/northwestern/AnimalData/AR70/PMTDAQ/cdmsqfday1/raw/SIS3316Raw_20190703181714_26.root,/gpfs/slac/staas/fs1/supercdms/data/CDMS/ANIMAL/R70/Raw/27190703_181714/27190703_181714_26.root
/nfs/slac/g/supercdms/tf/northwestern/AnimalData/AR70/PMTDAQ/cdmsqfday1/raw/SIS3316Raw_20190703201840_32.root,/gpfs/slac/staas/fs1/supercdms/data/CDMS/ANIMAL/R70/Raw/27190703_201840/27190703_201840_32.root
/nfs/slac/g/supercdms/tf/northwestern/AnimalData/AR70/PMTDAQ/cdmsqfday1/raw/SIS3316Raw_20190703201840_51.root,/gpfs/slac/staas/fs1/supercdms/data/CDMS/ANIMAL/R70/Raw/27190703_201840/27190703_201840_51.root
/nfs/slac/g/supercdms/tf/northwestern/AnimalData/AR70/PMTDAQ/cdmsqfday1/raw/SIS3316Raw_20190703201840_15.root,/gpfs/slac/staas/fs1/supercdms/data/CDMS/ANIMAL/R70/Raw/27190703_201840/27190703_201840_15.root
/nfs/slac/g/supercdms/tf/northwestern/AnimalData/AR70/PMTDAQ/cdmsqfday1/raw/SIS3316Raw_20190703161356_31.root,/gpfs/slac/staas/fs1/supercdms/data/CDMS/ANIMAL/R70/Raw/27190703_161356/27190703_161356_31.root
/nfs/slac/g/supercdms/tf/northwestern/AnimalData/AR70/PMTDAQ/cdmsqfday1/raw/SIS3316Raw_20190703191757_19.root,/gpfs/slac/staas/fs1/supercdms/data/CDMS/ANIMAL/R70/Raw/27190703_191757/27190703_191757_19.root
/nfs/slac/g/supercdms/tf/northwestern/AnimalData/AR70/PMTDAQ/cdmsqfday1/raw/SIS3316Raw_20190703191757_63.root,/gpfs/slac/staas/fs1/supercdms/data/CDMS/ANIMAL/R70/Raw/27190703_191757/27190703_191757_63.root
/nfs/slac/g/supercdms/tf/northwestern/AnimalData/AR70/PMTDAQ/cdmsqfday1/raw/SIS3316Raw_20190703133501-conf.root,/gpfs/slac/staas/fs1/supercdms/data/CDMS/ANIMAL/R70/Raw/27190703_133501/27190703_133501-conf.root
/nfs/slac/g/supercdms/tf/northwestern/AnimalData/AR70/PMTDAQ/cdmsqfday1/raw/SIS3316Raw_20190703171512_73.root,/gpfs/slac/staas/fs1/supercdms/data/CDMS/ANIMAL/R70/Raw/27190703_171512/27190703_171512_73.root
/nfs/slac/g/supercdms/tf/northwestern/AnimalData/AR70/PMTDAQ/cdmsqfday1/raw/SIS3316Raw_20190703150930_31.root,/gpfs/slac/staas/fs1/supercdms/data/CDMS/ANIMAL/R70/Raw/27190703_150930/27190703_150930_31.root
/nfs/slac/g/supercdms/tf/northwestern/AnimalData/AR70/PMTDAQ/cdmsqfday1/raw/SIS3316Raw_20190703133501_1.root,/gpfs/slac/staas/fs1/supercdms/data/CDMS/ANIMAL/R70/Raw/27190703_133501/27190703_133501_1.root
/nfs/slac/g/supercdms/tf/northwestern/AnimalData/AR70/PMTDAQ/cdmsqfday1/raw/SIS3316Raw_20190703171512_63.root,/gpfs/slac/staas/fs1/supercdms/data/CDMS/ANIMAL/R70/Raw/27190703_171512/27190703_171512_63.root
/nfs/slac/g/supercdms/tf/northwestern/AnimalData/AR70/PMTDAQ/cdmsqfday1/raw/SIS3316Raw_20190703171512_48.root,/gpfs/slac/staas/fs1/supercdms/data/CDMS/ANIMAL/R70/Raw/27190703_171512/27190703_171512_48.root
/nfs/slac/g/supercdms/tf/northwestern/AnimalData/AR70/PMTDAQ/cdmsqfday1/raw/SIS3316Raw_20190703133501_84.root,/gpfs/slac/staas/fs1/supercdms/data/CDMS/ANIMAL/R70/Raw/27190703_133501/27190703_133501_84.root
/nfs/slac/g/supercdms/tf/northwestern/AnimalData/AR70/PMTDAQ/cdmsqfday1/raw/SIS3316Raw_20190703161356_12.root,/gpfs/slac/staas/fs1/supercdms/data/CDMS/ANIMAL/R70/Raw/27190703_161356/27190703_161356_12.root
/nfs/slac/g/supercdms/tf/northwestern/AnimalData/AR70/PMTDAQ/cdmsqfday1/raw/SIS3316Raw_20190703133501_27.root,/gpfs/slac/staas/fs1/supercdms/data/CDMS/ANIMAL/R70/Raw/27190703_133501/27190703_133501_27.root
/nfs/slac/g/supercdms/tf/northwestern/AnimalData/AR70/PMTDAQ/cdmsqfday1/raw/SIS3316Raw_20190703150930_81.root,/gpfs/slac/staas/fs1/supercdms/data/CDMS/ANIMAL/R70/Raw/27190703_150930/27190703_150930_81.root
/nfs/slac/g/supercdms/tf/northwestern/AnimalData/AR70/PMTDAQ/cdmsqfday1/raw/SIS3316Raw_20190703161356_34.root,/gpfs/slac/staas/fs1/supercdms/data/CDMS/ANIMAL/R70/Raw/27190703_161356/27190703_161356_34.root
/nfs/slac/g/supercdms/tf/northwestern/AnimalData/AR70/PMTDAQ/cdmsqfday1/raw/SIS3316Raw_20190703181714_20.root,/gpfs/slac/staas/fs1/supercdms/data/CDMS/ANIMAL/R70/Raw/27190703_181714/27190703_181714_20.root
/nfs/slac/g/supercdms/tf/northwestern/AnimalData/AR70/PMTDAQ/cdmsqfday1/raw/SIS3316Raw_20190703171512_3.root,/gpfs/slac/staas/fs1/supercdms/data/CDMS/ANIMAL/R70/Raw/27190703_171512/27190703_171512_3.root
/nfs/slac/g/supercdms/tf/northwestern/AnimalData/AR70/PMTDAQ/cdmsqfday1/raw/SIS3316Raw_20190703181714_27.root,/gpfs/slac/staas/fs1/supercdms/data/CDMS/ANIMAL/R70/Raw/27190703_181714/27190703_181714_27.root
/nfs/slac/g/supercdms/tf/northwestern/AnimalData/AR70/PMTDAQ/cdmsqfday1/raw/SIS3316Raw_20190703191757_9.root,/gpfs/slac/staas/fs1/supercdms/data/CDMS/ANIMAL/R70/Raw/27190703_191757/27190703_191757_9.root
/nfs/slac/g/supercdms/tf/northwestern/AnimalData/AR70/PMTDAQ/cdmsqfday1/raw/SIS3316Raw_20190703171512_39.root,/gpfs/slac/staas/fs1/supercdms/data/CDMS/ANIMAL/R70/Raw/27190703_171512/27190703_171512_39.root
/nfs/slac/g/supercdms/tf/northwestern/AnimalData/AR70/PMTDAQ/cdmsqfday1/raw/SIS3316Raw_20190703121403_30.root,/gpfs/slac/staas/fs1/supercdms/data/CDMS/ANIMAL/R70/Raw/27190703_121403/27190703_121403_30.root
/nfs/slac/g/supercdms/tf/northwestern/AnimalData/AR70/PMTDAQ/cdmsqfday1/raw/SIS3316Raw_20190703161356_10.root,/gpfs/slac/staas/fs1/supercdms/data/CDMS/ANIMAL/R70/Raw/27190703_161356/27190703_161356_10.root
/nfs/slac/g/supercdms/tf/northwestern/AnimalData/AR70/PMTDAQ/cdmsqfday1/raw/SIS3316Raw_20190703161356_48.root,/gpfs/slac/staas/fs1/supercdms/data/CDMS/ANIMAL/R70/Raw/27190703_161356/27190703_161356_48.root
/nfs/slac/g/supercdms/tf/northwestern/AnimalData/AR70/PMTDAQ/cdmsqfday1/raw/SIS3316Raw_20190703191757_4.root,/gpfs/slac/staas/fs1/supercdms/data/CDMS/ANIMAL/R70/Raw/27190703_191757/27190703_191757_4.root
/nfs/slac/g/supercdms/tf/northwestern/AnimalData/AR70/PMTDAQ/cdmsqfday1/raw/SIS3316Raw_20190703121403_69.root,/gpfs/slac/staas/fs1/supercdms/data/CDMS/ANIMAL/R70/Raw/27190703_121403/27190703_121403_69.root
/nfs/slac/g/supercdms/tf/northwestern/AnimalData/AR70/PMTDAQ/cdmsqfday1/raw/SIS3316Raw_20190703133501_60.root,/gpfs/slac/staas/fs1/supercdms/data/CDMS/ANIMAL/R70/Raw/27190703_133501/27190703_133501_60.root
/nfs/slac/g/supercdms/tf/northwestern/AnimalData/AR70/PMTDAQ/cdmsqfday1/raw/SIS3316Raw_20190703171512_1.root,/gpfs/slac/staas/fs1/supercdms/data/CDMS/ANIMAL/R70/Raw/27190703_171512/27190703_171512_1.root
/nfs/slac/g/supercdms/tf/northwestern/AnimalData/AR70/PMTDAQ/cdmsqfday1/raw/SIS3316Raw_20190703133501_38.root,/gpfs/slac/staas/fs1/supercdms/data/CDMS/ANIMAL/R70/Raw/27190703_133501/27190703_133501_38.root
/nfs/slac/g/supercdms/tf/northwestern/AnimalData/AR70/PMTDAQ/cdmsqfday1/raw/SIS3316Raw_20190703161356_45.root,/gpfs/slac/staas/fs1/supercdms/data/CDMS/ANIMAL/R70/Raw/27190703_161356/27190703_161356_45.root
/nfs/slac/g/supercdms/tf/northwestern/AnimalData/AR70/PMTDAQ/cdmsqfday1/raw/SIS3316Raw_20190703191757_58.root,/gpfs/slac/staas/fs1/supercdms/data/CDMS/ANIMAL/R70/Raw/27190703_191757/27190703_191757_58.root
/nfs/slac/g/supercdms/tf/northwestern/AnimalData/AR70/PMTDAQ/cdmsqfday1/raw/SIS3316Raw_20190703191757_14.root,/gpfs/slac/staas/fs1/supercdms/data/CDMS/ANIMAL/R70/Raw/27190703_191757/27190703_191757_14.root
/nfs/slac/g/supercdms/tf/northwestern/AnimalData/AR70/PMTDAQ/cdmsqfday1/raw/SIS3316Raw_20190703133501_69.root,/gpfs/slac/staas/fs1/supercdms/data/CDMS/ANIMAL/R70/Raw/27190703_133501/27190703_133501_69.root
/nfs/slac/g/supercdms/tf/northwestern/AnimalData/AR70/PMTDAQ/cdmsqfday1/raw/SIS3316Raw_20190703201840_52.root,/gpfs/slac/staas/fs1/supercdms/data/CDMS/ANIMAL/R70/Raw/27190703_201840/27190703_201840_52.root
/nfs/slac/g/supercdms/tf/northwestern/AnimalData/AR70/PMTDAQ/cdmsqfday1/raw/SIS3316Raw_20190703121403_27.root,/gpfs/slac/staas/fs1/supercdms/data/CDMS/ANIMAL/R70/Raw/27190703_121403/27190703_121403_27.root
/nfs/slac/g/supercdms/tf/northwestern/AnimalData/AR70/PMTDAQ/cdmsqfday1/raw/SIS3316Raw_20190703150930_67.root,/gpfs/slac/staas/fs1/supercdms/data/CDMS/ANIMAL/R70/Raw/27190703_150930/27190703_150930_67.root
/nfs/slac/g/supercdms/tf/northwestern/AnimalData/AR70/PMTDAQ/cdmsqfday1/raw/SIS3316Raw_20190703161356_79.root,/gpfs/slac/staas/fs1/supercdms/data/CDMS/ANIMAL/R70/Raw/27190703_161356/27190703_161356_79.root
/nfs/slac/g/supercdms/tf/northwestern/AnimalData/AR70/PMTDAQ/cdmsqfday1/raw/SIS3316Raw_20190703191757_28.root,/gpfs/slac/staas/fs1/supercdms/data/CDMS/ANIMAL/R70/Raw/27190703_191757/27190703_191757_28.root
/nfs/slac/g/supercdms/tf/northwestern/AnimalData/AR70/PMTDAQ/cdmsqfday1/raw/SIS3316Raw_20190703171512_24.root,/gpfs/slac/staas/fs1/supercdms/data/CDMS/ANIMAL/R70/Raw/27190703_171512/27190703_171512_24.root
/nfs/slac/g/supercdms/tf/northwestern/AnimalData/AR70/PMTDAQ/cdmsqfday1/raw/SIS3316Raw_20190703171512_29.root,/gpfs/slac/staas/fs1/supercdms/data/CDMS/ANIMAL/R70/Raw/27190703_171512/27190703_171512_29.root
/nfs/slac/g/supercdms/tf/northwestern/AnimalData/AR70/PMTDAQ/cdmsqfday1/raw/SIS3316Raw_20190703121403_43.root,/gpfs/slac/staas/fs1/supercdms/data/CDMS/ANIMAL/R70/Raw/27190703_121403/27190703_121403_43.root
/nfs/slac/g/supercdms/tf/northwestern/AnimalData/AR70/PMTDAQ/cdmsqfday1/raw/SIS3316Raw_20190703171512_21.root,/gpfs/slac/staas/fs1/supercdms/data/CDMS/ANIMAL/R70/Raw/27190703_171512/27190703_171512_21.root
/nfs/slac/g/supercdms/tf/northwestern/AnimalData/AR70/PMTDAQ/cdmsqfday1/raw/SIS3316Raw_20190703161356_65.root,/gpfs/slac/staas/fs1/supercdms/data/CDMS/ANIMAL/R70/Raw/27190703_161356/27190703_161356_65.root
/nfs/slac/g/supercdms/tf/northwestern/AnimalData/AR70/PMTDAQ/cdmsqfday1/raw/SIS3316Raw_20190703191757_56.root,/gpfs/slac/staas/fs1/supercdms/data/CDMS/ANIMAL/R70/Raw/27190703_191757/27190703_191757_56.root
/nfs/slac/g/supercdms/tf/northwestern/AnimalData/AR70/PMTDAQ/cdmsqfday1/raw/SIS3316Raw_20190703133501_78.root,/gpfs/slac/staas/fs1/supercdms/data/CDMS/ANIMAL/R70/Raw/27190703_133501/27190703_133501_78.root
/nfs/slac/g/supercdms/tf/northwestern/AnimalData/AR70/PMTDAQ/cdmsqfday1/raw/SIS3316Raw_20190703121403_40.root,/gpfs/slac/staas/fs1/supercdms/data/CDMS/ANIMAL/R70/Raw/27190703_121403/27190703_121403_40.root
/nfs/slac/g/supercdms/tf/northwestern/AnimalData/AR70/PMTDAQ/cdmsqfday1/raw/SIS3316Raw_20190703133501_58.root,/gpfs/slac/staas/fs1/supercdms/data/CDMS/ANIMAL/R70/Raw/27190703_133501/27190703_133501_58.root
/nfs/slac/g/supercdms/tf/northwestern/AnimalData/AR70/PMTDAQ/cdmsqfday1/raw/SIS3316Raw_20190703121403_63.root,/gpfs/slac/staas/fs1/supercdms/data/CDMS/ANIMAL/R70/Raw/27190703_121403/27190703_121403_63.root
/nfs/slac/g/supercdms/tf/northwestern/AnimalData/AR70/PMTDAQ/cdmsqfday1/raw/SIS3316Raw_20190703121403_12.root,/gpfs/slac/staas/fs1/supercdms/data/CDMS/ANIMAL/R70/Raw/27190703_121403/27190703_121403_12.root
/nfs/slac/g/supercdms/tf/northwestern/AnimalData/AR70/PMTDAQ/cdmsqfday1/raw/SIS3316Raw_20190703121403_50.root,/gpfs/slac/staas/fs1/supercdms/data/CDMS/ANIMAL/R70/Raw/27190703_121403/27190703_121403_50.root
/nfs/slac/g/supercdms/tf/northwestern/AnimalData/AR70/PMTDAQ/cdmsqfday1/raw/SIS3316Raw_20190703112948-conf.root,/gpfs/slac/staas/fs1/supercdms/data/CDMS/ANIMAL/R70/Raw/27190703_112948/27190703_112948-conf.root
/nfs/slac/g/supercdms/tf/northwestern/AnimalData/AR70/PMTDAQ/cdmsqfday1/raw/SIS3316Raw_20190703121403_67.root,/gpfs/slac/staas/fs1/supercdms/data/CDMS/ANIMAL/R70/Raw/27190703_121403/27190703_121403_67.root
/nfs/slac/g/supercdms/tf/northwestern/AnimalData/AR70/PMTDAQ/cdmsqfday1/raw/SIS3316Raw_20190703201840_44.root,/gpfs/slac/staas/fs1/supercdms/data/CDMS/ANIMAL/R70/Raw/27190703_201840/27190703_201840_44.root
/nfs/slac/g/supercdms/tf/northwestern/AnimalData/AR70/PMTDAQ/cdmsqfday1/raw/SIS3316Raw_20190703171512_64.root,/gpfs/slac/staas/fs1/supercdms/data/CDMS/ANIMAL/R70/Raw/27190703_171512/27190703_171512_64.root
/nfs/slac/g/supercdms/tf/northwestern/AnimalData/AR70/PMTDAQ/cdmsqfday1/raw/SIS3316Raw_20190703201840_73.root,/gpfs/slac/staas/fs1/supercdms/data/CDMS/ANIMAL/R70/Raw/27190703_201840/27190703_201840_73.root
/nfs/slac/g/supercdms/tf/northwestern/AnimalData/AR70/PMTDAQ/cdmsqfday1/raw/SIS3316Raw_20190703133501_45.root,/gpfs/slac/staas/fs1/supercdms/data/CDMS/ANIMAL/R70/Raw/27190703_133501/27190703_133501_45.root
/nfs/slac/g/supercdms/tf/northwestern/AnimalData/AR70/PMTDAQ/cdmsqfday1/raw/SIS3316Raw_20190703201840_27.root,/gpfs/slac/staas/fs1/supercdms/data/CDMS/ANIMAL/R70/Raw/27190703_201840/27190703_201840_27.root
/nfs/slac/g/supercdms/tf/northwestern/AnimalData/AR70/PMTDAQ/cdmsqfday1/raw/SIS3316Raw_20190703191757_26.root,/gpfs/slac/staas/fs1/supercdms/data/CDMS/ANIMAL/R70/Raw/27190703_191757/27190703_191757_26.root
/nfs/slac/g/supercdms/tf/northwestern/AnimalData/AR70/PMTDAQ/cdmsqfday1/raw/SIS3316Raw_20190703201840_61.root,/gpfs/slac/staas/fs1/supercdms/data/CDMS/ANIMAL/R70/Raw/27190703_201840/27190703_201840_61.root
/nfs/slac/g/supercdms/tf/northwestern/AnimalData/AR70/PMTDAQ/cdmsqfday1/raw/SIS3316Raw_20190703161356_30.root,/gpfs/slac/staas/fs1/supercdms/data/CDMS/ANIMAL/R70/Raw/27190703_161356/27190703_161356_30.root
/nfs/slac/g/supercdms/tf/northwestern/AnimalData/AR70/PMTDAQ/cdmsqfday1/raw/SIS3316Raw_20190703150930_71.root,/gpfs/slac/staas/fs1/supercdms/data/CDMS/ANIMAL/R70/Raw/27190703_150930/27190703_150930_71.root
/nfs/slac/g/supercdms/tf/northwestern/AnimalData/AR70/PMTDAQ/cdmsqfday1/raw/SIS3316Raw_20190703171512_36.root,/gpfs/slac/staas/fs1/supercdms/data/CDMS/ANIMAL/R70/Raw/27190703_171512/27190703_171512_36.root
/nfs/slac/g/supercdms/tf/northwestern/AnimalData/AR70/PMTDAQ/cdmsqfday1/raw/SIS3316Raw_20190703161356_4.root,/gpfs/slac/staas/fs1/supercdms/data/CDMS/ANIMAL/R70/Raw/27190703_161356/27190703_161356_4.root
/nfs/slac/g/supercdms/tf/northwestern/AnimalData/AR70/PMTDAQ/cdmsqfday1/raw/SIS3316Raw_20190703150930_23.root,/gpfs/slac/staas/fs1/supercdms/data/CDMS/ANIMAL/R70/Raw/27190703_150930/27190703_150930_23.root
/nfs/slac/g/supercdms/tf/northwestern/AnimalData/AR70/PMTDAQ/cdmsqfday1/raw/SIS3316Raw_20190703181714_28.root,/gpfs/slac/staas/fs1/supercdms/data/CDMS/ANIMAL/R70/Raw/27190703_181714/27190703_181714_28.root
/nfs/slac/g/supercdms/tf/northwestern/AnimalData/AR70/PMTDAQ/cdmsqfday1/raw/SIS3316Raw_20190703191757_31.root,/gpfs/slac/staas/fs1/supercdms/data/CDMS/ANIMAL/R70/Raw/27190703_191757/27190703_191757_31.root
/nfs/slac/g/supercdms/tf/northwestern/AnimalData/AR70/PMTDAQ/cdmsqfday1/raw/SIS3316Raw_20190703171512_19.root,/gpfs/slac/staas/fs1/supercdms/data/CDMS/ANIMAL/R70/Raw/27190703_171512/27190703_171512_19.root
/nfs/slac/g/supercdms/tf/northwestern/AnimalData/AR70/PMTDAQ/cdmsqfday1/raw/SIS3316Raw_20190703161356_25.root,/gpfs/slac/staas/fs1/supercdms/data/CDMS/ANIMAL/R70/Raw/27190703_161356/27190703_161356_25.root
/nfs/slac/g/supercdms/tf/northwestern/AnimalData/AR70/PMTDAQ/cdmsqfday1/raw/SIS3316Raw_20190703150930_12.root,/gpfs/slac/staas/fs1/supercdms/data/CDMS/ANIMAL/R70/Raw/27190703_150930/27190703_150930_12.root
/nfs/slac/g/supercdms/tf/northwestern/AnimalData/AR70/PMTDAQ/cdmsqfday1/raw/SIS3316Raw_20190703181714_59.root,/gpfs/slac/staas/fs1/supercdms/data/CDMS/ANIMAL/R70/Raw/27190703_181714/27190703_181714_59.root
/nfs/slac/g/supercdms/tf/northwestern/AnimalData/AR70/PMTDAQ/cdmsqfday1/raw/SIS3316Raw_20190703121403_61.root,/gpfs/slac/staas/fs1/supercdms/data/CDMS/ANIMAL/R70/Raw/27190703_121403/27190703_121403_61.root
/nfs/slac/g/supercdms/tf/northwestern/AnimalData/AR70/PMTDAQ/cdmsqfday1/raw/SIS3316Raw_20190703191757_47.root,/gpfs/slac/staas/fs1/supercdms/data/CDMS/ANIMAL/R70/Raw/27190703_191757/27190703_191757_47.root
/nfs/slac/g/supercdms/tf/northwestern/AnimalData/AR70/PMTDAQ/cdmsqfday1/raw/SIS3316Raw_20190703133501_26.root,/gpfs/slac/staas/fs1/supercdms/data/CDMS/ANIMAL/R70/Raw/27190703_133501/27190703_133501_26.root
/nfs/slac/g/supercdms/tf/northwestern/AnimalData/AR70/PMTDAQ/cdmsqfday1/raw/SIS3316Raw_20190703181714_81.root,/gpfs/slac/staas/fs1/supercdms/data/CDMS/ANIMAL/R70/Raw/27190703_181714/27190703_181714_81.root
/nfs/slac/g/supercdms/tf/northwestern/AnimalData/AR70/PMTDAQ/cdmsqfday1/raw/SIS3316Raw_20190703161356_60.root,/gpfs/slac/staas/fs1/supercdms/data/CDMS/ANIMAL/R70/Raw/27190703_161356/27190703_161356_60.root
/nfs/slac/g/supercdms/tf/northwestern/AnimalData/AR70/PMTDAQ/cdmsqfday1/raw/SIS3316Raw_20190703161356_27.root,/gpfs/slac/staas/fs1/supercdms/data/CDMS/ANIMAL/R70/Raw/27190703_161356/27190703_161356_27.root
/nfs/slac/g/supercdms/tf/northwestern/AnimalData/AR70/PMTDAQ/cdmsqfday1/raw/SIS3316Raw_20190703201840_22.root,/gpfs/slac/staas/fs1/supercdms/data/CDMS/ANIMAL/R70/Raw/27190703_201840/27190703_201840_22.root
/nfs/slac/g/supercdms/tf/northwestern/AnimalData/AR70/PMTDAQ/cdmsqfday1/raw/SIS3316Raw_20190703161356_74.root,/gpfs/slac/staas/fs1/supercdms/data/CDMS/ANIMAL/R70/Raw/27190703_161356/27190703_161356_74.root
/nfs/slac/g/supercdms/tf/northwestern/AnimalData/AR70/PMTDAQ/cdmsqfday1/raw/SIS3316Raw_20190703201840_34.root,/gpfs/slac/staas/fs1/supercdms/data/CDMS/ANIMAL/R70/Raw/27190703_201840/27190703_201840_34.root
/nfs/slac/g/supercdms/tf/northwestern/AnimalData/AR70/PMTDAQ/cdmsqfday1/raw/SIS3316Raw_20190703171512_49.root,/gpfs/slac/staas/fs1/supercdms/data/CDMS/ANIMAL/R70/Raw/27190703_171512/27190703_171512_49.root
/nfs/slac/g/supercdms/tf/northwestern/AnimalData/AR70/PMTDAQ/cdmsqfday1/raw/SIS3316Raw_20190703120013_1.root,/gpfs/slac/staas/fs1/supercdms/data/CDMS/ANIMAL/R70/Raw/27190703_120013/27190703_120013_1.root
/nfs/slac/g/supercdms/tf/northwestern/AnimalData/AR70/PMTDAQ/cdmsqfday1/raw/SIS3316Raw_20190703133501_5.root,/gpfs/slac/staas/fs1/supercdms/data/CDMS/ANIMAL/R70/Raw/27190703_133501/27190703_133501_5.root
/nfs/slac/g/supercdms/tf/northwestern/AnimalData/AR70/PMTDAQ/cdmsqfday1/raw/SIS3316Raw_20190703201840_30.root,/gpfs/slac/staas/fs1/supercdms/data/CDMS/ANIMAL/R70/Raw/27190703_201840/27190703_201840_30.root
/nfs/slac/g/supercdms/tf/northwestern/AnimalData/AR70/PMTDAQ/cdmsqfday1/raw/SIS3316Raw_20190703181714_57.root,/gpfs/slac/staas/fs1/supercdms/data/CDMS/ANIMAL/R70/Raw/27190703_181714/27190703_181714_57.root
/nfs/slac/g/supercdms/tf/northwestern/AnimalData/AR70/PMTDAQ/cdmsqfday1/raw/SIS3316Raw_20190703150930_24.root,/gpfs/slac/staas/fs1/supercdms/data/CDMS/ANIMAL/R70/Raw/27190703_150930/27190703_150930_24.root
/nfs/slac/g/supercdms/tf/northwestern/AnimalData/AR70/PMTDAQ/cdmsqfday1/raw/SIS3316Raw_20190703161356_15.root,/gpfs/slac/staas/fs1/supercdms/data/CDMS/ANIMAL/R70/Raw/27190703_161356/27190703_161356_15.root
/nfs/slac/g/supercdms/tf/northwestern/AnimalData/AR70/PMTDAQ/cdmsqfday1/raw/SIS3316Raw_20190703133501_57.root,/gpfs/slac/staas/fs1/supercdms/data/CDMS/ANIMAL/R70/Raw/27190703_133501/27190703_133501_57.root
/nfs/slac/g/supercdms/tf/northwestern/AnimalData/AR70/PMTDAQ/cdmsqfday1/raw/SIS3316Raw_20190703191757_35.root,/gpfs/slac/staas/fs1/supercdms/data/CDMS/ANIMAL/R70/Raw/27190703_191757/27190703_191757_35.root
/nfs/slac/g/supercdms/tf/northwestern/AnimalData/AR70/PMTDAQ/cdmsqfday1/raw/SIS3316Raw_20190703133501_15.root,/gpfs/slac/staas/fs1/supercdms/data/CDMS/ANIMAL/R70/Raw/27190703_133501/27190703_133501_15.root
/nfs/slac/g/supercdms/tf/northwestern/AnimalData/AR70/PMTDAQ/cdmsqfday1/raw/SIS3316Raw_20190703150930_14.root,/gpfs/slac/staas/fs1/supercdms/data/CDMS/ANIMAL/R70/Raw/27190703_150930/27190703_150930_14.root
/nfs/slac/g/supercdms/tf/northwestern/AnimalData/AR70/PMTDAQ/cdmsqfday1/raw/SIS3316Raw_20190703201840_3.root,/gpfs/slac/staas/fs1/supercdms/data/CDMS/ANIMAL/R70/Raw/27190703_201840/27190703_201840_3.root
/nfs/slac/g/supercdms/tf/northwestern/AnimalData/AR70/PMTDAQ/cdmsqfday1/raw/SIS3316Raw_20190703181714_19.root,/gpfs/slac/staas/fs1/supercdms/data/CDMS/ANIMAL/R70/Raw/27190703_181714/27190703_181714_19.root
/nfs/slac/g/supercdms/tf/northwestern/AnimalData/AR70/PMTDAQ/cdmsqfday1/raw/SIS3316Raw_20190703115551_1.root,/gpfs/slac/staas/fs1/supercdms/data/CDMS/ANIMAL/R70/Raw/27190703_115551/27190703_115551_1.root
/nfs/slac/g/supercdms/tf/northwestern/AnimalData/AR70/PMTDAQ/cdmsqfday1/raw/SIS3316Raw_20190703181714_39.root,/gpfs/slac/staas/fs1/supercdms/data/CDMS/ANIMAL/R70/Raw/27190703_181714/27190703_181714_39.root
/nfs/slac/g/supercdms/tf/northwestern/AnimalData/AR70/PMTDAQ/cdmsqfday1/raw/SIS3316Raw_20190703133501_7.root,/gpfs/slac/staas/fs1/supercdms/data/CDMS/ANIMAL/R70/Raw/27190703_133501/27190703_133501_7.root
/nfs/slac/g/supercdms/tf/northwestern/AnimalData/AR70/PMTDAQ/cdmsqfday1/raw/SIS3316Raw_20190703181714_46.root,/gpfs/slac/staas/fs1/supercdms/data/CDMS/ANIMAL/R70/Raw/27190703_181714/27190703_181714_46.root
/nfs/slac/g/supercdms/tf/northwestern/AnimalData/AR70/PMTDAQ/cdmsqfday1/raw/SIS3316Raw_20190703171512_51.root,/gpfs/slac/staas/fs1/supercdms/data/CDMS/ANIMAL/R70/Raw/27190703_171512/27190703_171512_51.root
/nfs/slac/g/supercdms/tf/northwestern/AnimalData/AR70/PMTDAQ/cdmsqfday1/raw/SIS3316Raw_20190703191757_77.root,/gpfs/slac/staas/fs1/supercdms/data/CDMS/ANIMAL/R70/Raw/27190703_191757/27190703_191757_77.root
/nfs/slac/g/supercdms/tf/northwestern/AnimalData/AR70/PMTDAQ/cdmsqfday1/raw/SIS3316Raw_20190703133501_59.root,/gpfs/slac/staas/fs1/supercdms/data/CDMS/ANIMAL/R70/Raw/27190703_133501/27190703_133501_59.root
/nfs/slac/g/supercdms/tf/northwestern/AnimalData/AR70/PMTDAQ/cdmsqfday1/raw/SIS3316Raw_20190703161356_9.root,/gpfs/slac/staas/fs1/supercdms/data/CDMS/ANIMAL/R70/Raw/27190703_161356/27190703_161356_9.root
/nfs/slac/g/supercdms/tf/northwestern/AnimalData/AR70/PMTDAQ/cdmsqfday1/raw/SIS3316Raw_20190703171512_74.root,/gpfs/slac/staas/fs1/supercdms/data/CDMS/ANIMAL/R70/Raw/27190703_171512/27190703_171512_74.root
/nfs/slac/g/supercdms/tf/northwestern/AnimalData/AR70/PMTDAQ/cdmsqfday1/raw/SIS3316Raw_20190703171512_22.root,/gpfs/slac/staas/fs1/supercdms/data/CDMS/ANIMAL/R70/Raw/27190703_171512/27190703_171512_22.root
/nfs/slac/g/supercdms/tf/northwestern/AnimalData/AR70/PMTDAQ/cdmsqfday1/raw/SIS3316Raw_20190703201840_80.root,/gpfs/slac/staas/fs1/supercdms/data/CDMS/ANIMAL/R70/Raw/27190703_201840/27190703_201840_80.root
/nfs/slac/g/supercdms/tf/northwestern/AnimalData/AR70/PMTDAQ/cdmsqfday1/raw/SIS3316Raw_20190703201840_48.root,/gpfs/slac/staas/fs1/supercdms/data/CDMS/ANIMAL/R70/Raw/27190703_201840/27190703_201840_48.root
/nfs/slac/g/supercdms/tf/northwestern/AnimalData/AR70/PMTDAQ/cdmsqfday1/raw/SIS3316Raw_20190703133501_43.root,/gpfs/slac/staas/fs1/supercdms/data/CDMS/ANIMAL/R70/Raw/27190703_133501/27190703_133501_43.root
/nfs/slac/g/supercdms/tf/northwestern/AnimalData/AR70/PMTDAQ/cdmsqfday1/raw/SIS3316Raw_20190703121403_37.root,/gpfs/slac/staas/fs1/supercdms/data/CDMS/ANIMAL/R70/Raw/27190703_121403/27190703_121403_37.root
/nfs/slac/g/supercdms/tf/northwestern/AnimalData/AR70/PMTDAQ/cdmsqfday1/raw/SIS3316Raw_20190703201840_66.root,/gpfs/slac/staas/fs1/supercdms/data/CDMS/ANIMAL/R70/Raw/27190703_201840/27190703_201840_66.root
/nfs/slac/g/supercdms/tf/northwestern/AnimalData/AR70/PMTDAQ/cdmsqfday1/raw/SIS3316Raw_20190703181714_29.root,/gpfs/slac/staas/fs1/supercdms/data/CDMS/ANIMAL/R70/Raw/27190703_181714/27190703_181714_29.root
/nfs/slac/g/supercdms/tf/northwestern/AnimalData/AR70/PMTDAQ/cdmsqfday1/raw/SIS3316Raw_20190703191757_10.root,/gpfs/slac/staas/fs1/supercdms/data/CDMS/ANIMAL/R70/Raw/27190703_191757/27190703_191757_10.root
/nfs/slac/g/supercdms/tf/northwestern/AnimalData/AR70/PMTDAQ/cdmsqfday1/raw/SIS3316Raw_20190703161356_70.root,/gpfs/slac/staas/fs1/supercdms/data/CDMS/ANIMAL/R70/Raw/27190703_161356/27190703_161356_70.root
/nfs/slac/g/supercdms/tf/northwestern/AnimalData/AR70/PMTDAQ/cdmsqfday1/raw/SIS3316Raw_20190703133501_55.root,/gpfs/slac/staas/fs1/supercdms/data/CDMS/ANIMAL/R70/Raw/27190703_133501/27190703_133501_55.root
/nfs/slac/g/supercdms/tf/northwestern/AnimalData/AR70/PMTDAQ/cdmsqfday1/raw/SIS3316Raw_20190703150930_62.root,/gpfs/slac/staas/fs1/supercdms/data/CDMS/ANIMAL/R70/Raw/27190703_150930/27190703_150930_62.root
/nfs/slac/g/supercdms/tf/northwestern/AnimalData/AR70/PMTDAQ/cdmsqfday1/raw/SIS3316Raw_20190703121403_86.root,/gpfs/slac/staas/fs1/supercdms/data/CDMS/ANIMAL/R70/Raw/27190703_121403/27190703_121403_86.root
/nfs/slac/g/supercdms/tf/northwestern/AnimalData/AR70/PMTDAQ/cdmsqfday1/raw/SIS3316Raw_20190703150930_42.root,/gpfs/slac/staas/fs1/supercdms/data/CDMS/ANIMAL/R70/Raw/27190703_150930/27190703_150930_42.root
/nfs/slac/g/supercdms/tf/northwestern/AnimalData/AR70/PMTDAQ/cdmsqfday1/raw/SIS3316Raw_20190703150930_57.root,/gpfs/slac/staas/fs1/supercdms/data/CDMS/ANIMAL/R70/Raw/27190703_150930/27190703_150930_57.root
/nfs/slac/g/supercdms/tf/northwestern/AnimalData/AR70/PMTDAQ/cdmsqfday1/raw/SIS3316Raw_20190703171512_77.root,/gpfs/slac/staas/fs1/supercdms/data/CDMS/ANIMAL/R70/Raw/27190703_171512/27190703_171512_77.root
/nfs/slac/g/supercdms/tf/northwestern/AnimalData/AR70/PMTDAQ/cdmsqfday1/raw/SIS3316Raw_20190703161356_20.root,/gpfs/slac/staas/fs1/supercdms/data/CDMS/ANIMAL/R70/Raw/27190703_161356/27190703_161356_20.root
/nfs/slac/g/supercdms/tf/northwestern/AnimalData/AR70/PMTDAQ/cdmsqfday1/raw/SIS3316Raw_20190703121403_49.root,/gpfs/slac/staas/fs1/supercdms/data/CDMS/ANIMAL/R70/Raw/27190703_121403/27190703_121403_49.root
/nfs/slac/g/supercdms/tf/northwestern/AnimalData/AR70/PMTDAQ/cdmsqfday1/raw/SIS3316Raw_20190703161356_54.root,/gpfs/slac/staas/fs1/supercdms/data/CDMS/ANIMAL/R70/Raw/27190703_161356/27190703_161356_54.root
/nfs/slac/g/supercdms/tf/northwestern/AnimalData/AR70/PMTDAQ/cdmsqfday1/raw/SIS3316Raw_20190703121403_81.root,/gpfs/slac/staas/fs1/supercdms/data/CDMS/ANIMAL/R70/Raw/27190703_121403/27190703_121403_81.root
/nfs/slac/g/supercdms/tf/northwestern/AnimalData/AR70/PMTDAQ/cdmsqfday1/raw/SIS3316Raw_20190703133501_13.root,/gpfs/slac/staas/fs1/supercdms/data/CDMS/ANIMAL/R70/Raw/27190703_133501/27190703_133501_13.root
/nfs/slac/g/supercdms/tf/northwestern/AnimalData/AR70/PMTDAQ/cdmsqfday1/raw/SIS3316Raw_20190703181714_41.root,/gpfs/slac/staas/fs1/supercdms/data/CDMS/ANIMAL/R70/Raw/27190703_181714/27190703_181714_41.root
/nfs/slac/g/supercdms/tf/northwestern/AnimalData/AR70/PMTDAQ/cdmsqfday1/raw/SIS3316Raw_20190703150930_25.root,/gpfs/slac/staas/fs1/supercdms/data/CDMS/ANIMAL/R70/Raw/27190703_150930/27190703_150930_25.root
/nfs/slac/g/supercdms/tf/northwestern/AnimalData/AR70/PMTDAQ/cdmsqfday1/raw/SIS3316Raw_20190703150930_19.root,/gpfs/slac/staas/fs1/supercdms/data/CDMS/ANIMAL/R70/Raw/27190703_150930/27190703_150930_19.root
/nfs/slac/g/supercdms/tf/northwestern/AnimalData/AR70/PMTDAQ/cdmsqfday1/raw/SIS3316Raw_20190703133501_14.root,/gpfs/slac/staas/fs1/supercdms/data/CDMS/ANIMAL/R70/Raw/27190703_133501/27190703_133501_14.root
/nfs/slac/g/supercdms/tf/northwestern/AnimalData/AR70/PMTDAQ/cdmsqfday1/raw/SIS3316Raw_20190703171512_68.root,/gpfs/slac/staas/fs1/supercdms/data/CDMS/ANIMAL/R70/Raw/27190703_171512/27190703_171512_68.root
/nfs/slac/g/supercdms/tf/northwestern/AnimalData/AR70/PMTDAQ/cdmsqfday1/raw/SIS3316Raw_20190703191757_69.root,/gpfs/slac/staas/fs1/supercdms/data/CDMS/ANIMAL/R70/Raw/27190703_191757/27190703_191757_69.root
/nfs/slac/g/supercdms/tf/northwestern/AnimalData/AR70/PMTDAQ/cdmsqfday1/raw/SIS3316Raw_20190703181714_61.root,/gpfs/slac/staas/fs1/supercdms/data/CDMS/ANIMAL/R70/Raw/27190703_181714/27190703_181714_61.root
/nfs/slac/g/supercdms/tf/northwestern/AnimalData/AR70/PMTDAQ/cdmsqfday1/raw/SIS3316Raw_20190703161356_21.root,/gpfs/slac/staas/fs1/supercdms/data/CDMS/ANIMAL/R70/Raw/27190703_161356/27190703_161356_21.root
/nfs/slac/g/supercdms/tf/northwestern/AnimalData/AR70/PMTDAQ/cdmsqfday1/raw/SIS3316Raw_20190703121403_23.root,/gpfs/slac/staas/fs1/supercdms/data/CDMS/ANIMAL/R70/Raw/27190703_121403/27190703_121403_23.root
/nfs/slac/g/supercdms/tf/northwestern/AnimalData/AR70/PMTDAQ/cdmsqfday1/raw/SIS3316Raw_20190703161356_69.root,/gpfs/slac/staas/fs1/supercdms/data/CDMS/ANIMAL/R70/Raw/27190703_161356/27190703_161356_69.root
/nfs/slac/g/supercdms/tf/northwestern/AnimalData/AR70/PMTDAQ/cdmsqfday1/raw/SIS3316Raw_20190703121403_38.root,/gpfs/slac/staas/fs1/supercdms/data/CDMS/ANIMAL/R70/Raw/27190703_121403/27190703_121403_38.root
/nfs/slac/g/supercdms/tf/northwestern/AnimalData/AR70/PMTDAQ/cdmsqfday1/raw/SIS3316Raw_20190703181714_50.root,/gpfs/slac/staas/fs1/supercdms/data/CDMS/ANIMAL/R70/Raw/27190703_181714/27190703_181714_50.root
/nfs/slac/g/supercdms/tf/northwestern/AnimalData/AR70/PMTDAQ/cdmsqfday1/raw/SIS3316Raw_20190703171512_71.root,/gpfs/slac/staas/fs1/supercdms/data/CDMS/ANIMAL/R70/Raw/27190703_171512/27190703_171512_71.root
/nfs/slac/g/supercdms/tf/northwestern/AnimalData/AR70/PMTDAQ/cdmsqfday1/raw/SIS3316Raw_20190703161356_44.root,/gpfs/slac/staas/fs1/supercdms/data/CDMS/ANIMAL/R70/Raw/27190703_161356/27190703_161356_44.root
/nfs/slac/g/supercdms/tf/northwestern/AnimalData/AR70/PMTDAQ/cdmsqfday1/raw/SIS3316Raw_20190703181714_79.root,/gpfs/slac/staas/fs1/supercdms/data/CDMS/ANIMAL/R70/Raw/27190703_181714/27190703_181714_79.root
/nfs/slac/g/supercdms/tf/northwestern/AnimalData/AR70/PMTDAQ/cdmsqfday1/raw/SIS3316Raw_20190703133501_29.root,/gpfs/slac/staas/fs1/supercdms/data/CDMS/ANIMAL/R70/Raw/27190703_133501/27190703_133501_29.root
/nfs/slac/g/supercdms/tf/northwestern/AnimalData/AR70/PMTDAQ/cdmsqfday1/raw/SIS3316Raw_20190703145242_5.root,/gpfs/slac/staas/fs1/supercdms/data/CDMS/ANIMAL/R70/Raw/27190703_145242/27190703_145242_5.root
/nfs/slac/g/supercdms/tf/northwestern/AnimalData/AR70/PMTDAQ/cdmsqfday1/raw/SIS3316Raw_20190703133501_6.root,/gpfs/slac/staas/fs1/supercdms/data/CDMS/ANIMAL/R70/Raw/27190703_133501/27190703_133501_6.root
/nfs/slac/g/supercdms/tf/northwestern/AnimalData/AR70/PMTDAQ/cdmsqfday1/raw/SIS3316Raw_20190703191757_62.root,/gpfs/slac/staas/fs1/supercdms/data/CDMS/ANIMAL/R70/Raw/27190703_191757/27190703_191757_62.root
/nfs/slac/g/supercdms/tf/northwestern/AnimalData/AR70/PMTDAQ/cdmsqfday1/raw/SIS3316Raw_20190703121403_78.root,/gpfs/slac/staas/fs1/supercdms/data/CDMS/ANIMAL/R70/Raw/27190703_121403/27190703_121403_78.root
/nfs/slac/g/supercdms/tf/northwestern/AnimalData/AR70/PMTDAQ/cdmsqfday1/raw/SIS3316Raw_20190703161356_82.root,/gpfs/slac/staas/fs1/supercdms/data/CDMS/ANIMAL/R70/Raw/27190703_161356/27190703_161356_82.root
/nfs/slac/g/supercdms/tf/northwestern/AnimalData/AR70/PMTDAQ/cdmsqfday1/raw/SIS3316Raw_20190703171512_57.root,/gpfs/slac/staas/fs1/supercdms/data/CDMS/ANIMAL/R70/Raw/27190703_171512/27190703_171512_57.root
/nfs/slac/g/supercdms/tf/northwestern/AnimalData/AR70/PMTDAQ/cdmsqfday1/raw/SIS3316Raw_20190703121403_25.root,/gpfs/slac/staas/fs1/supercdms/data/CDMS/ANIMAL/R70/Raw/27190703_121403/27190703_121403_25.root
/nfs/slac/g/supercdms/tf/northwestern/AnimalData/AR70/PMTDAQ/cdmsqfday1/raw/SIS3316Raw_20190703161356_72.root,/gpfs/slac/staas/fs1/supercdms/data/CDMS/ANIMAL/R70/Raw/27190703_161356/27190703_161356_72.root
/nfs/slac/g/supercdms/tf/northwestern/AnimalData/AR70/PMTDAQ/cdmsqfday1/raw/SIS3316Raw_20190703150930_44.root,/gpfs/slac/staas/fs1/supercdms/data/CDMS/ANIMAL/R70/Raw/27190703_150930/27190703_150930_44.root
/nfs/slac/g/supercdms/tf/northwestern/AnimalData/AR70/PMTDAQ/cdmsqfday1/raw/SIS3316Raw_20190703161356_61.root,/gpfs/slac/staas/fs1/supercdms/data/CDMS/ANIMAL/R70/Raw/27190703_161356/27190703_161356_61.root
/nfs/slac/g/supercdms/tf/northwestern/AnimalData/AR70/PMTDAQ/cdmsqfday1/raw/SIS3316Raw_20190703150930_64.root,/gpfs/slac/staas/fs1/supercdms/data/CDMS/ANIMAL/R70/Raw/27190703_150930/27190703_150930_64.root
/nfs/slac/g/supercdms/tf/northwestern/AnimalData/AR70/PMTDAQ/cdmsqfday1/raw/SIS3316Raw_20190703161356_51.root,/gpfs/slac/staas/fs1/supercdms/data/CDMS/ANIMAL/R70/Raw/27190703_161356/27190703_161356_51.root
/nfs/slac/g/supercdms/tf/northwestern/AnimalData/AR70/PMTDAQ/cdmsqfday1/raw/SIS3316Raw_20190703191757_80.root,/gpfs/slac/staas/fs1/supercdms/data/CDMS/ANIMAL/R70/Raw/27190703_191757/27190703_191757_80.root
/nfs/slac/g/supercdms/tf/northwestern/AnimalData/AR70/PMTDAQ/cdmsqfday1/raw/SIS3316Raw_20190703201840_19.root,/gpfs/slac/staas/fs1/supercdms/data/CDMS/ANIMAL/R70/Raw/27190703_201840/27190703_201840_19.root
/nfs/slac/g/supercdms/tf/northwestern/AnimalData/AR70/PMTDAQ/cdmsqfday1/raw/SIS3316Raw_20190703121403_73.root,/gpfs/slac/staas/fs1/supercdms/data/CDMS/ANIMAL/R70/Raw/27190703_121403/27190703_121403_73.root
/nfs/slac/g/supercdms/tf/northwestern/AnimalData/AR70/PMTDAQ/cdmsqfday1/raw/SIS3316Raw_20190703171512_9.root,/gpfs/slac/staas/fs1/supercdms/data/CDMS/ANIMAL/R70/Raw/27190703_171512/27190703_171512_9.root
/nfs/slac/g/supercdms/tf/northwestern/AnimalData/AR70/PMTDAQ/cdmsqfday1/raw/SIS3316Raw_20190703133501_22.root,/gpfs/slac/staas/fs1/supercdms/data/CDMS/ANIMAL/R70/Raw/27190703_133501/27190703_133501_22.root
/nfs/slac/g/supercdms/tf/northwestern/AnimalData/AR70/PMTDAQ/cdmsqfday1/raw/SIS3316Raw_20190703161356_68.root,/gpfs/slac/staas/fs1/supercdms/data/CDMS/ANIMAL/R70/Raw/27190703_161356/27190703_161356_68.root
/nfs/slac/g/supercdms/tf/northwestern/AnimalData/AR70/PMTDAQ/cdmsqfday1/raw/SIS3316Raw_20190703171512_37.root,/gpfs/slac/staas/fs1/supercdms/data/CDMS/ANIMAL/R70/Raw/27190703_171512/27190703_171512_37.root
/nfs/slac/g/supercdms/tf/northwestern/AnimalData/AR70/PMTDAQ/cdmsqfday1/raw/SIS3316Raw_20190703150930_54.root,/gpfs/slac/staas/fs1/supercdms/data/CDMS/ANIMAL/R70/Raw/27190703_150930/27190703_150930_54.root
/nfs/slac/g/supercdms/tf/northwestern/AnimalData/AR70/PMTDAQ/cdmsqfday1/raw/SIS3316Raw_20190703121403_72.root,/gpfs/slac/staas/fs1/supercdms/data/CDMS/ANIMAL/R70/Raw/27190703_121403/27190703_121403_72.root
/nfs/slac/g/supercdms/tf/northwestern/AnimalData/AR70/PMTDAQ/cdmsqfday1/raw/SIS3316Raw_20190703201840-conf.root,/gpfs/slac/staas/fs1/supercdms/data/CDMS/ANIMAL/R70/Raw/27190703_201840/27190703_201840-conf.root
/nfs/slac/g/supercdms/tf/northwestern/AnimalData/AR70/PMTDAQ/cdmsqfday1/raw/SIS3316Raw_20190703181714_10.root,/gpfs/slac/staas/fs1/supercdms/data/CDMS/ANIMAL/R70/Raw/27190703_181714/27190703_181714_10.root
/nfs/slac/g/supercdms/tf/northwestern/AnimalData/AR70/PMTDAQ/cdmsqfday1/raw/SIS3316Raw_20190703145242_11.root,/gpfs/slac/staas/fs1/supercdms/data/CDMS/ANIMAL/R70/Raw/27190703_145242/27190703_145242_11.root
/nfs/slac/g/supercdms/tf/northwestern/AnimalData/AR70/PMTDAQ/cdmsqfday1/raw/SIS3316Raw_20190703133501_19.root,/gpfs/slac/staas/fs1/supercdms/data/CDMS/ANIMAL/R70/Raw/27190703_133501/27190703_133501_19.root
/nfs/slac/g/supercdms/tf/northwestern/AnimalData/AR70/PMTDAQ/cdmsqfday1/raw/SIS3316Raw_20190703121403_62.root,/gpfs/slac/staas/fs1/supercdms/data/CDMS/ANIMAL/R70/Raw/27190703_121403/27190703_121403_62.root
/nfs/slac/g/supercdms/tf/northwestern/AnimalData/AR70/PMTDAQ/cdmsqfday1/raw/SIS3316Raw_20190703181714_17.root,/gpfs/slac/staas/fs1/supercdms/data/CDMS/ANIMAL/R70/Raw/27190703_181714/27190703_181714_17.root
/nfs/slac/g/supercdms/tf/northwestern/AnimalData/AR70/PMTDAQ/cdmsqfday1/raw/SIS3316Raw_20190703191757_40.root,/gpfs/slac/staas/fs1/supercdms/data/CDMS/ANIMAL/R70/Raw/27190703_191757/27190703_191757_40.root
/nfs/slac/g/supercdms/tf/northwestern/AnimalData/AR70/PMTDAQ/cdmsqfday1/raw/SIS3316Raw_20190703150930_38.root,/gpfs/slac/staas/fs1/supercdms/data/CDMS/ANIMAL/R70/Raw/27190703_150930/27190703_150930_38.root
/nfs/slac/g/supercdms/tf/northwestern/AnimalData/AR70/PMTDAQ/cdmsqfday1/raw/SIS3316Raw_20190703171512_72.root,/gpfs/slac/staas/fs1/supercdms/data/CDMS/ANIMAL/R70/Raw/27190703_171512/27190703_171512_72.root
/nfs/slac/g/supercdms/tf/northwestern/AnimalData/AR70/PMTDAQ/cdmsqfday1/raw/SIS3316Raw_20190703121403_59.root,/gpfs/slac/staas/fs1/supercdms/data/CDMS/ANIMAL/R70/Raw/27190703_121403/27190703_121403_59.root
/nfs/slac/g/supercdms/tf/northwestern/AnimalData/AR70/PMTDAQ/cdmsqfday1/raw/SIS3316Raw_20190703171512_66.root,/gpfs/slac/staas/fs1/supercdms/data/CDMS/ANIMAL/R70/Raw/27190703_171512/27190703_171512_66.root
/nfs/slac/g/supercdms/tf/northwestern/AnimalData/AR70/PMTDAQ/cdmsqfday1/raw/SIS3316Raw_20190703201840_21.root,/gpfs/slac/staas/fs1/supercdms/data/CDMS/ANIMAL/R70/Raw/27190703_201840/27190703_201840_21.root
/nfs/slac/g/supercdms/tf/northwestern/AnimalData/AR70/PMTDAQ/cdmsqfday1/raw/SIS3316Raw_20190703133501_74.root,/gpfs/slac/staas/fs1/supercdms/data/CDMS/ANIMAL/R70/Raw/27190703_133501/27190703_133501_74.root
/nfs/slac/g/supercdms/tf/northwestern/AnimalData/AR70/PMTDAQ/cdmsqfday1/raw/SIS3316Raw_20190703201840_40.root,/gpfs/slac/staas/fs1/supercdms/data/CDMS/ANIMAL/R70/Raw/27190703_201840/27190703_201840_40.root
/nfs/slac/g/supercdms/tf/northwestern/AnimalData/AR70/PMTDAQ/cdmsqfday1/raw/SIS3316Raw_20190703171512_16.root,/gpfs/slac/staas/fs1/supercdms/data/CDMS/ANIMAL/R70/Raw/27190703_171512/27190703_171512_16.root
/nfs/slac/g/supercdms/tf/northwestern/AnimalData/AR70/PMTDAQ/cdmsqfday1/raw/SIS3316Raw_20190703201840_2.root,/gpfs/slac/staas/fs1/supercdms/data/CDMS/ANIMAL/R70/Raw/27190703_201840/27190703_201840_2.root
/nfs/slac/g/supercdms/tf/northwestern/AnimalData/AR70/PMTDAQ/cdmsqfday1/raw/SIS3316Raw_20190703150930_49.root,/gpfs/slac/staas/fs1/supercdms/data/CDMS/ANIMAL/R70/Raw/27190703_150930/27190703_150930_49.root
/nfs/slac/g/supercdms/tf/northwestern/AnimalData/AR70/PMTDAQ/cdmsqfday1/raw/SIS3316Raw_20190703161356_33.root,/gpfs/slac/staas/fs1/supercdms/data/CDMS/ANIMAL/R70/Raw/27190703_161356/27190703_161356_33.root
/nfs/slac/g/supercdms/tf/northwestern/AnimalData/AR70/PMTDAQ/cdmsqfday1/raw/SIS3316Raw_20190703161356_7.root,/gpfs/slac/staas/fs1/supercdms/data/CDMS/ANIMAL/R70/Raw/27190703_161356/27190703_161356_7.root
/nfs/slac/g/supercdms/tf/northwestern/AnimalData/AR70/PMTDAQ/cdmsqfday1/raw/SIS3316Raw_20190703161356_1.root,/gpfs/slac/staas/fs1/supercdms/data/CDMS/ANIMAL/R70/Raw/27190703_161356/27190703_161356_1.root
/nfs/slac/g/supercdms/tf/northwestern/AnimalData/AR70/PMTDAQ/cdmsqfday1/raw/SIS3316Raw_20190703181714_34.root,/gpfs/slac/staas/fs1/supercdms/data/CDMS/ANIMAL/R70/Raw/27190703_181714/27190703_181714_34.root
/nfs/slac/g/supercdms/tf/northwestern/AnimalData/AR70/PMTDAQ/cdmsqfday1/raw/SIS3316Raw_20190703181714_38.root,/gpfs/slac/staas/fs1/supercdms/data/CDMS/ANIMAL/R70/Raw/27190703_181714/27190703_181714_38.root
/nfs/slac/g/supercdms/tf/northwestern/AnimalData/AR70/PMTDAQ/cdmsqfday1/raw/SIS3316Raw_20190703161356_78.root,/gpfs/slac/staas/fs1/supercdms/data/CDMS/ANIMAL/R70/Raw/27190703_161356/27190703_161356_78.root
/nfs/slac/g/supercdms/tf/northwestern/AnimalData/AR70/PMTDAQ/cdmsqfday1/raw/SIS3316Raw_20190703133501_3.root,/gpfs/slac/staas/fs1/supercdms/data/CDMS/ANIMAL/R70/Raw/27190703_133501/27190703_133501_3.root
/nfs/slac/g/supercdms/tf/northwestern/AnimalData/AR70/PMTDAQ/cdmsqfday1/raw/SIS3316Raw_20190703161356_58.root,/gpfs/slac/staas/fs1/supercdms/data/CDMS/ANIMAL/R70/Raw/27190703_161356/27190703_161356_58.root
/nfs/slac/g/supercdms/tf/northwestern/AnimalData/AR70/PMTDAQ/cdmsqfday1/raw/SIS3316Raw_20190703133501_21.root,/gpfs/slac/staas/fs1/supercdms/data/CDMS/ANIMAL/R70/Raw/27190703_133501/27190703_133501_21.root
/nfs/slac/g/supercdms/tf/northwestern/AnimalData/AR70/PMTDAQ/cdmsqfday1/raw/SIS3316Raw_20190703121403_56.root,/gpfs/slac/staas/fs1/supercdms/data/CDMS/ANIMAL/R70/Raw/27190703_121403/27190703_121403_56.root
/nfs/slac/g/supercdms/tf/northwestern/AnimalData/AR70/PMTDAQ/cdmsqfday1/raw/SIS3316Raw_20190703133501_36.root,/gpfs/slac/staas/fs1/supercdms/data/CDMS/ANIMAL/R70/Raw/27190703_133501/27190703_133501_36.root
/nfs/slac/g/supercdms/tf/northwestern/AnimalData/AR70/PMTDAQ/cdmsqfday1/raw/SIS3316Raw_20190703201840_55.root,/gpfs/slac/staas/fs1/supercdms/data/CDMS/ANIMAL/R70/Raw/27190703_201840/27190703_201840_55.root
/nfs/slac/g/supercdms/tf/northwestern/AnimalData/AR70/PMTDAQ/cdmsqfday1/raw/SIS3316Raw_20190703150930_82.root,/gpfs/slac/staas/fs1/supercdms/data/CDMS/ANIMAL/R70/Raw/27190703_150930/27190703_150930_82.root
/nfs/slac/g/supercdms/tf/northwestern/AnimalData/AR70/PMTDAQ/cdmsqfday1/raw/SIS3316Raw_20190703121403_9.root,/gpfs/slac/staas/fs1/supercdms/data/CDMS/ANIMAL/R70/Raw/27190703_121403/27190703_121403_9.root
/nfs/slac/g/supercdms/tf/northwestern/AnimalData/AR70/PMTDAQ/cdmsqfday1/raw/SIS3316Raw_20190703201840_20.root,/gpfs/slac/staas/fs1/supercdms/data/CDMS/ANIMAL/R70/Raw/27190703_201840/27190703_201840_20.root
/nfs/slac/g/supercdms/tf/northwestern/AnimalData/AR70/PMTDAQ/cdmsqfday1/raw/SIS3316Raw_20190703121403_64.root,/gpfs/slac/staas/fs1/supercdms/data/CDMS/ANIMAL/R70/Raw/27190703_121403/27190703_121403_64.root
/nfs/slac/g/supercdms/tf/northwestern/AnimalData/AR70/PMTDAQ/cdmsqfday1/raw/SIS3316Raw_20190703121403_46.root,/gpfs/slac/staas/fs1/supercdms/data/CDMS/ANIMAL/R70/Raw/27190703_121403/27190703_121403_46.root
/nfs/slac/g/supercdms/tf/northwestern/AnimalData/AR70/PMTDAQ/cdmsqfday1/raw/SIS3316Raw_20190703121403_60.root,/gpfs/slac/staas/fs1/supercdms/data/CDMS/ANIMAL/R70/Raw/27190703_121403/27190703_121403_60.root
/nfs/slac/g/supercdms/tf/northwestern/AnimalData/AR70/PMTDAQ/cdmsqfday1/raw/SIS3316Raw_20190703150930_61.root,/gpfs/slac/staas/fs1/supercdms/data/CDMS/ANIMAL/R70/Raw/27190703_150930/27190703_150930_61.root
/nfs/slac/g/supercdms/tf/northwestern/AnimalData/AR70/PMTDAQ/cdmsqfday1/raw/SIS3316Raw_20190703201840_42.root,/gpfs/slac/staas/fs1/supercdms/data/CDMS/ANIMAL/R70/Raw/27190703_201840/27190703_201840_42.root
/nfs/slac/g/supercdms/tf/northwestern/AnimalData/AR70/PMTDAQ/cdmsqfday1/raw/SIS3316Raw_20190703171512_28.root,/gpfs/slac/staas/fs1/supercdms/data/CDMS/ANIMAL/R70/Raw/27190703_171512/27190703_171512_28.root
/nfs/slac/g/supercdms/tf/northwestern/AnimalData/AR70/PMTDAQ/cdmsqfday1/raw/SIS3316Raw_20190703161356_38.root,/gpfs/slac/staas/fs1/supercdms/data/CDMS/ANIMAL/R70/Raw/27190703_161356/27190703_161356_38.root
/nfs/slac/g/supercdms/tf/northwestern/AnimalData/AR70/PMTDAQ/cdmsqfday1/raw/SIS3316Raw_20190703121403_76.root,/gpfs/slac/staas/fs1/supercdms/data/CDMS/ANIMAL/R70/Raw/27190703_121403/27190703_121403_76.root
/nfs/slac/g/supercdms/tf/northwestern/AnimalData/AR70/PMTDAQ/cdmsqfday1/raw/SIS3316Raw_20190703121403_21.root,/gpfs/slac/staas/fs1/supercdms/data/CDMS/ANIMAL/R70/Raw/27190703_121403/27190703_121403_21.root
/nfs/slac/g/supercdms/tf/northwestern/AnimalData/AR70/PMTDAQ/cdmsqfday1/raw/SIS3316Raw_20190703181714_72.root,/gpfs/slac/staas/fs1/supercdms/data/CDMS/ANIMAL/R70/Raw/27190703_181714/27190703_181714_72.root
/nfs/slac/g/supercdms/tf/northwestern/AnimalData/AR70/PMTDAQ/cdmsqfday1/raw/SIS3316Raw_20190703201840_56.root,/gpfs/slac/staas/fs1/supercdms/data/CDMS/ANIMAL/R70/Raw/27190703_201840/27190703_201840_56.root
/nfs/slac/g/supercdms/tf/northwestern/AnimalData/AR70/PMTDAQ/cdmsqfday1/raw/SIS3316Raw_20190703114544_1.root,/gpfs/slac/staas/fs1/supercdms/data/CDMS/ANIMAL/R70/Raw/27190703_114544/27190703_114544_1.root
/nfs/slac/g/supercdms/tf/northwestern/AnimalData/AR70/PMTDAQ/cdmsqfday1/raw/SIS3316Raw_20190703201840_17.root,/gpfs/slac/staas/fs1/supercdms/data/CDMS/ANIMAL/R70/Raw/27190703_201840/27190703_201840_17.root
/nfs/slac/g/supercdms/tf/northwestern/AnimalData/AR70/PMTDAQ/cdmsqfday1/raw/SIS3316Raw_20190703171512_14.root,/gpfs/slac/staas/fs1/supercdms/data/CDMS/ANIMAL/R70/Raw/27190703_171512/27190703_171512_14.root
/nfs/slac/g/supercdms/tf/northwestern/AnimalData/AR70/PMTDAQ/cdmsqfday1/raw/SIS3316Raw_20190703201840_65.root,/gpfs/slac/staas/fs1/supercdms/data/CDMS/ANIMAL/R70/Raw/27190703_201840/27190703_201840_65.root
/nfs/slac/g/supercdms/tf/northwestern/AnimalData/AR70/PMTDAQ/cdmsqfday1/raw/SIS3316Raw_20190703100630_1.root,/gpfs/slac/staas/fs1/supercdms/data/CDMS/ANIMAL/R70/Raw/27190703_100630/27190703_100630_1.root
/nfs/slac/g/supercdms/tf/northwestern/AnimalData/AR70/PMTDAQ/cdmsqfday1/raw/SIS3316Raw_20190703201840_57.root,/gpfs/slac/staas/fs1/supercdms/data/CDMS/ANIMAL/R70/Raw/27190703_201840/27190703_201840_57.root
/nfs/slac/g/supercdms/tf/northwestern/AnimalData/AR70/PMTDAQ/cdmsqfday1/raw/SIS3316Raw_20190703171512_52.root,/gpfs/slac/staas/fs1/supercdms/data/CDMS/ANIMAL/R70/Raw/27190703_171512/27190703_171512_52.root
/nfs/slac/g/supercdms/tf/northwestern/AnimalData/AR70/PMTDAQ/cdmsqfday1/raw/SIS3316Raw_20190703201840_50.root,/gpfs/slac/staas/fs1/supercdms/data/CDMS/ANIMAL/R70/Raw/27190703_201840/27190703_201840_50.root
/nfs/slac/g/supercdms/tf/northwestern/AnimalData/AR70/PMTDAQ/cdmsqfday1/raw/SIS3316Raw_20190703150930_84.root,/gpfs/slac/staas/fs1/supercdms/data/CDMS/ANIMAL/R70/Raw/27190703_150930/27190703_150930_84.root
/nfs/slac/g/supercdms/tf/northwestern/AnimalData/AR70/PMTDAQ/cdmsqfday1/raw/SIS3316Raw_20190703161356_23.root,/gpfs/slac/staas/fs1/supercdms/data/CDMS/ANIMAL/R70/Raw/27190703_161356/27190703_161356_23.root
/nfs/slac/g/supercdms/tf/northwestern/AnimalData/AR70/PMTDAQ/cdmsqfday1/raw/SIS3316Raw_20190703121403_10.root,/gpfs/slac/staas/fs1/supercdms/data/CDMS/ANIMAL/R70/Raw/27190703_121403/27190703_121403_10.root
/nfs/slac/g/supercdms/tf/northwestern/AnimalData/AR70/PMTDAQ/cdmsqfday1/raw/SIS3316Raw_20190703181714_25.root,/gpfs/slac/staas/fs1/supercdms/data/CDMS/ANIMAL/R70/Raw/27190703_181714/27190703_181714_25.root
/nfs/slac/g/supercdms/tf/northwestern/AnimalData/AR70/PMTDAQ/cdmsqfday1/raw/SIS3316Raw_20190703113100-conf.root,/gpfs/slac/staas/fs1/supercdms/data/CDMS/ANIMAL/R70/Raw/27190703_113100/27190703_113100-conf.root
/nfs/slac/g/supercdms/tf/northwestern/AnimalData/AR70/PMTDAQ/cdmsqfday1/raw/SIS3316Raw_20190703121403_1.root,/gpfs/slac/staas/fs1/supercdms/data/CDMS/ANIMAL/R70/Raw/27190703_121403/27190703_121403_1.root
/nfs/slac/g/supercdms/tf/northwestern/AnimalData/AR70/PMTDAQ/cdmsqfday1/raw/SIS3316Raw_20190703121403_65.root,/gpfs/slac/staas/fs1/supercdms/data/CDMS/ANIMAL/R70/Raw/27190703_121403/27190703_121403_65.root
/nfs/slac/g/supercdms/tf/northwestern/AnimalData/AR70/PMTDAQ/cdmsqfday1/raw/SIS3316Raw_20190703133501_18.root,/gpfs/slac/staas/fs1/supercdms/data/CDMS/ANIMAL/R70/Raw/27190703_133501/27190703_133501_18.root
/nfs/slac/g/supercdms/tf/northwestern/AnimalData/AR70/PMTDAQ/cdmsqfday1/raw/SIS3316Raw_20190703191757_48.root,/gpfs/slac/staas/fs1/supercdms/data/CDMS/ANIMAL/R70/Raw/27190703_191757/27190703_191757_48.root
/nfs/slac/g/supercdms/tf/northwestern/AnimalData/AR70/PMTDAQ/cdmsqfday1/raw/SIS3316Raw_20190703133501_35.root,/gpfs/slac/staas/fs1/supercdms/data/CDMS/ANIMAL/R70/Raw/27190703_133501/27190703_133501_35.root
/nfs/slac/g/supercdms/tf/northwestern/AnimalData/AR70/PMTDAQ/cdmsqfday1/raw/SIS3316Raw_20190703201840_38.root,/gpfs/slac/staas/fs1/supercdms/data/CDMS/ANIMAL/R70/Raw/27190703_201840/27190703_201840_38.root
/nfs/slac/g/supercdms/tf/northwestern/AnimalData/AR70/PMTDAQ/cdmsqfday1/raw/SIS3316Raw_20190703161356_24.root,/gpfs/slac/staas/fs1/supercdms/data/CDMS/ANIMAL/R70/Raw/27190703_161356/27190703_161356_24.root
/nfs/slac/g/supercdms/tf/northwestern/AnimalData/AR70/PMTDAQ/cdmsqfday1/raw/SIS3316Raw_20190703143512-conf.root,/gpfs/slac/staas/fs1/supercdms/data/CDMS/ANIMAL/R70/Raw/27190703_143512/27190703_143512-conf.root
/nfs/slac/g/supercdms/tf/northwestern/AnimalData/AR70/PMTDAQ/cdmsqfday1/raw/SIS3316Raw_20190703181714_56.root,/gpfs/slac/staas/fs1/supercdms/data/CDMS/ANIMAL/R70/Raw/27190703_181714/27190703_181714_56.root
/nfs/slac/g/supercdms/tf/northwestern/AnimalData/AR70/PMTDAQ/cdmsqfday1/raw/SIS3316Raw_20190703171512_18.root,/gpfs/slac/staas/fs1/supercdms/data/CDMS/ANIMAL/R70/Raw/27190703_171512/27190703_171512_18.root
/nfs/slac/g/supercdms/tf/northwestern/AnimalData/AR70/PMTDAQ/cdmsqfday1/raw/SIS3316Raw_20190703191757_1.root,/gpfs/slac/staas/fs1/supercdms/data/CDMS/ANIMAL/R70/Raw/27190703_191757/27190703_191757_1.root
/nfs/slac/g/supercdms/tf/northwestern/AnimalData/AR70/PMTDAQ/cdmsqfday1/raw/SIS3316Raw_20190703181714_47.root,/gpfs/slac/staas/fs1/supercdms/data/CDMS/ANIMAL/R70/Raw/27190703_181714/27190703_181714_47.root
/nfs/slac/g/supercdms/tf/northwestern/AnimalData/AR70/PMTDAQ/cdmsqfday1/raw/SIS3316Raw_20190703150930_8.root,/gpfs/slac/staas/fs1/supercdms/data/CDMS/ANIMAL/R70/Raw/27190703_150930/27190703_150930_8.root
/nfs/slac/g/supercdms/tf/northwestern/AnimalData/AR70/PMTDAQ/cdmsqfday1/raw/SIS3316Raw_20190703150930_41.root,/gpfs/slac/staas/fs1/supercdms/data/CDMS/ANIMAL/R70/Raw/27190703_150930/27190703_150930_41.root
/nfs/slac/g/supercdms/tf/northwestern/AnimalData/AR70/PMTDAQ/cdmsqfday1/raw/SIS3316Raw_20190703171512_41.root,/gpfs/slac/staas/fs1/supercdms/data/CDMS/ANIMAL/R70/Raw/27190703_171512/27190703_171512_41.root
/nfs/slac/g/supercdms/tf/northwestern/AnimalData/AR70/PMTDAQ/cdmsqfday1/raw/SIS3316Raw_20190703150930_34.root,/gpfs/slac/staas/fs1/supercdms/data/CDMS/ANIMAL/R70/Raw/27190703_150930/27190703_150930_34.root
/nfs/slac/g/supercdms/tf/northwestern/AnimalData/AR70/PMTDAQ/cdmsqfday1/raw/SIS3316Raw_20190703133501_41.root,/gpfs/slac/staas/fs1/supercdms/data/CDMS/ANIMAL/R70/Raw/27190703_133501/27190703_133501_41.root
/nfs/slac/g/supercdms/tf/northwestern/AnimalData/AR70/PMTDAQ/cdmsqfday1/raw/SIS3316Raw_20190703181714_52.root,/gpfs/slac/staas/fs1/supercdms/data/CDMS/ANIMAL/R70/Raw/27190703_181714/27190703_181714_52.root
/nfs/slac/g/supercdms/tf/northwestern/AnimalData/AR70/PMTDAQ/cdmsqfday1/raw/SIS3316Raw_20190703171512_17.root,/gpfs/slac/staas/fs1/supercdms/data/CDMS/ANIMAL/R70/Raw/27190703_171512/27190703_171512_17.root
/nfs/slac/g/supercdms/tf/northwestern/AnimalData/AR70/PMTDAQ/cdmsqfday1/raw/SIS3316Raw_20190703150930_40.root,/gpfs/slac/staas/fs1/supercdms/data/CDMS/ANIMAL/R70/Raw/27190703_150930/27190703_150930_40.root
